Carga,DNI,Nombres y Apellidos,Sede,Curso,Sección,Módulo,NRC,Horas,Key 1,Key 2,Periodo,TURNO,SEDE,CICLO,MODALIDAD,HORARIO (DÍAS),HORARIO (HORAS),ÁREA,TIPO,TIPO DE CONTRATO
3340,46082775,ABANTO QUISPE RUTH MAYRA,ATE,CONTABILIDAD,207M,1,254,8,46082775ABA,3340207M1254,AGOSTO,M,ATE,II,PRESENCIAL,(LUNES)(MARTES),(PRE 07:00-10:00)(PRE 07:00-10:00),ASIGNADO,,PPH
3338,72466925,ACEVEDO AVILA LUZ ALICIA,VES,EMPRENDIMIENTO: MODELO DE NEGOCIO,431M,1,2113,10,72466925ACE,3338431M12113,AGOSTO,M,VES,IV,PRESENCIAL,(JUEVES)(SABADO),(PRE 07:00-10:45)(PRE 07:00-10:45),ASIGNADO,,PPH
3340,41927436,ACEVEDO VELEZ VICTOR MANUEL,VIRTUAL,HERRAMIENTAS DIGITALES E INTELIGENCIA ARTIFICIAL,121N,1,1012,6,41927436ACE,3340121N11012,AGOSTO,N,VIRTUAL,I,VIRTUAL,(LUNES)(JUEVES),(VIR 19:00-20:30)(VIR 19:00-22:00),ASIGNADO,,
3340,41927436,ACEVEDO VELEZ VICTOR MANUEL,VIRTUAL,HERRAMIENTAS DIGITALES E INTELIGENCIA ARTIFICIAL,108N,2,992,6,41927436ACE,3340108N2992,AGOSTO,N,VIRTUAL,I,VIRTUAL,(MARTES)(VIERNES),(VIR 19:00-22:00)(VIR 20:30-22:00),ASIGNADO,,
3338,70012927,ACHATA PAREDES PATRICIA PAMELA,VIRTUAL,PRODUCTOS EDITORIALES,428M,1,,8,70012927ACH,3338428M1,AGOSTO,M,VIRTUAL,IV,VIRTUAL,(MIÉRCOLES)(VIERNES),(VIR 07:45-10:45)(VIR 07:45-10:45),ASIGNADO,,
3338,42476692,ACOSTA CANTU KELLY MARILYN,VIRTUAL,INGLÉS APLICADO A PROYECTOS EMPRESARIALES,401M,1,921,6,42476692ACO,3338401M1921,AGOSTO,M,VIRTUAL,IV,VIRTUAL,(LUNES),(VIR 07:00-11:30),ASIGNADO,,PTP
3338,42476692,ACOSTA CANTU KELLY MARILYN,SJL,INGLÉS APLICADO A PROYECTOS EMPRESARIALES,420M,2,1053,12,42476692ACO,3338420M21053,AGOSTO,M,SJL,IV,PRESENCIAL,(LUNES)(JUEVES),(PRE 07:00-11:30)(PRE 07:00-11:30),ASIGNADO,,PTP
3338,42476692,ACOSTA CANTU KELLY MARILYN,VIRTUAL,INGLÉS PARA LA COMUNICACIÓN EN LOS NEGOCIOS,314M,1,851,8,42476692ACO,3338314M1851,AGOSTO,M,VIRTUAL,III,VIRTUAL,(MARTES)(SABADO),(VIR 07:00-10:00)(VIR 07:00-10:00),ASIGNADO,,PTP
3338,42476692,ACOSTA CANTU KELLY MARILYN,VIRTUAL,INGLÉS APLICADO A PROYECTOS EMPRESARIALES,429M,2,2041,6,42476692ACO,3338429M22041,AGOSTO,M,VIRTUAL,IV,VIRTUAL,(MARTES),(VIR 07:00-11:30),ASIGNADO,,PTP
3338,42476692,ACOSTA CANTU KELLY MARILYN,SJL,INGLÉS APLICADO A PROYECTOS EMPRESARIALES,419M,2,1052,12,42476692ACO,3338419M21052,AGOSTO,M,SJL,IV,PRESENCIAL,(MIÉRCOLES)(VIERNES),(PRE 07:00-11:30)(PRE 07:00-11:30),ASIGNADO,,PTP
3339,42476692,ACOSTA CANTU KELLY MARILYN,VIRTUAL,INGLÉS APLICADO A PROYECTOS EMPRESARIALES,402M,1,166,6,42476692ACO,3339402M1166,AGOSTO,M,VIRTUAL,IV,VIRTUAL,(MIÉRCOLES),(VIR 07:00-11:30),ASIGNADO,,PTP
3339,42476692,ACOSTA CANTU KELLY MARILYN,VIRTUAL,INGLÉS APLICADO A PROYECTOS EMPRESARIALES,401M,1,96,6,42476692ACO,3339401M196,AGOSTO,M,VIRTUAL,IV,VIRTUAL,(VIERNES),(VIR 07:00-11:30),ASIGNADO,,PTP
3338,40421691,ACUÑA JAEN DARWIN FOSTER,VIRTUAL,COMPOSICIÓN Y COLOR,126N,1,1998,12,40421691ACU,3338126N11998,AGOSTO,N,VIRTUAL,I,VIRTUAL,(LUNES)(MIÉRCOLES)(SABADO),(VIR 19:00-22:00)(VIR 19:00-22:00)(VIR 19:00-22:00),ASIGNADO,,
3335,45826306,ADRIANZEN VALDEZ JOSE HORACIO,VIRTUAL,CONTROL Y VALORIZACIÓN DE INVENTARIOS,202N,2,34,5,45826306ADR,3335202N234,JUNIO,N,VIRTUAL,II,VIRTUAL,(LUNES),(VIR 19:00-22:45),ASIGNADO,,
3335,45826306,ADRIANZEN VALDEZ JOSE HORACIO,VIRTUAL,DINÁMICA DEL PLAN CONTABLE,104N,2,48,5,45826306ADR,3335104N248,JUNIO,N,VIRTUAL,I,VIRTUAL,(VIERNES),(VIR 19:00-22:45),ASIGNADO,,
3338,45826306,ADRIANZEN VALDEZ JOSE HORACIO,VIRTUAL,CONTABILIDAD,228M,1,318,5,45826306ADR,3338228M1318,AGOSTO,M,VIRTUAL,II,VIRTUAL,(SABADO),(VIR 07:00-10:45),ASIGNADO,,PTP
3338,45826306,ADRIANZEN VALDEZ JOSE HORACIO,VIRTUAL,CONTABILIDAD,220N,2,316,5,45826306ADR,3338220N2316,AGOSTO,N,VIRTUAL,II,VIRTUAL,(LUNES),(VIR 19:00-22:45),ASIGNADO,,
3338,45826306,ADRIANZEN VALDEZ JOSE HORACIO,VIRTUAL,COSTOS Y PRESUPUESTOS,308N,1,869,5,45826306ADR,3338308N1869,AGOSTO,N,VIRTUAL,III,VIRTUAL,(MIÉRCOLES),(VIR 19:00-22:45),ASIGNADO,,
3338,45826306,ADRIANZEN VALDEZ JOSE HORACIO,VIRTUAL,COSTOS Y PRESUPUESTOS,314N,2,870,5,45826306ADR,3338314N2870,AGOSTO,N,VIRTUAL,III,VIRTUAL,(SABADO),(VIR 19:00-22:45),ASIGNADO,,
3339,45826306,ADRIANZEN VALDEZ JOSE HORACIO,VIRTUAL,CONTROL Y VALORIZACIÓN DE INVENTARIOS,203N,2,125,5,45826306ADR,3339203N2125,AGOSTO,N,VIRTUAL,II,VIRTUAL,(MIÉRCOLES),(VIR 19:00-22:45),ASIGNADO,,
3339,45826306,ADRIANZEN VALDEZ JOSE HORACIO,VIRTUAL,GESTIÓN DE COSTOS,302N,2,153,5,45826306ADR,3339302N2153,AGOSTO,N,VIRTUAL,III,VIRTUAL,(VIERNES),(VIR 19:00-22:45),ASIGNADO,,
3338,2434174,AGUILAR CARREON LILIAM ESTHER,AQP,BIG DATA APLICADA A LOS NEGOCIOS,309M,1,785,10,2434174AGU,3338309M1785,AGOSTO,M,AQP,III,PRESENCIAL,(LUNES)(SABADO),(PRE 07:00-10:45)(PRE 07:00-10:45),ASIGNADO,,PTC IN
3338,2434174,AGUILAR CARREON LILIAM ESTHER,VIRTUAL,HERRAMIENTAS DIGITALES E INTELIGENCIA ARTIFICIAL,116M,2,1812,6,2434174AGU,3338116M21812,AGOSTO,M,VIRTUAL,I,VIRTUAL,(LUNES)(JUEVES),(VIR 07:00-08:30)(VIR 07:00-10:00),ASIGNADO,,PTC IN
3338,2434174,AGUILAR CARREON LILIAM ESTHER,AQP,HERRAMIENTAS DIGITALES E INTELIGENCIA ARTIFICIAL,123M,1,1937,12,2434174AGU,3338123M11937,AGOSTO,M,AQP,I,PRESENCIAL,(MARTES)(JUEVES)(VIERNES),(PRE 08:30-12:15)(PRE 10:00-11:30)(PRE 08:30-12:15),ASIGNADO,,
3338,47466557,AGUILAR MIRANDA SHERRY LEYDY,ATE,CONTROL DE DESPACHO,207N,2,617,10,47466557AGU,3338207N2617,AGOSTO,N,ATE,II,PRESENCIAL,(MARTES)(VIERNES),(PRE 18:15-22:45)(PRE 18:15-21:15),ASIGNADO,,
3338,47466557,AGUILAR MIRANDA SHERRY LEYDY,ATE,GESTIÓN ADUANERA,406N,1,1071,10,47466557AGU,3338406N11071,AGOSTO,N,ATE,IV,PRESENCIAL,(LUNES)(JUEVES),(PRE 19:00-22:45)(PRE 19:00-22:45),ASIGNADO,,
3338,47466557,AGUILAR MIRANDA SHERRY LEYDY,ATE,EXPERIENCIA FORMATIVA EN SITUACIÓN REAL DE TRABAJO,207N,2,628,2,47466557AGU,3338207N2628,AGOSTO,N,ATE,II,PRESENCIAL,(VIERNES),(PRE 21:15-22:45),ASIGNADO,,
3338,45643817,AGUILAR SAMARITANO PIERRE ALEXANDER,SJL,DISEÑO DE NEGOCIOS DIGITALES PARA EL SECTOR FINANCIERO,623M,1,1311,8,45643817AGU,3338623M11311,AGOSTO,M,SJL,VI,PRESENCIAL,(LUNES)(JUEVES),(PRE 07:00-09:15)(PRE 07:00-10:45),ASIGNADO,,TCxH
3338,45643817,AGUILAR SAMARITANO PIERRE ALEXANDER,SJL,FUNDAMENTOS DE LA BANCA COMERCIAL,118M,2,1847,10,45643817AGU,3338118M21847,AGOSTO,M,SJL,I,PRESENCIAL,(MARTES)(JUEVES),(PRE 07:00-10:45)(PRE 07:00-10:45),ASIGNADO,,TCxH
3338,45643817,AGUILAR SAMARITANO PIERRE ALEXANDER,SJL,DISEÑO DE NEGOCIOS DIGITALES PARA EL SECTOR FINANCIERO,624M,1,1312,8,45643817AGU,3338624M11312,AGOSTO,M,SJL,VI,PRESENCIAL,(LUNES)(VIERNES),(PRE 09:15-11:30)(PRE 07:00-10:45),ASIGNADO,,TCxH
3338,45643817,AGUILAR SAMARITANO PIERRE ALEXANDER,NOR,DISEÑO DE NEGOCIOS DIGITALES PARA EL SECTOR FINANCIERO,608N,2,1305,8,45643817AGU,3338608N21305,AGOSTO,N,NOR,VI,PRESENCIAL,(LUNES)(MIÉRCOLES),(PRE 20:30-22:45)(PRE 19:00-22:45),ASIGNADO,,
3338,45643817,AGUILAR SAMARITANO PIERRE ALEXANDER,NOR,EXPERIENCIA FORMATIVA EN SITUACIÓN REAL DE TRABAJO,208N,2,528,2,45643817AGU,3338208N2528,AGOSTO,N,NOR,II,PRESENCIAL,(SABADO),(PRE 19:45-21:15),ASIGNADO,,
3338,45643817,AGUILAR SAMARITANO PIERRE ALEXANDER,NOR,EXPERIENCIA FORMATIVA EN SITUACIÓN REAL DE TRABAJO,209N,2,529,2,45643817AGU,3338209N2529,AGOSTO,N,NOR,II,PRESENCIAL,(SABADO),(PRE 21:15-22:45),ASIGNADO,,
3338,7478295,AGUIRRE MORALES PEDRO JIMMY,SJL,EMPRENDIMIENTO: MODELO DE NEGOCIO,411N,1,1033,10,7478295AGU,3338411N11033,AGOSTO,N,SJL,IV,PRESENCIAL,(JUEVES)(SABADO),(PRE 19:00-22:45)(PRE 19:00-22:45),ASIGNADO,,
3340,7478295,AGUIRRE MORALES PEDRO JIMMY,VIRTUAL,CREATIVIDAD E INNOVACIÓN,308M,1,833,5,7478295AGU,3340308M1833,AGOSTO,M,VIRTUAL,III,VIRTUAL,(JUEVES),(VIR 07:00-10:45),ASIGNADO,,PTP
3338,46772183,AGUIRRE QUINTANA MAGALY EVELYN,VIRTUAL,CONTROL INTERNO,511N,1,1279,5,46772183AGU,3338511N11279,AGOSTO,N,VIRTUAL,V,VIRTUAL,(LUNES)(MIÉRCOLES),(VIR 19:00-21:15)(VIR 19:00-20:30),ASIGNADO,,
3338,46772183,AGUIRRE QUINTANA MAGALY EVELYN,VIRTUAL,CONTROL Y VALORIZACIÓN DE INVENTARIOS,217N,2,673,4,46772183AGU,3338217N2673,AGOSTO,N,VIRTUAL,II,VIRTUAL,(JUEVES),(VIR 19:00-22:00),ASIGNADO,,
3338,70030021,AIQUIPA MORENO ERICK CHRISTIAN,SJL,GESTIÓN DE EQUIPOS,512M,1,1180,8,70030021AIQ,3338512M11180,AGOSTO,M,SJL,V,PRESENCIAL,(MARTES)(VIERNES),(PRE 07:00-10:00)(PRE 07:00-10:00),ASIGNADO,,PPH
3340,70030021,AIQUIPA MORENO ERICK CHRISTIAN,SJL,PERSONAL BRANDING,604N,1,641,6,70030021AIQ,3340604N1641,AGOSTO,N,SJL,VI,PRESENCIAL,(MARTES)(VIERNES),(PRE 19:00-21:15)(PRE 19:00-21:15),ASIGNADO,,
3338,44243693,ALARCÓN ANDREU GUSTAVO ALEXIS,PRC,EMPRENDIMIENTO: PROYECTO INTEGRADOR,601M,1,1351,12,44243693ALA,3338601M11351,AGOSTO,M,PRC,VI,PRESENCIAL,(LUNES)(JUEVES),(PRE 07:00-11:30)(PRE 07:00-11:30),ASIGNADO,,PTP
3338,44243693,ALARCÓN ANDREU GUSTAVO ALEXIS,PRC,EMPRENDIMIENTO: MODELO DE NEGOCIO,403N,2,1027,10,44243693ALA,3338403N21027,AGOSTO,N,PRC,IV,PRESENCIAL,(LUNES)(VIERNES),(PRE 19:00-22:45)(PRE 19:00-22:45),ASIGNADO,,
3338,70218828,ALARCON BERROCAL TOMAS,SJL,CONTABILIDAD SUPERIOR,226M,2,592,10,70218828ALA,3338226M2592,AGOSTO,M,SJL,II,PRESENCIAL,(LUNES)(VIERNES),(PRE 07:00-10:45)(PRE 07:00-10:45),ASIGNADO,,PTP
3338,70218828,ALARCON BERROCAL TOMAS,SJL,GESTIÓN Y PLANEAMIENTO TRIBUTARIO,424M,1,1003,10,70218828ALA,3338424M11003,AGOSTO,M,SJL,IV,PRESENCIAL,(MARTES)(JUEVES),(PRE 07:00-10:45)(PRE 07:00-10:45),ASIGNADO,,PTP
3338,70218828,ALARCON BERROCAL TOMAS,SJL,CONTABILIDAD,224M,1,522,10,70218828ALA,3338224M1522,AGOSTO,M,SJL,II,PRESENCIAL,(MIÉRCOLES)(SABADO),(PRE 07:00-10:45)(PRE 07:00-10:45),ASIGNADO,,PTP
3338,70218828,ALARCON BERROCAL TOMAS,SJL,FORMULACIÓN DE ESTADOS FINANCIEROS,511N,2,1255,10,70218828ALA,3338511N21255,AGOSTO,N,SJL,V,PRESENCIAL,(LUNES)(SABADO),(PRE 19:00-22:45)(PRE 19:00-22:45),ASIGNADO,,
3338,70218828,ALARCON BERROCAL TOMAS,VIRTUAL,CONTABILIDAD TRIBUTARIA Y LABORAL,311N,1,845,5,70218828ALA,3338311N1845,AGOSTO,N,VIRTUAL,III,VIRTUAL,(VIERNES),(VIR 19:00-22:45),ASIGNADO,,
3338,70218828,ALARCON BERROCAL TOMAS,VIRTUAL,COSTOS Y PRESUPUESTOS,319N,1,872,5,70218828ALA,3338319N1872,AGOSTO,N,VIRTUAL,III,VIRTUAL,(SABADO),(VIR 19:00-22:45),ASIGNADO,,
3339,70218828,ALARCON BERROCAL TOMAS,VIRTUAL,CONTABILIDAD SUPERIOR,202M,2,133,5,70218828ALA,3339202M2133,AGOSTO,M,VIRTUAL,II,VIRTUAL,(MIÉRCOLES),(VIR 07:00-10:45),ASIGNADO,,PTP
3340,70218828,ALARCON BERROCAL TOMAS,VIRTUAL,COSTOS Y PRESUPUESTOS,307M,2,493,5,70218828ALA,3340307M2493,AGOSTO,M,VIRTUAL,III,VIRTUAL,(MARTES),(VIR 07:00-10:45),ASIGNADO,,PTP
3340,46508985,ALARCON CHUMPITAZ ANTONY,PRC,EXPERIENCIAS FORMATIVAS EN SITUACIONES REALES DE TRABAJO,601M,2,429,2,46508985ALA,3340601M2429,AGOSTO,M,PRC,VI,PRESENCIAL,(SABADO),(PRE 08:30-10:00),ASIGNADO,,
3340,46508985,ALARCON CHUMPITAZ ANTONY,VES,PROCESOS EMPRESARIALES,216N,1,1073,10,46508985ALA,3340216N11073,AGOSTO,N,VES,II,PRESENCIAL,(LUNES)(JUEVES),(PRE 19:00-22:45)(PRE 19:00-22:45),ASIGNADO,,
3340,46508985,ALARCON CHUMPITAZ ANTONY,VES,EXPERIENCIAS FORMATIVAS EN SITUACIONES REALES DE TRABAJO,408N,2,1092,2,46508985ALA,3340408N21092,AGOSTO,N,VES,IV,PRESENCIAL,(JUEVES),(PRE 19:45-21:15),ASIGNADO,,
3340,46508985,ALARCON CHUMPITAZ ANTONY,VES,EXPERIENCIAS FORMATIVAS EN SITUACIONES REALES DE TRABAJO,216N,2,1075,2,46508985ALA,3340216N21075,AGOSTO,N,VES,II,PRESENCIAL,(JUEVES),(PRE 21:15-22:45),ASIGNADO,,
3341,46508985,ALARCON CHUMPITAZ ANTONY,VIRTUAL,GESTIÓN DE PROCESOS DE MEJORA CONTINUA,402N,1,68,5,46508985ALA,3341402N168,AGOSTO,N,VIRTUAL,IV,VIRTUAL,(MIÉRCOLES),(VIR 19:00-22:45),ASIGNADO,,
3341,46508985,ALARCON CHUMPITAZ ANTONY,VIRTUAL,EXPERIENCIAS FORMATIVAS EN SITUACIONES REALES DE TRABAJO,401N,2,28,2,46508985ALA,3341401N228,AGOSTO,N,VIRTUAL,IV,VIRTUAL,(VIERNES),(VIR 19:00-20:30),ASIGNADO,,
3341,46508985,ALARCON CHUMPITAZ ANTONY,VIRTUAL,EXPERIENCIAS FORMATIVAS EN SITUACIONES REALES DE TRABAJO,204N,2,114,2,46508985ALA,3341204N2114,AGOSTO,N,VIRTUAL,II,VIRTUAL,(VIERNES),(VIR 20:30-22:00),ASIGNADO,,
3338,47303654,ALARCON MILIAN JHOSELYN GABRIELA,NOR,INGLÉS PARA LA COMUNICACIÓN EN LOS NEGOCIOS,307N,1,776,12,47303654ALA,3338307N1776,AGOSTO,N,NOR,III,PRESENCIAL,(LUNES)(VIERNES),(PRE 18:15-22:45)(PRE 18:15-22:45),ASIGNADO,,
3338,47303654,ALARCON MILIAN JHOSELYN GABRIELA,NOR,INGLÉS APLICADO A PROYECTOS EMPRESARIALES,410N,2,1046,12,47303654ALA,3338410N21046,AGOSTO,N,NOR,IV,PRESENCIAL,(MARTES)(JUEVES),(PRE 18:15-22:45)(PRE 18:15-22:45),ASIGNADO,,
3338,47303654,ALARCON MILIAN JHOSELYN GABRIELA,VIRTUAL,INGLÉS APLICADO A PROYECTOS EMPRESARIALES,412N,1,928,6,47303654ALA,3338412N1928,AGOSTO,N,VIRTUAL,IV,VIRTUAL,(MIÉRCOLES),(VIR 18:15-22:45),ASIGNADO,,
3338,47303654,ALARCON MILIAN JHOSELYN GABRIELA,VIRTUAL,INGLÉS PARA LA COMUNICACIÓN EN LOS NEGOCIOS,302N,2,847,8,47303654ALA,3338302N2847,AGOSTO,N,VIRTUAL,III,VIRTUAL,(LUNES)(MIÉRCOLES),(VIR 19:00-22:00)(VIR 19:00-22:00),ASIGNADO,,
3338,41408785,ALCALA FLORES REY ADEMAR,PRC,BIG DATA APLICADA A LOS NEGOCIOS,302M,1,780,10,41408785ALC,3338302M1780,AGOSTO,M,PRC,III,PRESENCIAL,(LUNES)(JUEVES),(PRE 07:00-10:45)(PRE 07:00-10:45),ASIGNADO,,PTC
3338,41408785,ALCALA FLORES REY ADEMAR,VIRTUAL,LIDERAZGO COLABORATIVO PARA LA SOLUCIÓN DE PROBLEMAS,625M,2,1556,3,41408785ALC,3338625M21556,AGOSTO,M,VIRTUAL,VI,VIRTUAL,(MARTES),(VIR 07:00-09:15),ASIGNADO,,PTC
3338,41408785,ALCALA FLORES REY ADEMAR,SJL,LIDERAZGO COLABORATIVO PARA LA SOLUCIÓN DE PROBLEMAS,626M,1,1635,6,41408785ALC,3338626M11635,AGOSTO,M,SJL,VI,PRESENCIAL,(MARTES)(VIERNES),(PRE 08:30-10:45)(PRE 08:30-10:45),ASIGNADO,,
3338,41408785,ALCALA FLORES REY ADEMAR,VES,LIDERAZGO COLABORATIVO PARA LA SOLUCIÓN DE PROBLEMAS,616D,1,2155,6,41408785ALC,3338616D12155,AGOSTO,D,VES,VI,PRESENCIAL,(MIÉRCOLES)(SABADO),(PRE 12:15-14:30)(PRE 12:15-14:30),ASIGNADO,,
3338,41408785,ALCALA FLORES REY ADEMAR,VIRTUAL,INVESTIGACIÓN DE MERCADO PARA LA GESTIÓN COMERCIAL,317N,2,443,8,41408785ALC,3338317N2443,AGOSTO,N,VIRTUAL,III,VIRTUAL,(MARTES)(JUEVES)(SABADO),(VIR 19:00-21:15)(VIR 19:00-21:15)(VIR 19:00-20:30),ASIGNADO,,
3338,41408785,ALCALA FLORES REY ADEMAR,VIRTUAL,HERRAMIENTAS DIGITALES PARA LOS NEGOCIOS,217N,1,680,5,41408785ALC,3338217N1680,AGOSTO,N,VIRTUAL,II,VIRTUAL,(MIÉRCOLES),(VIR 19:00-22:45),ASIGNADO,,
3338,41408785,ALCALA FLORES REY ADEMAR,VIRTUAL,LIDERAZGO COLABORATIVO PARA LA SOLUCIÓN DE PROBLEMAS,609N,2,1551,3,41408785ALC,3338609N21551,AGOSTO,N,VIRTUAL,VI,VIRTUAL,(MIÉRCOLES),(VIR 19:00-21:15),ASIGNADO,,
3339,41408785,ALCALA FLORES REY ADEMAR,VIRTUAL,LIDERAZGO COLABORATIVO PARA LA SOLUCIÓN DE PROBLEMAS,601N,1,123,3,41408785ALC,3339601N1123,AGOSTO,N,VIRTUAL,VI,VIRTUAL,(LUNES),(VIR 20:30-22:45),ASIGNADO,,
3339,41408785,ALCALA FLORES REY ADEMAR,VIRTUAL,LIDERAZGO COLABORATIVO PARA LA SOLUCIÓN DE PROBLEMAS,602N,2,180,3,41408785ALC,3339602N2180,AGOSTO,N,VIRTUAL,VI,VIRTUAL,(VIERNES),(VIR 20:30-22:45),ASIGNADO,,
3338,8703404,ALCANTARA OYOLA ROBERTO FERNANDO,NOR,SISTEMAS CONTABLES INTEGRADOS,411M,1,1009,10,8703404ALC,3338411M11009,AGOSTO,M,NOR,IV,PRESENCIAL,(LUNES)(JUEVES),(PRE 07:00-10:45)(PRE 07:00-10:45),ASIGNADO,,PTP
3338,8703404,ALCANTARA OYOLA ROBERTO FERNANDO,NOR,SISTEMAS DE PROCESOS CONTABLES,306M,1,838,10,8703404ALC,3338306M1838,AGOSTO,M,NOR,III,PRESENCIAL,(MARTES)(VIERNES),(PRE 07:00-10:45)(PRE 07:00-10:45),ASIGNADO,,PTP
3338,8703404,ALCANTARA OYOLA ROBERTO FERNANDO,NOR,FORMULACIÓN DE ESTADOS FINANCIEROS,507M,2,1252,10,8703404ALC,3338507M21252,AGOSTO,M,NOR,V,PRESENCIAL,(JUEVES)(SABADO),(PRE 07:00-10:45)(PRE 07:00-10:45),ASIGNADO,,PTP
3338,8703404,ALCANTARA OYOLA ROBERTO FERNANDO,NOR,GESTIÓN Y PLANEAMIENTO TRIBUTARIO,408N,2,999,10,8703404ALC,3338408N2999,AGOSTO,N,NOR,IV,PRESENCIAL,(MIÉRCOLES)(SABADO),(PRE 19:00-22:45)(PRE 19:00-22:45),ASIGNADO,,
3338,42949918,ALIPIO SACCATOMA HENYC DOMINGO,PRC,COMPOSICIÓN Y COLOR,105N,2,1950,12,42949918ALI,3338105N21950,AGOSTO,N,PRC,I,PRESENCIAL,(MARTES)(JUEVES)(SABADO),(PRE 19:45-22:45)(PRE 19:45-22:45)(PRE 19:45-22:45),ASIGNADO,,
3338,6796487,ALVARADO LOLI RONNY FERNANDO,NOR,PLANEAMIENTO ESTRATÉGICO,506M,1,1171,12,6796487ALV,3338506M11171,AGOSTO,M,NOR,V,PRESENCIAL,(LUNES)(MIÉRCOLES),(PRE 07:00-11:30)(PRE 07:00-11:30),ASIGNADO,,PTC IN
3338,6796487,ALVARADO LOLI RONNY FERNANDO,NOR,ADMINISTRACIÓN DE NEGOCIOS,126M,2,1901,10,6796487ALV,3338126M21901,AGOSTO,M,NOR,I,PRESENCIAL,(LUNES)(SABADO),(PRE 07:00-10:45)(PRE 07:00-10:45),ASIGNADO,,PTC IN
3338,6796487,ALVARADO LOLI RONNY FERNANDO,NOR,INNOVACIÓN Y DISEÑO CX,410M,1,979,8,6796487ALV,3338410M1979,AGOSTO,M,NOR,IV,PRESENCIAL,(MARTES)(VIERNES),(PRE 07:00-10:00)(PRE 07:00-10:00),ASIGNADO,,PTC IN
3338,6796487,ALVARADO LOLI RONNY FERNANDO,NOR,ADMINISTRACIÓN DE NEGOCIOS,114N,1,1895,10,6796487ALV,3338114N11895,AGOSTO,N,NOR,I,PRESENCIAL,(LUNES)(JUEVES),(PRE 19:00-22:45)(PRE 19:00-22:45),ASIGNADO,,
3338,10138131,ALVAREZ LANATTA JOSE DAVID,NOR,EMPRENDIMIENTO: CREATIVIDAD E INNOVACIÓN,305M,1,756,10,10138131ALV,3338305M1756,AGOSTO,M,NOR,III,PRESENCIAL,(LUNES)(JUEVES),(PRE 07:00-10:45)(PRE 07:00-10:45),ASIGNADO,,PTC
3338,10138131,ALVAREZ LANATTA JOSE DAVID,NOR,EMPRENDIMIENTO: CREATIVIDAD E INNOVACIÓN,306M,2,765,10,10138131ALV,3338306M2765,AGOSTO,M,NOR,III,PRESENCIAL,(LUNES)(MIÉRCOLES),(PRE 07:00-10:45)(PRE 07:00-10:45),ASIGNADO,,PTC
3338,10138131,ALVAREZ LANATTA JOSE DAVID,VIRTUAL,EMPRENDIMIENTO: CREATIVIDAD E INNOVACIÓN,316M,1,333,8,10138131ALV,3338316M1333,AGOSTO,M,VIRTUAL,III,VIRTUAL,(MARTES)(SABADO),(VIR 07:00-10:00)(VIR 07:00-10:00),ASIGNADO,,PTC
3338,10138131,ALVAREZ LANATTA JOSE DAVID,NOR,EMPRENDIMIENTO: PLAN DE DESARROLLO DEL NEGOCIO,507M,2,1154,5,10138131ALV,3338507M21154,AGOSTO,M,NOR,V,PRESENCIAL,(MARTES),(PRE 07:00-10:45),ASIGNADO,,PTC
3338,10138131,ALVAREZ LANATTA JOSE DAVID,NOR,EMPRENDIMIENTO: PROYECTO INTEGRADOR,613M,1,1426,11,10138131ALV,3338613M11426,AGOSTO,M,NOR,VI,PRESENCIAL,(MIÉRCOLES)(VIERNES),(PRE 07:00-11:30)(PRE 07:00-10:45),ASIGNADO,,PTC
3338,10138131,ALVAREZ LANATTA JOSE DAVID,NOR,EMPRENDIMIENTO: PLAN DE DESARROLLO DEL NEGOCIO,507M,2,,5,10138131ALV,3338507M2,AGOSTO,M,NOR,V,PRESENCIAL,(VIERNES),(PRE 07:00-10:45),ASIGNADO,,PTC
3338,10138131,ALVAREZ LANATTA JOSE DAVID,NOR,EMPRENDIMIENTO: PROYECTO INTEGRADOR,613M,1,,1,10138131ALV,3338613M1,AGOSTO,M,NOR,VI,PRESENCIAL,(VIERNES),(PRE 10:45-11:30),ASIGNADO,,
3339,10138131,ALVAREZ LANATTA JOSE DAVID,VIRTUAL,EMPRENDIMIENTO: MODELO DE NEGOCIO,401N,2,101,6,10138131ALV,3339401N2101,AGOSTO,N,VIRTUAL,IV,VIRTUAL,(MIÉRCOLES),(VIR 18:15-22:45),ASIGNADO,,
3338,42242589,ALVAY CASTILLO EUGENIO MANUEL,PRC,FINANZAS INTERNACIONALES,604M,2,1471,10,42242589ALV,3338604M21471,AGOSTO,M,PRC,VI,PRESENCIAL,(MIÉRCOLES)(VIERNES),(PRE 07:00-10:45)(PRE 07:00-10:45),ASIGNADO,,PPH
3338,41791524,ALZAMORA GIRON ADA MILAGROS,NOR,SUPPLY CHAIN MANAGEMENT,413M,2,1089,10,41791524ALZ,3338413M21089,AGOSTO,M,NOR,IV,PRESENCIAL,(LUNES)(SABADO),(PRE 07:00-10:45)(PRE 07:00-10:45),ASIGNADO,,PPH
3338,41791524,ALZAMORA GIRON ADA MILAGROS,NOR,"COTIZACIONES, PRECIOS Y COSTOS DE SERVICIOS LOGÍSTICOS",413M,1,1022,10,41791524ALZ,3338413M11022,AGOSTO,M,NOR,IV,PRESENCIAL,(MIÉRCOLES)(SABADO),(PRE 07:00-10:45)(PRE 07:00-10:45),ASIGNADO,,PPH
3338,41791524,ALZAMORA GIRON ADA MILAGROS,NOR,OPERATIVIDAD ADUANERA,214M,2,654,10,41791524ALZ,3338214M2654,AGOSTO,M,NOR,II,PRESENCIAL,(MIÉRCOLES)(VIERNES),(PRE 07:00-10:45)(PRE 07:00-10:45),ASIGNADO,,PPH
3340,77376175,ALZAMORA SEMINARIO ABEL ALFREDO,ATE,PROCESOS EMPRESARIALES,208M,1,273,10,77376175ALZ,3340208M1273,AGOSTO,M,ATE,II,PRESENCIAL,(LUNES)(SABADO),(PRE 07:00-10:45)(PRE 07:00-10:45),ASIGNADO,,PPH
3340,77376175,ALZAMORA SEMINARIO ABEL ALFREDO,SJL,GESTIÓN DE PROCESOS DE MEJORA CONTINUA,410M,1,362,10,77376175ALZ,3340410M1362,AGOSTO,M,SJL,IV,PRESENCIAL,(MARTES)(JUEVES),(PRE 07:00-10:45)(PRE 07:00-10:45),ASIGNADO,,PPH
3340,77376175,ALZAMORA SEMINARIO ABEL ALFREDO,NOR,EXPERIENCIAS FORMATIVAS EN SITUACIONES REALES DE TRABAJO,210M,2,292,2,77376175ALZ,3340210M2292,AGOSTO,M,NOR,II,PRESENCIAL,(JUEVES),(PRE 07:00-08:30),ASIGNADO,,PPH
3340,77376175,ALZAMORA SEMINARIO ABEL ALFREDO,PRC,EXPERIENCIAS FORMATIVAS EN SITUACIONES REALES DE TRABAJO,401M,2,365,2,77376175ALZ,3340401M2365,AGOSTO,M,PRC,IV,PRESENCIAL,(VIERNES),(PRE 07:00-08:30),ASIGNADO,,PPH
3340,77376175,ALZAMORA SEMINARIO ABEL ALFREDO,NOR,EXPERIENCIAS FORMATIVAS EN SITUACIONES REALES DE TRABAJO,406M,2,374,2,77376175ALZ,3340406M2374,AGOSTO,M,NOR,IV,PRESENCIAL,(MARTES),(PRE 08:30-10:00),ASIGNADO,,
3340,77376175,ALZAMORA SEMINARIO ABEL ALFREDO,NOR,EXPERIENCIAS FORMATIVAS EN SITUACIONES REALES DE TRABAJO,209M,2,291,2,77376175ALZ,3340209M2291,AGOSTO,M,NOR,II,PRESENCIAL,(JUEVES),(PRE 08:30-10:00),ASIGNADO,,
3340,77376175,ALZAMORA SEMINARIO ABEL ALFREDO,PRC,EXPERIENCIAS FORMATIVAS EN SITUACIONES REALES DE TRABAJO,402M,2,368,2,77376175ALZ,3340402M2368,AGOSTO,M,PRC,IV,PRESENCIAL,(VIERNES),(PRE 08:30-10:00),ASIGNADO,,
3338,25803294,AMANCA CCASA EDDY RAFAEL,NOR,GESTIÓN DE COSTOS,306M,2,832,8,25803294AMA,3338306M2832,AGOSTO,M,NOR,III,PRESENCIAL,(MARTES)(SABADO),(PRE 07:00-10:45)(PRE 08:30-10:45),ASIGNADO,,PPH
3338,25803294,AMANCA CCASA EDDY RAFAEL,NOR,CONTABILIDAD,216M,1,694,8,25803294AMA,3338216M1694,AGOSTO,M,NOR,II,PRESENCIAL,(MIÉRCOLES)(SABADO),(PRE 07:00-10:00)(PRE 07:00-10:00),ASIGNADO,,PPH
3338,43275309,AMARILLO GUADALUPE IVAN JOB,ATE,"COTIZACIONES, PRECIOS Y COSTOS DE SERVICIOS LOGÍSTICOS",408M,1,1018,10,43275309AMA,3338408M11018,AGOSTO,M,ATE,IV,PRESENCIAL,(MARTES)(JUEVES),(PRE 07:00-10:45)(PRE 07:00-10:45),ASIGNADO,,PPH
3338,43275309,AMARILLO GUADALUPE IVAN JOB,ATE,ESTRATEGIAS DE COMERCIO INTERNACIONAL,610M,2,1439,8,43275309AMA,3338610M21439,AGOSTO,M,ATE,VI,PRESENCIAL,(MARTES)(JUEVES),(PRE 07:00-10:00)(PRE 07:00-10:00),ASIGNADO,,PPH
3338,43275309,AMARILLO GUADALUPE IVAN JOB,ATE,OPERATIVIDAD ADUANERA,207N,2,650,10,43275309AMA,3338207N2650,AGOSTO,N,ATE,II,PRESENCIAL,(LUNES)(MIÉRCOLES),(PRE 19:00-22:45)(PRE 19:00-22:45),ASIGNADO,,
3338,43275309,AMARILLO GUADALUPE IVAN JOB,ATE,"COTIZACIONES, PRECIOS Y COSTOS DE SERVICIOS LOGÍSTICOS",406N,1,1017,10,43275309AMA,3338406N11017,AGOSTO,N,ATE,IV,PRESENCIAL,(MARTES)(VIERNES),(PRE 19:00-22:45)(PRE 19:00-22:45),ASIGNADO,,
3341,43721751,AMORETTI LUIS JESUS ANGEL,VIRTUAL,ANÁLISIS DE LA INFORMACIÓN FINANCIERA,301N,1,120,6,43721751AMO,3341301N1120,AGOSTO,N,VIRTUAL,III,VIRTUAL,(MIÉRCOLES)(VIERNES),(VIR 19:00-21:15)(VIR 19:00-21:15),ASIGNADO,,
3338,44563216,ANCO CARRANZA JOHNNY ABELARDO,VIRTUAL,HERRAMIENTAS DIGITALES E INTELIGENCIA ARTIFICIAL,110N,1,1805,6,44563216ANC,3338110N11805,AGOSTO,N,VIRTUAL,I,VIRTUAL,(LUNES)(MIÉRCOLES),(VIR 19:00-22:00)(VIR 20:30-22:00),ASIGNADO,,
3336,72675829,ANCORI SANCHEZ JEANPIER BRANDOL,VIRTUAL,"INFRAESTRUCTURAS, PLATAFORMAS Y SERVICIOS DE TECNOLOGÍAS DE LA INFORMACIÓN",206N,2,63,5,72675829ANC,3336206N263,JUNIO,N,VIRTUAL,II,VIRTUAL,(VIERNES),(VIR 19:00-22:45),ASIGNADO,,
3340,72675829,ANCORI SANCHEZ JEANPIER BRANDOL,AQP,IMPLEMENTACIÓN DE SOLUCIONES INNOVADORAS,616M,1,427,12,72675829ANC,3340616M1427,AGOSTO,M,AQP,VI,PRESENCIAL,(MARTES)(VIERNES),(PRE 07:00-11:30)(PRE 07:00-11:30),ASIGNADO,,PPH
3338,43609547,ANDERSON CARNERO ALFREDO,VIRTUAL,EDICIÓN DIGITAL,230M,1,412,8,43609547AND,3338230M1412,AGOSTO,M,VIRTUAL,II,VIRTUAL,(MARTES)(JUEVES),(VIR 07:45-10:45)(VIR 07:45-10:45),ASIGNADO,,
3338,43609547,ANDERSON CARNERO ALFREDO,VIRTUAL,TÉCNICAS DIGITALES,316N,2,861,10,43609547AND,3338316N2861,AGOSTO,N,VIRTUAL,III,VIRTUAL,(MARTES)(JUEVES)(SABADO),(VIR 19:00-22:00)(VIR 19:00-21:15)(VIR 19:00-21:15),ASIGNADO,,
3340,6723843,ANDRADE SOTO VICTOR GUILLERMO,VIRTUAL,HERRAMIENTAS DIGITALES E INTELIGENCIA ARTIFICIAL,109M,1,993,6,6723843AND,3340109M1993,AGOSTO,M,VIRTUAL,I,VIRTUAL,(LUNES)(MIÉRCOLES),(VIR 08:30-10:00)(VIR 07:00-10:00),ASIGNADO,,PPH
3338,41078828,ANGULO GUTIERREZ MARÍA INÉS,VIRTUAL,PORTAFOLIO DE PRODUCTOS Y SERVICIOS FINANCIEROS,421M,1,883,4,41078828ANG,3338421M1883,AGOSTO,M,VIRTUAL,IV,VIRTUAL,(LUNES),(VIR 07:00-10:00),ASIGNADO,,PTD
3338,41078828,ANGULO GUTIERREZ MARÍA INÉS,VIRTUAL,ADMINISTRACIÓN DE NEGOCIOS,109M,2,1697,5,41078828ANG,3338109M21697,AGOSTO,M,VIRTUAL,I,VIRTUAL,(LUNES),(VIR 07:00-10:45),ASIGNADO,,PTD
3338,41078828,ANGULO GUTIERREZ MARÍA INÉS,VIRTUAL,CONTROL INTERNO Y AUDITORÍA DE OPERACIONES,513M,1,1207,5,41078828ANG,3338513M11207,AGOSTO,M,VIRTUAL,V,VIRTUAL,(MARTES),(VIR 07:00-10:45),ASIGNADO,,PTD
3338,41078828,ANGULO GUTIERREZ MARÍA INÉS,VIRTUAL,ADMINISTRACIÓN DE NEGOCIOS,119M,2,1711,5,41078828ANG,3338119M21711,AGOSTO,M,VIRTUAL,I,VIRTUAL,(MARTES),(VIR 07:00-10:45),ASIGNADO,,PTD
3338,41078828,ANGULO GUTIERREZ MARÍA INÉS,VIRTUAL,NEGOCIACIÓN COMERCIAL,305M,1,805,5,41078828ANG,3338305M1805,AGOSTO,M,VIRTUAL,III,VIRTUAL,(MIÉRCOLES),(VIR 07:00-10:45),ASIGNADO,,PTD
3338,41078828,ANGULO GUTIERREZ MARÍA INÉS,VIRTUAL,ADMINISTRACIÓN DE NEGOCIOS,117M,2,1707,5,41078828ANG,3338117M21707,AGOSTO,M,VIRTUAL,I,VIRTUAL,(MIÉRCOLES),(VIR 07:00-10:45),ASIGNADO,,PTD
3338,41078828,ANGULO GUTIERREZ MARÍA INÉS,VIRTUAL,GESTIÓN DE CRÉDITOS Y COBRANZAS,429M,2,2039,4,41078828ANG,3338429M22039,AGOSTO,M,VIRTUAL,IV,VIRTUAL,(JUEVES),(VIR 07:00-10:00),ASIGNADO,,PTD
3338,41078828,ANGULO GUTIERREZ MARÍA INÉS,VIRTUAL,GESTIÓN DE CRÉDITOS Y COBRANZAS,403T,2,910,4,41078828ANG,3338403T2910,AGOSTO,T,VIRTUAL,IV,VIRTUAL,(MIÉRCOLES),(VIR 14:30-17:30),ASIGNADO,,
3338,41078828,ANGULO GUTIERREZ MARÍA INÉS,VIRTUAL,ADMINISTRACIÓN DE NEGOCIOS,118N,1,1710,5,41078828ANG,3338118N11710,AGOSTO,N,VIRTUAL,I,VIRTUAL,(LUNES),(VIR 19:00-22:45),ASIGNADO,,
3338,41078828,ANGULO GUTIERREZ MARÍA INÉS,VIRTUAL,EXPERIENCIA FORMATIVA EN SITUACIÓN REAL DE TRABAJO,N17N,1,,2,41078828ANG,3338N17N1,AGOSTO,N,VIRTUAL,IV,VIRTUAL,(MARTES),(VIR 19:00-20:30),ASIGNADO,,
3338,41078828,ANGULO GUTIERREZ MARÍA INÉS,VIRTUAL,ADMINISTRACIÓN DE NEGOCIOS,112N,2,1701,5,41078828ANG,3338112N21701,AGOSTO,N,VIRTUAL,I,VIRTUAL,(MARTES),(VIR 19:00-22:45),ASIGNADO,,
3338,41078828,ANGULO GUTIERREZ MARÍA INÉS,VIRTUAL,NEGOCIACIÓN COMERCIAL,313N,1,810,5,41078828ANG,3338313N1810,AGOSTO,N,VIRTUAL,III,VIRTUAL,(MIÉRCOLES),(VIR 19:00-22:45),ASIGNADO,,
3338,41078828,ANGULO GUTIERREZ MARÍA INÉS,VIRTUAL,PORTAFOLIO DE PRODUCTOS Y SERVICIOS FINANCIEROS,420N,1,2033,4,41078828ANG,3338420N12033,AGOSTO,N,VIRTUAL,IV,VIRTUAL,(JUEVES),(VIR 19:00-22:00),ASIGNADO,,
3338,41078828,ANGULO GUTIERREZ MARÍA INÉS,VIRTUAL,ADMINISTRACIÓN DE NEGOCIOS,120N,2,1714,5,41078828ANG,3338120N21714,AGOSTO,N,VIRTUAL,I,VIRTUAL,(VIERNES),(VIR 19:00-22:45),ASIGNADO,,
3338,41078828,ANGULO GUTIERREZ MARÍA INÉS,VIRTUAL,EXPERIENCIA FORMATIVA EN SITUACIÓN REAL DE TRABAJO,N22N,1,,2,41078828ANG,3338N22N1,AGOSTO,N,VIRTUAL,IV,VIRTUAL,(MARTES),(VIR 20:30-22:00),ASIGNADO,,
3342,41078828,ANGULO GUTIERREZ MARÍA INÉS,VIRTUAL,ADMINISTRACIÓN DE NEGOCIOS,101M,,,3,41078828ANG,3342101M,AGOSTO,M,VIRTUAL,I,VIRTUAL,(SABADO),(VIR 07:00-09:15),ASIGNADO,,PTD
3334,9857967,ANGULO PACHECO WALTER JOEL,PRC,EXPERIENCIA FORMATIVA EN SITUACIÓN REAL DE TRABAJO,202M,2,44,2,9857967ANG,3334202M244,JUNIO,M,PRC,II,PRESENCIAL,(LUNES),(PRE 07:00-08:30),ASIGNADO,,PTD
3338,9857967,ANGULO PACHECO WALTER JOEL,SJL,EXPERIENCIA DEL CLIENTE,225M,2,571,10,9857967ANG,3338225M2571,AGOSTO,M,SJL,II,PRESENCIAL,(LUNES)(VIERNES),(PRE 07:00-10:45)(PRE 07:00-10:45),ASIGNADO,,PTD
3338,9857967,ANGULO PACHECO WALTER JOEL,PRC,EXPERIENCIA DEL CLIENTE,201M,1,536,10,9857967ANG,3338201M1536,AGOSTO,M,PRC,II,PRESENCIAL,(MARTES)(VIERNES),(PRE 07:00-10:45)(PRE 07:00-10:45),ASIGNADO,,PTD
3338,9857967,ANGULO PACHECO WALTER JOEL,SJL,EXPERIENCIA DEL CLIENTE,222M,2,613,10,9857967ANG,3338222M2613,AGOSTO,M,SJL,II,PRESENCIAL,(MARTES)(SABADO),(PRE 07:00-10:45)(PRE 07:00-10:45),ASIGNADO,,PTD
3338,9857967,ANGULO PACHECO WALTER JOEL,PRC,EXPERIENCIA DEL CLIENTE,202N,1,558,10,9857967ANG,3338202N1558,AGOSTO,N,PRC,II,PRESENCIAL,(LUNES)(SABADO),(PRE 19:00-22:45)(PRE 19:00-22:45),ASIGNADO,,
3338,9857967,ANGULO PACHECO WALTER JOEL,PRC,EXPERIENCIA DEL CLIENTE,204N,2,560,10,9857967ANG,3338204N2560,AGOSTO,N,PRC,II,PRESENCIAL,(LUNES)(MIÉRCOLES),(PRE 19:00-22:45)(PRE 19:00-22:45),ASIGNADO,,
3338,9857967,ANGULO PACHECO WALTER JOEL,NOR,EXPERIENCIA DEL CLIENTE,211N,2,608,10,9857967ANG,3338211N2608,AGOSTO,N,NOR,II,PRESENCIAL,(MARTES)(VIERNES),(PRE 19:00-22:45)(PRE 19:00-22:45),ASIGNADO,,
3338,9857967,ANGULO PACHECO WALTER JOEL,NOR,EXPERIENCIA DEL CLIENTE,209N,1,542,10,9857967ANG,3338209N1542,AGOSTO,N,NOR,II,PRESENCIAL,(MIÉRCOLES)(VIERNES),(PRE 19:00-22:45)(PRE 19:00-22:45),ASIGNADO,,
3338,45853434,ANYAIPOMA GRANADOS THREICY,SJL,CONTABILIDAD SUPERIOR,217N,2,590,10,45853434ANY,3338217N2590,AGOSTO,N,SJL,II,PRESENCIAL,(MIÉRCOLES)(SABADO),(PRE 19:00-22:45)(PRE 19:00-22:45),ASIGNADO,,
3338,45853434,ANYAIPOMA GRANADOS THREICY,VIRTUAL,CONSTITUCIÓN Y ORGANIZACIÓN DE EMPRESAS,414N,1,1097,4,45853434ANY,3338414N11097,AGOSTO,N,VIRTUAL,IV,VIRTUAL,(JUEVES),(VIR 19:00-22:00),ASIGNADO,,
3339,45853434,ANYAIPOMA GRANADOS THREICY,VIRTUAL,CONTABILIDAD SUPERIOR,204N,2,135,5,45853434ANY,3339204N2135,AGOSTO,N,VIRTUAL,II,VIRTUAL,(LUNES),(VIR 19:00-22:45),ASIGNADO,,
3340,45853434,ANYAIPOMA GRANADOS THREICY,SJL,CONTABILIDAD,210N,1,258,8,45853434ANY,3340210N1258,AGOSTO,N,SJL,II,PRESENCIAL,(LUNES)(MIÉRCOLES),(PRE 19:00-22:00)(PRE 19:00-22:00),ASIGNADO,,
3340,45853434,ANYAIPOMA GRANADOS THREICY,SJL,CONTABILIDAD,211N,1,259,8,45853434ANY,3340211N1259,AGOSTO,N,SJL,II,PRESENCIAL,(MARTES)(VIERNES),(PRE 19:00-22:00)(PRE 19:00-22:00),ASIGNADO,,
3340,45853434,ANYAIPOMA GRANADOS THREICY,VIRTUAL,COSTOS Y PRESUPUESTOS,303N,2,490,5,45853434ANY,3340303N2490,AGOSTO,N,VIRTUAL,III,VIRTUAL,(JUEVES),(VIR 19:00-22:45),ASIGNADO,,
3338,25747479,APAZA CANO SONIA NANCY,VIRTUAL,CLIMA Y CULTURA ORGANIZACIONAL,517M,2,1682,5,25747479APA,3338517M21682,AGOSTO,M,VIRTUAL,V,VIRTUAL,(SABADO),(VIR 07:00-10:45),ASIGNADO,,PTC IN
3338,25747479,APAZA CANO SONIA NANCY,VIRTUAL,DESARROLLO PROFESIONAL,105M,1,1728,2,25747479APA,3338105M11728,AGOSTO,M,VIRTUAL,I,VIRTUAL,(LUNES),(VIR 08:30-10:00),ASIGNADO,,
3338,25747479,APAZA CANO SONIA NANCY,VIRTUAL,DESARROLLO PROFESIONAL,104M,1,1726,2,25747479APA,3338104M11726,AGOSTO,M,VIRTUAL,I,VIRTUAL,(JUEVES),(VIR 08:30-10:00),ASIGNADO,,
3338,25747479,APAZA CANO SONIA NANCY,VIRTUAL,CLIMA Y CULTURA ORGANIZACIONAL,515N,2,1681,5,25747479APA,3338515N21681,AGOSTO,N,VIRTUAL,V,VIRTUAL,(LUNES),(VIR 19:00-22:45),ASIGNADO,,
3338,25747479,APAZA CANO SONIA NANCY,VIRTUAL,CLIMA Y CULTURA ORGANIZACIONAL,514N,1,1680,5,25747479APA,3338514N11680,AGOSTO,N,VIRTUAL,V,VIRTUAL,(SABADO),(VIR 19:00-22:45),ASIGNADO,,
3342,25747479,APAZA CANO SONIA NANCY,VIRTUAL,DESARROLLO PROFESIONAL,103M,1,14,2,25747479APA,3342103M114,SETIEMBRE,M,VIRTUAL,I,VIRTUAL,(MARTES),(VIR 08:30-10:00),ASIGNADO,,
3338,9156303,ARANA DORADOR MARCO ANTONIO,PRC,PLANEAMIENTO ESTRATÉGICO,501M,2,1164,12,9156303ARA,3338501M21164,AGOSTO,M,PRC,V,PRESENCIAL,(LUNES)(SABADO),(PRE 07:00-11:30)(PRE 07:00-11:30),ASIGNADO,,PTC IN
3338,9156303,ARANA DORADOR MARCO ANTONIO,PRC,PLANEAMIENTO ESTRATÉGICO,503M,1,1623,12,9156303ARA,3338503M11623,AGOSTO,M,PRC,V,PRESENCIAL,(MIÉRCOLES)(SABADO),(PRE 07:00-11:30)(PRE 07:00-11:30),ASIGNADO,,PTC IN
3338,41379206,ARANIBAR SANTISTEBAN MARIA DEL PILAR,PRC,FORMACIÓN Y DESARROLLO DE PERSONAS,606M,1,1593,10,41379206ARA,3338606M11593,AGOSTO,M,PRC,VI,PRESENCIAL,(MARTES)(VIERNES),(PRE 07:00-10:45)(PRE 07:00-10:45),ASIGNADO,,PPH
3338,41379206,ARANIBAR SANTISTEBAN MARIA DEL PILAR,PRC,EXPERIENCIA FORMATIVA EN SITUACIÓN REAL DE TRABAJO,405M,2,1123,2,41379206ARA,3338405M21123,AGOSTO,M,PRC,IV,PRESENCIAL,(VIERNES),(PRE 08:30-10:00),ASIGNADO,,
3338,42826654,ARAUCANO IGARTO GILBERTO ROGER,NOR,TOMA DE DECISIONES ESTRATÉGICAS,610N,2,1612,10,42826654ARA,3338610N21612,AGOSTO,N,NOR,VI,PRESENCIAL,(MARTES)(VIERNES),(PRE 19:00-22:45)(PRE 19:00-22:45),ASIGNADO,,
3340,42826654,ARAUCANO IGARTO GILBERTO ROGER,NOR,GESTIÓN DE PROCESOS DE MEJORA CONTINUA,403N,1,357,10,42826654ARA,3340403N1357,AGOSTO,N,NOR,IV,PRESENCIAL,(LUNES)(VIERNES),(PRE 19:00-22:45)(PRE 19:00-22:45),ASIGNADO,,
3340,42826654,ARAUCANO IGARTO GILBERTO ROGER,VIRTUAL,Planeamiento Estratégico,802N,1,1160,6,42826654ARA,3340802N11160,AGOSTO,N,VIRTUAL,V,VIRTUAL,(JUEVES)(SABADO),(VIR 20:30-22:45)(VIR 20:30-22:45),ASIGNADO,,
3338,7120909,ARBAIZA DONAYRE JAVIER ADOLFO,NOR,HERRAMIENTAS DIGITALES PARA LOS NEGOCIOS,215M,1,644,10,7120909ARB,3338215M1644,AGOSTO,M,NOR,II,PRESENCIAL,(LUNES)(MIÉRCOLES),(PRE 07:00-10:45)(PRE 07:00-10:45),ASIGNADO,,PTD
3338,7120909,ARBAIZA DONAYRE JAVIER ADOLFO,NOR,BIG DATA APLICADA A LOS NEGOCIOS,307M,2,783,10,7120909ARB,3338307M2783,AGOSTO,M,NOR,III,PRESENCIAL,(LUNES)(JUEVES),(PRE 07:00-10:45)(PRE 07:00-10:45),ASIGNADO,,PTD
3338,7120909,ARBAIZA DONAYRE JAVIER ADOLFO,NOR,HERRAMIENTAS DIGITALES PARA LOS NEGOCIOS,214M,1,643,10,7120909ARB,3338214M1643,AGOSTO,M,NOR,II,PRESENCIAL,(MARTES)(JUEVES),(PRE 07:00-10:45)(PRE 07:00-10:45),ASIGNADO,,PTD
3338,7120909,ARBAIZA DONAYRE JAVIER ADOLFO,VIRTUAL,COMUNICACIÓN Y GESTIÓN DE LA INFORMACIÓN,C02M,2,2164,5,7120909ARB,3338C02M22164,AGOSTO,M,VIRTUAL,I,VIRTUAL,(MARTES),(VIR 07:00-10:45),ASIGNADO,,PTD
3338,7120909,ARBAIZA DONAYRE JAVIER ADOLFO,VIRTUAL,HERRAMIENTAS DIGITALES PARA LOS NEGOCIOS,201M,2,549,5,7120909ARB,3338201M2549,AGOSTO,M,VIRTUAL,II,VIRTUAL,(MIÉRCOLES),(VIR 07:00-10:45),ASIGNADO,,PTD
3338,7120909,ARBAIZA DONAYRE JAVIER ADOLFO,VIRTUAL,HERRAMIENTAS DIGITALES PARA LOS NEGOCIOS,223M,2,556,5,7120909ARB,3338223M2556,AGOSTO,M,VIRTUAL,II,VIRTUAL,(VIERNES),(VIR 07:00-10:45),ASIGNADO,,PTD
3338,7120909,ARBAIZA DONAYRE JAVIER ADOLFO,VIRTUAL,BIG DATA APLICADA A LOS NEGOCIOS,305M,1,813,5,7120909ARB,3338305M1813,AGOSTO,M,VIRTUAL,III,VIRTUAL,(SABADO),(VIR 07:00-10:45),ASIGNADO,,PTD
3338,7120909,ARBAIZA DONAYRE JAVIER ADOLFO,NOR,HERRAMIENTAS DIGITALES PARA LOS NEGOCIOS,211N,1,641,10,7120909ARB,3338211N1641,AGOSTO,N,NOR,II,PRESENCIAL,(LUNES)(JUEVES),(PRE 19:00-22:45)(PRE 19:00-22:45),ASIGNADO,,
3338,7120909,ARBAIZA DONAYRE JAVIER ADOLFO,VIRTUAL,COMUNICACIÓN Y GESTIÓN DE LA INFORMACIÓN,C02N,2,2170,5,7120909ARB,3338C02N22170,AGOSTO,N,VIRTUAL,I,VIRTUAL,(MARTES),(VIR 19:00-22:45),ASIGNADO,,
3338,7120909,ARBAIZA DONAYRE JAVIER ADOLFO,VIRTUAL,COMUNICACIÓN Y GESTIÓN DE LA INFORMACIÓN,C08N,2,2179,5,7120909ARB,3338C08N22179,AGOSTO,N,VIRTUAL,I,VIRTUAL,(VIERNES),(VIR 19:00-22:45),ASIGNADO,,
3338,7120909,ARBAIZA DONAYRE JAVIER ADOLFO,VIRTUAL,HERRAMIENTAS DIGITALES PARA LOS NEGOCIOS,225N,1,714,5,7120909ARB,3338225N1714,AGOSTO,N,VIRTUAL,II,VIRTUAL,(SABADO),(VIR 19:00-22:45),ASIGNADO,,
3338,7120909,ARBAIZA DONAYRE JAVIER ADOLFO,VIRTUAL,HERRAMIENTAS DIGITALES PARA LOS NEGOCIOS,222N,2,712,5,7120909ARB,3338222N2712,AGOSTO,N,VIRTUAL,II,VIRTUAL,(SABADO),(VIR 19:00-22:45),ASIGNADO,,
3338,42899007,ARBAÑIL CHICOMA CLAUDIA,VIRTUAL,ÉTICA EN LOS NEGOCIOS,506M,2,1223,3,42899007ARB,3338506M21223,AGOSTO,M,VIRTUAL,V,VIRTUAL,(LUNES),(VIR 07:00-09:15),ASIGNADO,,PTC
3338,42899007,ARBAÑIL CHICOMA CLAUDIA,VIRTUAL,TOMA DE DECISIONES ESTRATÉGICAS,628M,1,410,5,42899007ARB,3338628M1410,AGOSTO,M,VIRTUAL,VI,VIRTUAL,(MARTES),(VIR 07:00-10:45),ASIGNADO,,PTC
3338,42899007,ARBAÑIL CHICOMA CLAUDIA,VIRTUAL,GESTIÓN DE PROCESOS DE MEJORA CONTINUA,427M,2,394,5,42899007ARB,3338427M2394,AGOSTO,M,VIRTUAL,IV,VIRTUAL,(MARTES),(VIR 07:00-10:45),ASIGNADO,,PTC
3338,42899007,ARBAÑIL CHICOMA CLAUDIA,VIRTUAL,ÉTICA EN LOS NEGOCIOS,517M,1,1266,3,42899007ARB,3338517M11266,AGOSTO,M,VIRTUAL,V,VIRTUAL,(JUEVES),(VIR 07:00-09:15),ASIGNADO,,PTC
3338,42899007,ARBAÑIL CHICOMA CLAUDIA,VIRTUAL,EXPERIENCIA FORMATIVA EN SITUACIÓN REAL DE TRABAJO,427M,2,391,2,42899007ARB,3338427M2391,AGOSTO,M,VIRTUAL,IV,VIRTUAL,(JUEVES),(VIR 07:00-08:30),ASIGNADO,,PTC
3338,42899007,ARBAÑIL CHICOMA CLAUDIA,VIRTUAL,ADMINISTRACIÓN DE NEGOCIOS,116M,1,1706,5,42899007ARB,3338116M11706,AGOSTO,M,VIRTUAL,I,VIRTUAL,(SABADO),(VIR 07:00-10:45),ASIGNADO,,PTC
3338,42899007,ARBAÑIL CHICOMA CLAUDIA,VIRTUAL,EXPERIENCIA FORMATIVA EN SITUACIÓN REAL DE TRABAJO,229M,2,379,2,42899007ARB,3338229M2379,AGOSTO,M,VIRTUAL,II,VIRTUAL,(MIÉRCOLES),(VIR 08:30-10:00),ASIGNADO,,
3338,42899007,ARBAÑIL CHICOMA CLAUDIA,VIRTUAL,LIDERAZGO COLABORATIVO PARA LA SOLUCIÓN DE PROBLEMAS,606M,1,1574,3,42899007ARB,3338606M11574,AGOSTO,M,VIRTUAL,VI,VIRTUAL,(LUNES),(VIR 09:15-11:30),ASIGNADO,,
3338,42899007,ARBAÑIL CHICOMA CLAUDIA,VIRTUAL,LIDERAZGO COLABORATIVO PARA LA SOLUCIÓN DE PROBLEMAS,602M,2,1547,3,42899007ARB,3338602M21547,AGOSTO,M,VIRTUAL,VI,VIRTUAL,(LUNES),(VIR 09:15-11:30),ASIGNADO,,
3338,42899007,ARBAÑIL CHICOMA CLAUDIA,VIRTUAL,ÉTICA EN LOS NEGOCIOS,515N,1,1265,3,42899007ARB,3338515N11265,AGOSTO,N,VIRTUAL,V,VIRTUAL,(LUNES),(VIR 19:00-21:15),ASIGNADO,,
3338,42899007,ARBAÑIL CHICOMA CLAUDIA,VIRTUAL,ADMINISTRACIÓN DE NEGOCIOS,107N,2,1694,5,42899007ARB,3338107N21694,AGOSTO,N,VIRTUAL,I,VIRTUAL,(JUEVES),(VIR 19:00-22:45),ASIGNADO,,
3338,42899007,ARBAÑIL CHICOMA CLAUDIA,VIRTUAL,ÉTICA EN LOS NEGOCIOS,507N,1,1260,3,42899007ARB,3338507N11260,AGOSTO,N,VIRTUAL,V,VIRTUAL,(SABADO),(VIR 19:00-21:15),ASIGNADO,,
3338,42899007,ARBAÑIL CHICOMA CLAUDIA,VIRTUAL,EXPERIENCIA FORMATIVA EN SITUACIÓN REAL DE TRABAJO,620N,2,402,2,42899007ARB,3338620N2402,AGOSTO,N,VIRTUAL,VI,VIRTUAL,(LUNES),(VIR 20:30-22:00),ASIGNADO,,
3338,42899007,ARBAÑIL CHICOMA CLAUDIA,VIRTUAL,EXPERIENCIA FORMATIVA EN SITUACIÓN REAL DE TRABAJO,N21N,2,,2,42899007ARB,3338N21N2,AGOSTO,N,VIRTUAL,IV,VIRTUAL,(VIERNES),(VIR 20:30-22:00),ASIGNADO,,
3338,42899007,ARBAÑIL CHICOMA CLAUDIA,VIRTUAL,EXPERIENCIA FORMATIVA EN SITUACIÓN REAL DE TRABAJO,N28N,1,,2,42899007ARB,3338N28N1,AGOSTO,N,VIRTUAL,II,VIRTUAL,(MIÉRCOLES),(VIR 21:15-22:45),ASIGNADO,,
3339,42899007,ARBAÑIL CHICOMA CLAUDIA,VIRTUAL,ADMINISTRACIÓN DE NEGOCIOS,105N,1,199,5,42899007ARB,3339105N1199,AGOSTO,N,VIRTUAL,I,VIRTUAL,(MIÉRCOLES)(VIERNES),(VIR 19:00-21:15)(VIR 20:30-22:00),ASIGNADO,,
3339,42899007,ARBAÑIL CHICOMA CLAUDIA,VIRTUAL,ADMINISTRACIÓN DE NEGOCIOS,103N,2,196,5,42899007ARB,3339103N2196,AGOSTO,N,VIRTUAL,I,VIRTUAL,(MIÉRCOLES)(VIERNES),(VIR 19:00-21:15)(VIR 19:00-20:30),ASIGNADO,,
3338,73217320,ARCE AGUILAR MARTHA XIMENA,ATE,OPERATIVIDAD ADUANERA,210M,2,651,10,73217320ARC,3338210M2651,AGOSTO,M,ATE,II,PRESENCIAL,(LUNES)(MIÉRCOLES),(PRE 07:00-10:45)(PRE 07:00-10:45),ASIGNADO,,PPH
3338,73217320,ARCE AGUILAR MARTHA XIMENA,ATE,OPERATIVIDAD PORTUARIA,210M,1,662,10,73217320ARC,3338210M1662,AGOSTO,M,ATE,II,PRESENCIAL,(MARTES)(JUEVES),(PRE 07:00-10:45)(PRE 07:00-10:45),ASIGNADO,,PPH
3338,73217320,ARCE AGUILAR MARTHA XIMENA,ATE,GESTIÓN ADUANERA,408M,1,1072,10,73217320ARC,3338408M11072,AGOSTO,M,ATE,IV,PRESENCIAL,(MIÉRCOLES)(SABADO),(PRE 07:00-10:45)(PRE 07:00-10:45),ASIGNADO,,PPH
3338,73217320,ARCE AGUILAR MARTHA XIMENA,ATE,EXPERIENCIA FORMATIVA EN SITUACIÓN REAL DE TRABAJO,610M,2,1463,2,73217320ARC,3338610M21463,AGOSTO,M,ATE,VI,PRESENCIAL,(SABADO),(PRE 07:00-08:30),ASIGNADO,,PPH
3340,73217320,ARCE AGUILAR MARTHA XIMENA,VIRTUAL,GESTIÓN DE LA CADENA DE SUMINISTROS,401M,2,536,5,73217320ARC,3340401M2536,AGOSTO,M,VIRTUAL,IV,VIRTUAL,(JUEVES),(VIR 07:00-10:45),ASIGNADO,,PPH
3340,73217320,ARCE AGUILAR MARTHA XIMENA,VIRTUAL,GESTIÓN DE LA CADENA DE SUMINISTROS,403N,2,539,5,73217320ARC,3340403N2539,AGOSTO,N,VIRTUAL,IV,VIRTUAL,(LUNES),(VIR 19:00-22:45),ASIGNADO,,
3338,70391363,ARCE CCASANI JACKELINE ROSA,NOR,OPERATIVIDAD PORTUARIA,211N,1,663,10,70391363ARC,3338211N1663,AGOSTO,N,NOR,II,PRESENCIAL,(MIÉRCOLES)(SABADO),(PRE 19:00-22:45)(PRE 19:00-22:45),ASIGNADO,,
3338,70391363,ARCE CCASANI JACKELINE ROSA,NOR,ESTRATEGIAS DE COMERCIO INTERNACIONAL,611N,2,1440,8,70391363ARC,3338611N21440,AGOSTO,N,NOR,VI,PRESENCIAL,(MIÉRCOLES)(SABADO),(PRE 19:00-22:00)(PRE 19:00-22:00),ASIGNADO,,
3338,70391363,ARCE CCASANI JACKELINE ROSA,NOR,EXPERIENCIA FORMATIVA EN SITUACIÓN REAL DE TRABAJO,611N,2,1464,2,70391363ARC,3338611N21464,AGOSTO,N,NOR,VI,PRESENCIAL,(JUEVES),(PRE 19:00-20:30),ASIGNADO,,
3338,70391363,ARCE CCASANI JACKELINE ROSA,NOR,EXPERIENCIA FORMATIVA EN SITUACIÓN REAL DE TRABAJO,409N,2,1060,2,70391363ARC,3338409N21060,AGOSTO,N,NOR,IV,PRESENCIAL,(VIERNES),(PRE 20:30-22:00),ASIGNADO,,
3338,41687441,AREDO  CASTILLO DANY JOEL,NOR,HERRAMIENTAS DIGITALES E INTELIGENCIA ARTIFICIAL,126M,1,1940,12,41687441ARE,3338126M11940,AGOSTO,M,NOR,I,PRESENCIAL,(MARTES)(MIÉRCOLES)(JUEVES),(PRE 07:00-10:45)(PRE 07:00-10:45)(PRE 07:00-08:30),ASIGNADO,,PTP
3338,41687441,AREDO  CASTILLO DANY JOEL,NOR,HERRAMIENTAS DIGITALES E INTELIGENCIA ARTIFICIAL,125M,2,1939,12,41687441ARE,3338125M21939,AGOSTO,M,NOR,I,PRESENCIAL,(MARTES)(JUEVES)(VIERNES),(PRE 07:00-10:45)(PRE 07:00-08:30)(PRE 07:00-10:45),ASIGNADO,,PTP
3338,41687441,AREDO  CASTILLO DANY JOEL,VIRTUAL,HERRAMIENTAS DIGITALES E INTELIGENCIA ARTIFICIAL,127M,2,1829,6,41687441ARE,3338127M21829,AGOSTO,M,VIRTUAL,I,VIRTUAL,(MIÉRCOLES)(SABADO),(VIR 07:00-08:30)(VIR 07:00-10:00),ASIGNADO,,PTP
3338,43601714,ARENAS BARNETT DIEGO ENRIQUE,AQP,GESTIÓN DE EQUIPOS,509M,1,1179,8,43601714ARE,3338509M11179,AGOSTO,M,AQP,V,PRESENCIAL,(MARTES)(VIERNES),(PRE 07:00-10:00)(PRE 07:00-10:00),ASIGNADO,,PPH
3338,43601714,ARENAS BARNETT DIEGO ENRIQUE,AQP,BANCA COMERCIAL,219M,2,507,10,43601714ARE,3338219M2507,AGOSTO,M,AQP,II,PRESENCIAL,(MARTES)(SABADO),(PRE 07:00-10:45)(PRE 07:00-10:45),ASIGNADO,,PPH
3340,43601714,ARENAS BARNETT DIEGO ENRIQUE,VIRTUAL,LIDERAZGO ESTRATÉGICO,404M,1,548,5,43601714ARE,3340404M1548,AGOSTO,M,VIRTUAL,IV,VIRTUAL,(MIÉRCOLES),(VIR 07:00-10:45),ASIGNADO,,PPH
3340,9387046,ARIAS LEON JENY EMPERATRIZ,PRC,PLAN DE DESARROLLO DEL NEGOCIO,501M,2,332,8,9387046ARI,3340501M2332,AGOSTO,M,PRC,V,PRESENCIAL,(MARTES)(VIERNES),(PRE 07:00-10:00)(PRE 07:00-10:00),ASIGNADO,,PTC IN
3341,9387046,ARIAS LEON JENY EMPERATRIZ,VIRTUAL,CREATIVIDAD E INNOVACIÓN,301M,1,37,5,9387046ARI,3341301M137,AGOSTO,M,VIRTUAL,III,VIRTUAL,(MIÉRCOLES),(VIR 07:00-10:45),ASIGNADO,,PTC IN
3338,8695286,ARIAS ROCA CESAR ENRIQUE,VES,TOMA DE DECISIONES ESTRATÉGICAS,632M,1,2053,10,8695286ARI,3338632M12053,AGOSTO,M,VES,VI,PRESENCIAL,(LUNES)(JUEVES),(PRE 07:00-10:45)(PRE 07:00-10:45),ASIGNADO,,TCxH
3338,8695286,ARIAS ROCA CESAR ENRIQUE,VES,EVALUACIÓN DE CRÉDITOS,429M,1,2043,10,8695286ARI,3338429M12043,AGOSTO,M,VES,IV,PRESENCIAL,(VIERNES)(SABADO),(PRE 07:00-10:45)(PRE 07:00-10:45),ASIGNADO,,TCxH
3338,8695286,ARIAS ROCA CESAR ENRIQUE,PRC,TOMA DE DECISIONES ESTRATÉGICAS,601N,1,1333,10,8695286ARI,3338601N11333,AGOSTO,N,PRC,VI,PRESENCIAL,(MIÉRCOLES)(SABADO),(PRE 19:00-22:45)(PRE 19:00-22:45),ASIGNADO,,
3338,9068991,ARRESE PONCE HUGO FELIPE,ATE,EMPRENDIMIENTO: PROYECTO INTEGRADOR,608M,1,1359,12,9068991ARR,3338608M11359,AGOSTO,M,ATE,VI,PRESENCIAL,(LUNES)(JUEVES),(PRE 07:00-11:30)(PRE 07:00-11:30),ASIGNADO,,PTC IN
3338,9068991,ARRESE PONCE HUGO FELIPE,ATE,EMPRENDIMIENTO: PROYECTO INTEGRADOR,610M,1,1422,12,9068991ARR,3338610M11422,AGOSTO,M,ATE,VI,PRESENCIAL,(MARTES)(SABADO),(PRE 07:00-11:30)(PRE 07:00-11:30),ASIGNADO,,PTC IN
3342,9068991,ARRESE PONCE HUGO FELIPE,ATE,ADMINISTRACIÓN DE NEGOCIOS,101N,2,24,10,9068991ARR,3342101N224,SETIEMBRE,N,ATE,I,PRESENCIAL,(LUNES)(JUEVES),(PRE 19:00-22:45)(PRE 19:00-22:45),ASIGNADO,,
3338,42210001,ARRILUCEA TORRES PAOLA ARACELLI,VIRTUAL,NEGOCIACIÓN COMERCIAL,301M,1,804,5,42210001ARR,3338301M1804,AGOSTO,M,VIRTUAL,III,VIRTUAL,(LUNES),(VIR 07:00-10:45),ASIGNADO,,PTC
3338,42210001,ARRILUCEA TORRES PAOLA ARACELLI,VIRTUAL,EXPERIENCIA DEL CLIENTE,229M,2,375,5,42210001ARR,3338229M2375,AGOSTO,M,VIRTUAL,II,VIRTUAL,(LUNES),(VIR 07:00-10:45),ASIGNADO,,PTC
3338,42210001,ARRILUCEA TORRES PAOLA ARACELLI,VIRTUAL,PORTAFOLIO DE PRODUCTOS Y SERVICIOS FINANCIEROS,406M,1,877,4,42210001ARR,3338406M1877,AGOSTO,M,VIRTUAL,IV,VIRTUAL,(MARTES),(VIR 07:00-10:00),ASIGNADO,,PTC
3338,42210001,ARRILUCEA TORRES PAOLA ARACELLI,VIRTUAL,PORTAFOLIO DE PRODUCTOS Y SERVICIOS FINANCIEROS,401M,2,873,4,42210001ARR,3338401M2873,AGOSTO,M,VIRTUAL,IV,VIRTUAL,(MARTES),(VIR 07:00-10:00),ASIGNADO,,PTC
3338,42210001,ARRILUCEA TORRES PAOLA ARACELLI,VIRTUAL,EXPERIENCIA FORMATIVA EN SITUACIÓN REAL DE TRABAJO,N17M,2,,2,42210001ARR,3338N17M2,AGOSTO,M,VIRTUAL,VI,VIRTUAL,(MIÉRCOLES),(VIR 07:00-08:30),ASIGNADO,,PTC
3338,42210001,ARRILUCEA TORRES PAOLA ARACELLI,VIRTUAL,CONTROL INTERNO Y AUDITORÍA DE OPERACIONES,506M,1,1203,5,42210001ARR,3338506M11203,AGOSTO,M,VIRTUAL,V,VIRTUAL,(JUEVES),(VIR 07:00-10:45),ASIGNADO,,PTC
3338,42210001,ARRILUCEA TORRES PAOLA ARACELLI,VIRTUAL,GESTIÓN DE CRÉDITOS Y COBRANZAS,422M,2,919,4,42210001ARR,3338422M2919,AGOSTO,M,VIRTUAL,IV,VIRTUAL,(JUEVES),(VIR 07:00-10:00),ASIGNADO,,PTC
3338,42210001,ARRILUCEA TORRES PAOLA ARACELLI,VIRTUAL,EXPERIENCIA DEL CLIENTE,220N,1,320,5,42210001ARR,3338220N1320,AGOSTO,N,VIRTUAL,II,VIRTUAL,(LUNES),(VIR 19:00-22:45),ASIGNADO,,
3338,42210001,ARRILUCEA TORRES PAOLA ARACELLI,VIRTUAL,GESTIÓN DE CRÉDITOS Y COBRANZAS,412N,1,915,4,42210001ARR,3338412N1915,AGOSTO,N,VIRTUAL,IV,VIRTUAL,(MARTES),(VIR 19:00-22:00),ASIGNADO,,
3338,42210001,ARRILUCEA TORRES PAOLA ARACELLI,VIRTUAL,PORTAFOLIO DE PRODUCTOS Y SERVICIOS FINANCIEROS,412N,2,880,4,42210001ARR,3338412N2880,AGOSTO,N,VIRTUAL,IV,VIRTUAL,(MARTES),(VIR 19:00-22:00),ASIGNADO,,
3338,42210001,ARRILUCEA TORRES PAOLA ARACELLI,VIRTUAL,EVALUACIÓN DE CRÉDITOS,416N,1,347,5,42210001ARR,3338416N1347,AGOSTO,N,VIRTUAL,IV,VIRTUAL,(JUEVES),(VIR 19:00-22:45),ASIGNADO,,
3338,42210001,ARRILUCEA TORRES PAOLA ARACELLI,VIRTUAL,GESTIÓN DE CRÉDITOS Y COBRANZAS,416N,2,917,4,42210001ARR,3338416N2917,AGOSTO,N,VIRTUAL,IV,VIRTUAL,(JUEVES),(VIR 19:00-22:00),ASIGNADO,,
3338,42210001,ARRILUCEA TORRES PAOLA ARACELLI,NOR,EXPERIENCIA FORMATIVA EN SITUACIÓN REAL DE TRABAJO,407N,2,960,2,42210001ARR,3338407N2960,AGOSTO,N,NOR,IV,PRESENCIAL,(VIERNES),(PRE 19:00-20:30),ASIGNADO,,
3338,42210001,ARRILUCEA TORRES PAOLA ARACELLI,VIRTUAL,EXPERIENCIA FORMATIVA EN SITUACIÓN REAL DE TRABAJO,415N,2,349,2,42210001ARR,3338415N2349,AGOSTO,N,VIRTUAL,IV,VIRTUAL,(SABADO),(VIR 19:00-20:30),ASIGNADO,,
3339,42210001,ARRILUCEA TORRES PAOLA ARACELLI,VIRTUAL,PORTAFOLIO DE PRODUCTOS Y SERVICIOS FINANCIEROS,404N,2,185,4,42210001ARR,3339404N2185,AGOSTO,N,VIRTUAL,IV,VIRTUAL,(LUNES),(VIR 19:45-22:45),ASIGNADO,,
3334,8128855,ARRIOLA LEDESMA ISAAC JESUS,VIRTUAL,RECURSOS HUMANOS,101N,2,22,5,8128855ARR,3334101N222,JUNIO,N,VIRTUAL,I,VIRTUAL,(SABADO),(VIR 19:00-22:45),ASIGNADO,,
3338,8128855,ARRIOLA LEDESMA ISAAC JESUS,SJL,DESARROLLO PROFESIONAL,111M,1,1906,4,8128855ARR,3338111M11906,AGOSTO,M,SJL,I,PRESENCIAL,(MARTES),(PRE 07:00-10:00),ASIGNADO,,PTC IN
3339,8128855,ARRIOLA LEDESMA ISAAC JESUS,VIRTUAL,DESARROLLO PROFESIONAL,103N,2,206,2,8128855ARR,3339103N2206,AGOSTO,N,VIRTUAL,I,VIRTUAL,(VIERNES),(VIR 20:30-22:00),ASIGNADO,,
3340,19096716,ASCATE REBAZA MARIA DEL CARMEN,VIRTUAL,FUNDAMENTOS DE DESARROLLO DE SOFTWARE,115M,1,1037,9,19096716ASC,3340115M11037,AGOSTO,M,VIRTUAL,I,VIRTUAL,(MARTES)(JUEVES)(SABADO),(VIR 07:00-09:15)(VIR 07:00-09:15)(VIR 07:00-09:15),ASIGNADO,,PPH
3340,19096716,ASCATE REBAZA MARIA DEL CARMEN,PRC,IMPLEMENTACIÓN DE SOLUCIONES PARA PLATAFORMAS WEB,404M,2,793,10,19096716ASC,3340404M2793,AGOSTO,M,PRC,IV,PRESENCIAL,(MARTES)(VIERNES),(PRE 07:00-10:45)(PRE 07:00-10:45),ASIGNADO,,PPH
3338,10025375,ASTAIZA BUSTAMANTE CARMEN MARIA,VES,EXPERIENCIA DEL CLIENTE,233M,1,2058,10,10025375AST,3338233M12058,AGOSTO,M,VES,II,PRESENCIAL,(MARTES)(JUEVES),(PRE 07:00-10:45)(PRE 07:00-10:45),ASIGNADO,,PTP
3338,10025375,ASTAIZA BUSTAMANTE CARMEN MARIA,VIRTUAL,GESTIÓN DE CRÉDITOS Y COBRANZAS,406M,2,912,4,10025375AST,3338406M2912,AGOSTO,M,VIRTUAL,IV,VIRTUAL,(MARTES),(VIR 07:00-10:00),ASIGNADO,,PTP
3338,10025375,ASTAIZA BUSTAMANTE CARMEN MARIA,SJL,INNOVACIÓN Y DISEÑO CX,422M,2,984,8,10025375AST,3338422M2984,AGOSTO,M,SJL,IV,PRESENCIAL,(MIÉRCOLES)(SABADO),(PRE 07:00-10:00)(PRE 07:00-10:00),ASIGNADO,,PTP
3338,10025375,ASTAIZA BUSTAMANTE CARMEN MARIA,PRC,EXPERIENCIA DEL CLIENTE,203N,2,603,10,10025375AST,3338203N2603,AGOSTO,N,PRC,II,PRESENCIAL,(MARTES)(JUEVES),(PRE 19:00-22:45)(PRE 19:00-22:45),ASIGNADO,,
3340,10025375,ASTAIZA BUSTAMANTE CARMEN MARIA,SJL,EXPERIENCIA DEL CLIENTE,216M,1,230,10,10025375AST,3340216M1230,AGOSTO,M,SJL,II,PRESENCIAL,(MIÉRCOLES)(SABADO),(PRE 07:00-10:45)(PRE 07:00-10:45),ASIGNADO,,PTP
3341,10025375,ASTAIZA BUSTAMANTE CARMEN MARIA,VIRTUAL,EXPERIENCIA DEL CLIENTE,201N,1,92,5,10025375AST,3341201N192,AGOSTO,N,VIRTUAL,II,VIRTUAL,(LUNES),(VIR 19:00-22:45),ASIGNADO,,
3341,10025375,ASTAIZA BUSTAMANTE CARMEN MARIA,VIRTUAL,ANÁLISIS DE LA INFORMACIÓN FINANCIERA,302N,2,41,8,10025375AST,3341302N241,AGOSTO,N,VIRTUAL,III,VIRTUAL,(MIÉRCOLES)(VIERNES),(VIR 19:00-22:00)(VIR 19:00-22:00),ASIGNADO,,
3341,10025375,ASTAIZA BUSTAMANTE CARMEN MARIA,VIRTUAL,EXPERIENCIA DEL CLIENTE,202N,1,93,5,10025375AST,3341202N193,AGOSTO,N,VIRTUAL,II,VIRTUAL,(VIERNES),(VIR 19:00-22:45),ASIGNADO,,
3338,71228352,ASTO AZAÑA FREDDY DANIEL,VIRTUAL,EXPERIENCIA FORMATIVA EN SITUACIÓN REAL DE TRABAJO,224N,2,378,2,71228352AST,3338224N2378,AGOSTO,N,VIRTUAL,II,VIRTUAL,(MIÉRCOLES),(VIR 19:00-20:30),ASIGNADO,,
3338,71228352,ASTO AZAÑA FREDDY DANIEL,VIRTUAL,EXPERIENCIA FORMATIVA EN SITUACIÓN REAL DE TRABAJO,621N,2,403,2,71228352AST,3338621N2403,AGOSTO,N,VIRTUAL,VI,VIRTUAL,(SABADO),(VIR 19:00-20:30),ASIGNADO,,
3338,71228352,ASTO AZAÑA FREDDY DANIEL,VIRTUAL,EXPERIENCIA FORMATIVA EN SITUACIÓN REAL DE TRABAJO,222N,2,376,2,71228352AST,3338222N2376,AGOSTO,N,VIRTUAL,II,VIRTUAL,(MIÉRCOLES),(VIR 20:30-22:00),ASIGNADO,,
3340,71228352,ASTO AZAÑA FREDDY DANIEL,PRC,PROCESOS EMPRESARIALES,201N,1,267,10,71228352AST,3340201N1267,AGOSTO,N,PRC,II,PRESENCIAL,(LUNES)(MIÉRCOLES),(PRE 19:00-22:45)(PRE 19:00-22:45),ASIGNADO,,
3340,71228352,ASTO AZAÑA FREDDY DANIEL,VES,GESTIÓN DE PROCESOS DE MEJORA CONTINUA,408N,1,1086,10,71228352AST,3340408N11086,AGOSTO,N,VES,IV,PRESENCIAL,(MARTES)(JUEVES),(PRE 19:00-22:45)(PRE 19:00-22:45),ASIGNADO,,
3340,71228352,ASTO AZAÑA FREDDY DANIEL,VIRTUAL,Procesos Empresariales,701N,2,1131,5,71228352AST,3340701N21131,AGOSTO,N,VIRTUAL,II,VIRTUAL,(JUEVES),(VIR 19:00-22:45),ASIGNADO,,
3340,71228352,ASTO AZAÑA FREDDY DANIEL,PRC,EXPERIENCIAS FORMATIVAS EN SITUACIONES REALES DE TRABAJO,601N,2,430,2,71228352AST,3340601N2430,AGOSTO,N,PRC,VI,PRESENCIAL,(LUNES),(PRE 20:30-22:00),ASIGNADO,,
3338,45496568,ASTULLE PASTOR MARILYN DIXIE,AQP,GESTIÓN Y PLANEAMIENTO TRIBUTARIO,417M,2,1002,10,45496568AST,3338417M21002,AGOSTO,M,AQP,IV,PRESENCIAL,(LUNES)(JUEVES),(PRE 07:00-10:45)(PRE 07:00-10:45),ASIGNADO,,PTD
3338,45496568,ASTULLE PASTOR MARILYN DIXIE,AQP,FUNDAMENTOS DE COSTOS,220M,1,581,8,45496568AST,3338220M1581,AGOSTO,M,AQP,II,PRESENCIAL,(MARTES)(JUEVES),(PRE 07:00-09:15)(PRE 07:00-10:45),ASIGNADO,,PTD
3338,45496568,ASTULLE PASTOR MARILYN DIXIE,AQP,GESTIÓN DE COSTOS,310M,2,833,8,45496568AST,3338310M2833,AGOSTO,M,AQP,III,PRESENCIAL,(MARTES)(VIERNES),(PRE 07:00-10:45)(PRE 07:00-09:15),ASIGNADO,,PTD
3338,45496568,ASTULLE PASTOR MARILYN DIXIE,AQP,CONTABILIDAD,219M,1,520,10,45496568AST,3338219M1520,AGOSTO,M,AQP,II,PRESENCIAL,(MIÉRCOLES)(SABADO),(PRE 07:00-10:45)(PRE 07:00-10:45),ASIGNADO,,PTD
3338,45496568,ASTULLE PASTOR MARILYN DIXIE,AQP,CONTABILIDAD SUPERIOR,220M,2,591,10,45496568AST,3338220M2591,AGOSTO,M,AQP,II,PRESENCIAL,(MIÉRCOLES)(SABADO),(PRE 07:00-10:45)(PRE 07:00-10:45),ASIGNADO,,PTD
3338,45496568,ASTULLE PASTOR MARILYN DIXIE,AQP,FUNDAMENTOS DE COSTOS,212N,1,578,8,45496568AST,3338212N1578,AGOSTO,N,AQP,II,PRESENCIAL,(MARTES)(JUEVES),(PRE 18:15-20:30)(PRE 18:15-22:00),ASIGNADO,,
3338,45496568,ASTULLE PASTOR MARILYN DIXIE,AQP,CONTABILIDAD SUPERIOR,212N,2,,10,45496568AST,3338212N2,AGOSTO,N,AQP,II,PRESENCIAL,(MARTES)(SABADO),(PRE 18:15-22:00)(PRE 18:15-22:00),ASIGNADO,,
3338,45496568,ASTULLE PASTOR MARILYN DIXIE,VIRTUAL,NUEVAS TENDENCIAS EN CONTABILI,C07N,1,2178,4,45496568AST,3338C07N12178,AGOSTO,N,VIRTUAL,I,VIRTUAL,(LUNES),(VIR 19:00-22:00),ASIGNADO,,
3338,45496568,ASTULLE PASTOR MARILYN DIXIE,VIRTUAL,CONTABILIDAD,222N,1,367,4,45496568AST,3338222N1367,AGOSTO,N,VIRTUAL,II,VIRTUAL,(MIÉRCOLES),(VIR 19:00-22:00),ASIGNADO,,
3339,45496568,ASTULLE PASTOR MARILYN DIXIE,VIRTUAL,GESTIÓN Y PLANEAMIENTO TRIBUTARIO,402M,1,177,5,45496568AST,3339402M1177,AGOSTO,M,VIRTUAL,IV,VIRTUAL,(VIERNES),(VIR 07:00-10:45),ASIGNADO,,PTD
3340,44409514,ATARAMA ESPEJO RENATO,AQP,EXPERIENCIA DEL CLIENTE,222M,1,233,10,44409514ATA,3340222M1233,AGOSTO,M,AQP,II,PRESENCIAL,(MIÉRCOLES)(SABADO),(PRE 07:00-10:45)(PRE 07:00-10:45),ASIGNADO,,PPH
3340,44409514,ATARAMA ESPEJO RENATO,VIRTUAL,Experiencia del Cliente,701N,1,1134,5,44409514ATA,3340701N11134,AGOSTO,N,VIRTUAL,II,VIRTUAL,(JUEVES),(VIR 19:00-22:45),ASIGNADO,,
3338,42934018,ATUNCAR GAMBOA MIGUEL ANGEL,PRC,OPERACIONES Y LOGÍSTICA,206M,1,702,12,42934018ATU,3338206M1702,AGOSTO,M,PRC,II,PRESENCIAL,(MIÉRCOLES)(VIERNES)(SABADO),(PRE 07:00-10:00)(PRE 07:00-10:00)(PRE 07:00-10:00),ASIGNADO,,TCxH
3338,42934018,ATUNCAR GAMBOA MIGUEL ANGEL,PRC,GESTIÓN DE PROCESOS DE MEJORA CONTINUA,405M,2,1125,10,42934018ATU,3338405M21125,AGOSTO,M,PRC,IV,PRESENCIAL,(JUEVES)(SABADO),(PRE 07:00-10:45)(PRE 07:00-10:45),ASIGNADO,,TCxH
3338,42934018,ATUNCAR GAMBOA MIGUEL ANGEL,VIRTUAL,ADMINISTRACIÓN DE OPERACIONES,514N,1,1676,10,42934018ATU,3338514N11676,AGOSTO,N,VIRTUAL,V,VIRTUAL,(LUNES)(JUEVES),(VIR 19:00-22:45)(VIR 19:00-22:45),ASIGNADO,,
3338,72843849,AVALOS PALOMINO MAURYN,VIRTUAL,NUEVAS TENDENCIAS EN ADMINISTRACIÓN DE EMPRESAS,C03M,1,2165,2,72843849AVA,3338C03M12165,AGOSTO,M,VIRTUAL,I,VIRTUAL,(MARTES),(VIR 07:00-08:30),ASIGNADO,,PTP
3338,72843849,AVALOS PALOMINO MAURYN,VIRTUAL,EXPERIENCIA FORMATIVA EN SITUACIÓN REAL DE TRABAJO,N18M,1,,2,72843849AVA,3338N18M1,AGOSTO,M,VIRTUAL,II,VIRTUAL,(LUNES),(VIR 11:30-13:00),ASIGNADO,,
3340,72843849,AVALOS PALOMINO MAURYN,VIRTUAL,ADMINISTRACIÓN DE NEGOCIOS,111M,,875,3,72843849AVA,3340111M875,AGOSTO,M,VIRTUAL,I,VIRTUAL,(MIÉRCOLES),(VIR 07:00-09:15),ASIGNADO,,PTP
3340,72843849,AVALOS PALOMINO MAURYN,VIRTUAL,ADMINISTRACIÓN DE NEGOCIOS,110M,2,874,5,72843849AVA,3340110M2874,AGOSTO,M,VIRTUAL,I,VIRTUAL,(JUEVES),(VIR 07:00-10:45),ASIGNADO,,PTP
3340,72843849,AVALOS PALOMINO MAURYN,VIRTUAL,ADMINISTRACIÓN DE NEGOCIOS,114M,1,880,5,72843849AVA,3340114M1880,AGOSTO,M,VIRTUAL,I,VIRTUAL,(VIERNES),(VIR 07:00-10:45),ASIGNADO,,PTP
3340,72843849,AVALOS PALOMINO MAURYN,VIRTUAL,ADMINISTRACIÓN DE NEGOCIOS,113M,2,878,5,72843849AVA,3340113M2878,AGOSTO,M,VIRTUAL,I,VIRTUAL,(VIERNES),(VIR 07:00-10:45),ASIGNADO,,PTP
3340,72843849,AVALOS PALOMINO MAURYN,VIRTUAL,EXPERIENCIAS FORMATIVAS EN SITUACIONES REALES DE TRABAJO,613M,2,851,2,72843849AVA,3340613M2851,AGOSTO,M,VIRTUAL,VI,VIRTUAL,(LUNES),(VIR 08:30-10:00),ASIGNADO,,
3340,72843849,AVALOS PALOMINO MAURYN,VIRTUAL,ADMINISTRACIÓN DE NEGOCIOS,122N,1,889,5,72843849AVA,3340122N1889,AGOSTO,N,VIRTUAL,I,VIRTUAL,(MIÉRCOLES),(VIR 19:00-22:45),ASIGNADO,,
3340,72843849,AVALOS PALOMINO MAURYN,VIRTUAL,ADMINISTRACIÓN DE NEGOCIOS,114N,1,881,5,72843849AVA,3340114N1881,AGOSTO,N,VIRTUAL,I,VIRTUAL,(JUEVES),(VIR 19:00-22:45),ASIGNADO,,
3341,72843849,AVALOS PALOMINO MAURYN,VIRTUAL,ADMINISTRACIÓN DE NEGOCIOS,102N,2,127,5,72843849AVA,3341102N2127,AGOSTO,N,VIRTUAL,I,VIRTUAL,(MIÉRCOLES)(VIERNES),(VIR 19:00-21:15)(VIR 19:00-20:30),ASIGNADO,,
3338,47364892,BARBOZA NIETO GIANCARLOS,SJL,HERRAMIENTAS DIGITALES E INTELIGENCIA ARTIFICIAL,116N,1,1936,12,47364892BAR,3338116N11936,AGOSTO,N,SJL,I,PRESENCIAL,(MARTES)(JUEVES)(VIERNES),(PRE 19:00-22:45)(PRE 20:30-22:00)(PRE 19:00-22:45),ASIGNADO,,
3338,46398900,BARDALES BRUNO EDUARDO ANTONIO,VIRTUAL,HERRAMIENTAS DIGITALES PARA LOS NEGOCIOS,201N,2,550,5,46398900BAR,3338201N2550,AGOSTO,N,VIRTUAL,II,VIRTUAL,(MIÉRCOLES),(VIR 19:00-22:45),ASIGNADO,,
3338,46398900,BARDALES BRUNO EDUARDO ANTONIO,VIRTUAL,HERRAMIENTAS DIGITALES E INTELIGENCIA ARTIFICIAL,106N,1,1798,6,46398900BAR,3338106N11798,AGOSTO,N,VIRTUAL,I,VIRTUAL,(JUEVES)(SABADO),(VIR 19:00-22:00)(VIR 20:30-22:00),ASIGNADO,,
3338,46398900,BARDALES BRUNO EDUARDO ANTONIO,VIRTUAL,HERRAMIENTAS DIGITALES PARA LOS NEGOCIOS,218N,1,709,5,46398900BAR,3338218N1709,AGOSTO,N,VIRTUAL,II,VIRTUAL,(VIERNES),(VIR 19:00-22:45),ASIGNADO,,
3339,46398900,BARDALES BRUNO EDUARDO ANTONIO,VIRTUAL,HERRAMIENTAS DIGITALES PARA LOS NEGOCIOS,204N,1,131,5,46398900BAR,3339204N1131,AGOSTO,N,VIRTUAL,II,VIRTUAL,(LUNES),(VIR 19:00-22:45),ASIGNADO,,
3340,46398900,BARDALES BRUNO EDUARDO ANTONIO,VIRTUAL,HERRAMIENTAS DIGITALES PARA LOS NEGOCIOS,203N,2,707,5,46398900BAR,3340203N2707,AGOSTO,N,VIRTUAL,II,VIRTUAL,(MARTES),(VIR 19:00-22:45),ASIGNADO,,
3338,32941592,BARRENO FLORES RICARDO JESUS,PRC,INDICADORES PARA RRHH,405M,1,1127,10,32941592BAR,3338405M11127,AGOSTO,M,PRC,IV,PRESENCIAL,(LUNES)(SABADO),(PRE 07:00-10:45)(PRE 07:00-10:45),ASIGNADO,,PPH
3338,9998347,BARZOLA ORTIZ RENATO,SJL,TALLER DE DESARROLLO GRÁFICO,227M,1,723,12,9998347BAR,3338227M1723,AGOSTO,M,SJL,II,PRESENCIAL,(MARTES)(JUEVES),(PRE 07:00-11:30)(PRE 07:00-11:30),ASIGNADO,,PTP
3338,9998347,BARZOLA ORTIZ RENATO,VES,EDICIÓN DIGITAL,236M,1,2132,8,9998347BAR,3338236M12132,AGOSTO,M,VES,II,PRESENCIAL,(LUNES)(MIÉRCOLES),(PRE 07:45-10:45)(PRE 07:45-10:45),ASIGNADO,,
3338,9998347,BARZOLA ORTIZ RENATO,VES,PRODUCTOS EDITORIALES,432M,2,2152,8,9998347BAR,3338432M22152,AGOSTO,M,VES,IV,PRESENCIAL,(MARTES)(JUEVES),(PRE 07:45-10:45)(PRE 07:45-10:45),ASIGNADO,,
3338,9998347,BARZOLA ORTIZ RENATO,NOR,TALLER DE IDENTIDAD VISUAL,308M,2,862,8,9998347BAR,3338308M2862,AGOSTO,M,NOR,III,PRESENCIAL,(MIÉRCOLES)(VIERNES),(PRE 07:45-10:45)(PRE 08:30-11:30),ASIGNADO,,
3338,9998347,BARZOLA ORTIZ RENATO,VES,EXPERIENCIA FORMATIVA EN SITUACIÓN REAL DE TRABAJO,616D,2,2159,2,9998347BAR,3338616D22159,AGOSTO,D,VES,VI,PRESENCIAL,(JUEVES),(PRE 11:30-13:00),ASIGNADO,,
3338,9998347,BARZOLA ORTIZ RENATO,PRC,DIBUJO DIGITAL VECTORIAL,105N,1,1943,10,9998347BAR,3338105N11943,AGOSTO,N,PRC,I,PRESENCIAL,(MARTES)(JUEVES),(PRE 19:00-22:45)(PRE 19:00-22:45),ASIGNADO,,
3338,9998347,BARZOLA ORTIZ RENATO,SJL,EXPERIENCIA FORMATIVA EN SITUACIÓN REAL DE TRABAJO,218N,2,,2,9998347BAR,3338218N2,AGOSTO,N,SJL,II,PRESENCIAL,(VIERNES),(PRE 19:00-20:30),ASIGNADO,,
3342,9998347,BARZOLA ORTIZ RENATO,VES,TIPOGRAFÍA Y LETTERING,103M,2,22,8,9998347BAR,3342103M222,SETIEMBRE,M,VES,I,PRESENCIAL,(LUNES)(SABADO),(PRE 07:45-10:45)(PRE 07:45-10:45),ASIGNADO,,
3340,70123166,BEGAZO GUZMÁN KATHERINE CELIA ROSA,VIRTUAL,ADMINISTRACIÓN DE OPERACIONES,508M,2,517,10,70123166BEG,3340508M2517,AGOSTO,M,VIRTUAL,V,VIRTUAL,(MIÉRCOLES)(SABADO),(VIR 07:00-10:45)(VIR 07:00-10:45),ASIGNADO,,PPH
3340,70123166,BEGAZO GUZMÁN KATHERINE CELIA ROSA,AQP,PROCESOS EMPRESARIALES,201T,1,268,10,70123166BEG,3340201T1268,AGOSTO,T,AQP,II,PRESENCIAL,(MIÉRCOLES)(VIERNES),(PRE 14:30-18:15)(PRE 14:30-18:15),ASIGNADO,,
3340,70123166,BEGAZO GUZMÁN KATHERINE CELIA ROSA,AQP,GESTIÓN DE PROCESOS DE MEJORA CONTINUA,407N,1,361,10,70123166BEG,3340407N1361,AGOSTO,N,AQP,IV,PRESENCIAL,(MIÉRCOLES)(VIERNES),(PRE 18:15-22:00)(PRE 18:15-22:00),ASIGNADO,,
3340,70123166,BEGAZO GUZMÁN KATHERINE CELIA ROSA,VIRTUAL,Gestión de Procesos de Mejora Continua,801N,2,1144,5,70123166BEG,3340801N21144,AGOSTO,N,VIRTUAL,IV,VIRTUAL,(JUEVES)(SABADO),(VIR 18:15-20:30)(VIR 21:15-22:45),ASIGNADO,,
3338,42760009,BEJARANO SOTO OTTO ARTHUR,NOR,GESTIÓN DE ALMACENES,613M,1,1454,8,42760009BEJ,3338613M11454,AGOSTO,M,NOR,VI,PRESENCIAL,(MARTES)(SABADO),(PRE 07:00-09:15)(PRE 07:00-10:45),ASIGNADO,,PPH
3338,42760009,BEJARANO SOTO OTTO ARTHUR,NOR,SUPPLY CHAIN MANAGEMENT,412M,2,1088,10,42760009BEJ,3338412M21088,AGOSTO,M,NOR,IV,PRESENCIAL,(MARTES)(VIERNES),(PRE 07:00-10:45)(PRE 07:00-10:45),ASIGNADO,,PPH
3338,47499056,BELLIDO VALENZUELA VIOLETA,PRC,"COTIZACIONES, PRECIOS Y COSTOS DE SERVICIOS LOGÍSTICOS",404M,1,1015,10,47499056BEL,3338404M11015,AGOSTO,M,PRC,IV,PRESENCIAL,(MIÉRCOLES)(VIERNES),(PRE 07:00-10:45)(PRE 07:00-10:45),ASIGNADO,,PPH
3338,47499056,BELLIDO VALENZUELA VIOLETA,PRC,OPERATIVIDAD ADUANERA,205M,2,649,10,47499056BEL,3338205M2649,AGOSTO,M,PRC,II,PRESENCIAL,(MIÉRCOLES)(SABADO),(PRE 07:00-10:45)(PRE 07:00-10:45),ASIGNADO,,PPH
3339,47499056,BELLIDO VALENZUELA VIOLETA,VIRTUAL,CONTROL DE DESPACHO,201N,1,59,5,47499056BEL,3339201N159,AGOSTO,N,VIRTUAL,II,VIRTUAL,(VIERNES),(VIR 19:00-22:45),ASIGNADO,,
3336,70199214,BENDEZU JAUREGUI YURGGEN SALVADOR,VIRTUAL,INVESTIGACIÓN DE MERCADO,204N,2,56,10,70199214BEN,3336204N256,JUNIO,N,VIRTUAL,II,VIRTUAL,(MARTES)(JUEVES),(VIR 19:00-22:45)(VIR 19:00-22:45),ASIGNADO,,
3340,70199214,BENDEZU JAUREGUI YURGGEN SALVADOR,SJL,PRICING: ESTRATEGIAS DE PRECIO,409M,2,595,10,70199214BEN,3340409M2595,AGOSTO,M,SJL,IV,PRESENCIAL,(LUNES)(SABADO),(PRE 07:00-10:45)(PRE 07:00-10:45),ASIGNADO,,PTP
3340,70199214,BENDEZU JAUREGUI YURGGEN SALVADOR,VIRTUAL,MARKETING,220M,2,245,4,70199214BEN,3340220M2245,AGOSTO,M,VIRTUAL,II,VIRTUAL,(JUEVES),(VIR 07:00-10:00),ASIGNADO,,PTP
3340,70199214,BENDEZU JAUREGUI YURGGEN SALVADOR,VIRTUAL,Marketing,701N,2,1116,5,70199214BEN,3340701N21116,AGOSTO,N,VIRTUAL,II,VIRTUAL,(VIERNES),(VIR 19:00-22:45),ASIGNADO,,
3340,70199214,BENDEZU JAUREGUI YURGGEN SALVADOR,VIRTUAL,MARKETING,215N,2,244,4,70199214BEN,3340215N2244,AGOSTO,N,VIRTUAL,II,VIRTUAL,(SABADO),(VIR 19:00-22:00),ASIGNADO,,
3341,70199214,BENDEZU JAUREGUI YURGGEN SALVADOR,VIRTUAL,FUNDAMENTOS DE MARKETING,103N,1,143,6,70199214BEN,3341103N1143,AGOSTO,N,VIRTUAL,I,VIRTUAL,(LUNES),(VIR 18:15-22:45),ASIGNADO,,
3341,70199214,BENDEZU JAUREGUI YURGGEN SALVADOR,VIRTUAL,HERRAMIENTAS DIGITALES PARA LOS NEGOCIOS,201N,2,88,5,70199214BEN,3341201N288,AGOSTO,N,VIRTUAL,II,VIRTUAL,(MIÉRCOLES),(VIR 19:00-22:45),ASIGNADO,,
3338,42226463,BENITES LUDEÑA JOHN EDWARD,SJL,EMPRENDIMIENTO: PLAN DE DESARROLLO DEL NEGOCIO,513M,2,1162,10,42226463BEN,3338513M21162,AGOSTO,M,SJL,V,PRESENCIAL,(LUNES)(JUEVES),(PRE 07:00-10:45)(PRE 07:00-10:45),ASIGNADO,,PTD
3338,42226463,BENITES LUDEÑA JOHN EDWARD,VES,EMPRENDIMIENTO: PROYECTO INTEGRADOR,632M,1,2054,12,42226463BEN,3338632M12054,AGOSTO,M,VES,VI,PRESENCIAL,(MARTES)(SABADO),(PRE 07:00-11:30)(PRE 07:00-11:30),ASIGNADO,,PTD
3338,42226463,BENITES LUDEÑA JOHN EDWARD,SJL,EMPRENDIMIENTO: PROYECTO INTEGRADOR,624M,2,1367,12,42226463BEN,3338624M21367,AGOSTO,M,SJL,VI,PRESENCIAL,(MARTES)(SABADO),(PRE 07:00-11:30)(PRE 07:00-11:30),ASIGNADO,,PTD
3338,42226463,BENITES LUDEÑA JOHN EDWARD,VES,EMPRENDIMIENTO: PROYECTO INTEGRADOR,625N,1,2078,12,42226463BEN,3338625N12078,AGOSTO,N,VES,VI,PRESENCIAL,(MARTES)(VIERNES),(PRE 18:15-22:45)(PRE 18:15-22:45),ASIGNADO,,
3338,42226463,BENITES LUDEÑA JOHN EDWARD,VIRTUAL,EMPRENDIMIENTO: MODELO DE NEGOCIO,419N,1,448,6,42226463BEN,3338419N1448,AGOSTO,N,VIRTUAL,IV,VIRTUAL,(SABADO),(VIR 18:15-22:45),ASIGNADO,,
3338,42226463,BENITES LUDEÑA JOHN EDWARD,PRC,EMPRENDIMIENTO: MODELO DE NEGOCIO,401N,1,887,10,42226463BEN,3338401N1887,AGOSTO,N,PRC,IV,PRESENCIAL,(LUNES)(JUEVES),(PRE 19:00-22:45)(PRE 19:00-22:45),ASIGNADO,,
3338,42226463,BENITES LUDEÑA JOHN EDWARD,PRC,EMPRENDIMIENTO: CREATIVIDAD E INNOVACIÓN,301N,2,754,10,42226463BEN,3338301N2754,AGOSTO,N,PRC,III,PRESENCIAL,(MIÉRCOLES)(SABADO),(PRE 19:00-22:45)(PRE 19:00-22:45),ASIGNADO,,
3339,42226463,BENITES LUDEÑA JOHN EDWARD,VIRTUAL,EMPRENDIMIENTO: MODELO DE NEGOCIO,403N,2,171,6,42226463BEN,3339403N2171,AGOSTO,N,VIRTUAL,IV,VIRTUAL,(VIERNES),(VIR 18:15-22:45),ASIGNADO,,
3338,44045986,BERAUN BARRANTES DE MAYNAS CANDY JOAN,SJL,ADMINISTRACIÓN DE NEGOCIOS,111M,1,1893,10,44045986BER,3338111M11893,AGOSTO,M,SJL,I,PRESENCIAL,(LUNES)(JUEVES),(PRE 07:00-10:45)(PRE 07:00-10:45),ASIGNADO,,PTC IN
3338,44045986,BERAUN BARRANTES DE MAYNAS CANDY JOAN,VES,ADMINISTRACIÓN DE NEGOCIOS,112M,2,1894,10,44045986BER,3338112M21894,AGOSTO,M,VES,I,PRESENCIAL,(LUNES)(JUEVES),(PRE 07:00-10:45)(PRE 07:00-10:45),ASIGNADO,,PTC IN
3338,44045986,BERAUN BARRANTES DE MAYNAS CANDY JOAN,SJL,ADMINISTRACIÓN DE NEGOCIOS,116N,2,1897,10,44045986BER,3338116N21897,AGOSTO,N,SJL,I,PRESENCIAL,(MIÉRCOLES)(VIERNES),(PRE 19:00-22:45)(PRE 19:00-22:45),ASIGNADO,,
3340,44739990,BERMÚDEZ OSORIO ENRIQUE JESUS,VIRTUAL,Gerencia de Personas,701N,2,1122,5,44739990BER,3340701N21122,AGOSTO,N,VIRTUAL,VII,VIRTUAL,(VIERNES),(VIR 19:00-22:45),ASIGNADO,,
3338,41197974,BERNAOLA REYES JOSE LUIS,VES,INGLÉS APLICADO A PROYECTOS EMPRESARIALES,432M,1,2115,12,41197974BER,3338432M12115,AGOSTO,M,VES,IV,PRESENCIAL,(MARTES)(SABADO),(PRE 07:00-11:30)(PRE 07:00-11:30),ASIGNADO,,PPH
3338,41197974,BERNAOLA REYES JOSE LUIS,VIRTUAL,INGLÉS PARA LA COMUNICACIÓN EN LOS NEGOCIOS,313M,2,827,8,41197974BER,3338313M2827,AGOSTO,M,VIRTUAL,III,VIRTUAL,(MARTES)(SABADO),(VIR 07:00-10:00)(VIR 07:00-10:00),ASIGNADO,,PPH
3338,9564117,BERTA HINOSTROZA ROY SYDNEY,VIRTUAL,HERRAMIENTAS DIGITALES PARA LOS NEGOCIOS,217M,1,708,5,9564117BER,3338217M1708,AGOSTO,M,VIRTUAL,II,VIRTUAL,(LUNES),(VIR 07:00-10:45),ASIGNADO,,PTD
3338,9564117,BERTA HINOSTROZA ROY SYDNEY,VIRTUAL,COMUNICACIÓN Y GESTIÓN DE LA INFORMACIÓN,C07M,1,2180,5,9564117BER,3338C07M12180,AGOSTO,M,VIRTUAL,I,VIRTUAL,(MARTES),(VIR 07:00-10:45),ASIGNADO,,PTD
3338,9564117,BERTA HINOSTROZA ROY SYDNEY,VIRTUAL,HERRAMIENTAS DIGITALES PARA LOS NEGOCIOS,211M,2,554,5,9564117BER,3338211M2554,AGOSTO,M,VIRTUAL,II,VIRTUAL,(MARTES),(VIR 07:00-10:45),ASIGNADO,,PTD
3338,9564117,BERTA HINOSTROZA ROY SYDNEY,VIRTUAL,HERRAMIENTAS DIGITALES PARA LOS NEGOCIOS,228M,1,717,5,9564117BER,3338228M1717,AGOSTO,M,VIRTUAL,II,VIRTUAL,(MIÉRCOLES),(VIR 07:00-10:45),ASIGNADO,,PTD
3338,9564117,BERTA HINOSTROZA ROY SYDNEY,VIRTUAL,HERRAMIENTAS DIGITALES PARA LOS NEGOCIOS,208M,2,552,5,9564117BER,3338208M2552,AGOSTO,M,VIRTUAL,II,VIRTUAL,(JUEVES),(VIR 07:00-10:45),ASIGNADO,,PTD
3338,9564117,BERTA HINOSTROZA ROY SYDNEY,VIRTUAL,HERRAMIENTAS DIGITALES PARA LOS NEGOCIOS,207M,1,707,5,9564117BER,3338207M1707,AGOSTO,M,VIRTUAL,II,VIRTUAL,(VIERNES),(VIR 07:00-10:45),ASIGNADO,,PTD
3338,9564117,BERTA HINOSTROZA ROY SYDNEY,SJL,HERRAMIENTAS DIGITALES PARA LOS NEGOCIOS,213N,1,642,10,9564117BER,3338213N1642,AGOSTO,N,SJL,II,PRESENCIAL,(LUNES)(JUEVES),(PRE 19:00-22:45)(PRE 19:00-22:45),ASIGNADO,,
3338,9564117,BERTA HINOSTROZA ROY SYDNEY,VIRTUAL,HERRAMIENTAS DIGITALES PARA LOS NEGOCIOS,227N,2,716,5,9564117BER,3338227N2716,AGOSTO,N,VIRTUAL,II,VIRTUAL,(LUNES),(VIR 19:00-22:45),ASIGNADO,,
3338,9564117,BERTA HINOSTROZA ROY SYDNEY,SJL,BIG DATA APLICADA A LOS NEGOCIOS,309N,2,786,10,9564117BER,3338309N2786,AGOSTO,N,SJL,III,PRESENCIAL,(MARTES)(JUEVES),(PRE 19:00-22:45)(PRE 19:00-22:45),ASIGNADO,,
3338,9564117,BERTA HINOSTROZA ROY SYDNEY,VIRTUAL,GESTIÓN EMPRESARIAL BASADA EN BI,514N,1,1684,10,9564117BER,3338514N11684,AGOSTO,N,VIRTUAL,V,VIRTUAL,(MIÉRCOLES)(VIERNES),(VIR 19:00-22:45)(VIR 19:00-22:45),ASIGNADO,,
3338,9564117,BERTA HINOSTROZA ROY SYDNEY,VIRTUAL,GESTIÓN EMPRESARIAL BASADA EN BI,515N,2,1685,10,9564117BER,3338515N21685,AGOSTO,N,VIRTUAL,V,VIRTUAL,(MIÉRCOLES)(VIERNES),(VIR 19:00-22:45)(VIR 19:00-22:45),ASIGNADO,,
3339,9564117,BERTA HINOSTROZA ROY SYDNEY,VIRTUAL,BIG DATA APLICADA A LOS NEGOCIOS,301M,2,70,5,9564117BER,3339301M270,AGOSTO,M,VIRTUAL,III,VIRTUAL,(MIÉRCOLES),(VIR 07:00-10:45),ASIGNADO,,PTD
3340,21011349,BOCANEGRA LEON MILLY,VES,CREATIVIDAD E INNOVACIÓN,312M,2,1080,8,21011349BOC,3340312M21080,AGOSTO,M,VES,III,PRESENCIAL,(LUNES)(MIÉRCOLES),(PRE 07:00-10:00)(PRE 07:00-10:00),ASIGNADO,,PTC IN
3340,21011349,BOCANEGRA LEON MILLY,PRC,CREATIVIDAD E INNOVACIÓN,302M,1,312,8,21011349BOC,3340302M1312,AGOSTO,M,PRC,III,PRESENCIAL,(JUEVES)(SABADO),(PRE 07:00-10:00)(PRE 07:00-10:00),ASIGNADO,,PTC IN
3340,21011349,BOCANEGRA LEON MILLY,PRC,CREATIVIDAD E INNOVACIÓN,301N,2,311,8,21011349BOC,3340301N2311,AGOSTO,N,PRC,III,PRESENCIAL,(MARTES)(JUEVES),(PRE 19:00-22:00)(PRE 19:00-22:00),ASIGNADO,,
3340,21011349,BOCANEGRA LEON MILLY,VIRTUAL,CREATIVIDAD E INNOVACIÓN,306N,1,832,5,21011349BOC,3340306N1832,AGOSTO,N,VIRTUAL,III,VIRTUAL,(JUEVES),(VIR 19:00-22:45),ASIGNADO,,
3341,21011349,BOCANEGRA LEON MILLY,VIRTUAL,CREATIVIDAD E INNOVACIÓN,301N,1,121,4,21011349BOC,3341301N1121,AGOSTO,N,VIRTUAL,III,VIRTUAL,(LUNES),(VIR 19:00-22:00),ASIGNADO,,
3341,21011349,BOCANEGRA LEON MILLY,VIRTUAL,CREATIVIDAD E INNOVACIÓN,303N,1,39,5,21011349BOC,3341303N139,AGOSTO,N,VIRTUAL,III,VIRTUAL,(MIÉRCOLES),(VIR 19:00-22:45),ASIGNADO,,
3335,42236142,BORJA ROJAS JULIO MIGUEL,VIRTUAL,NUEVAS TENDENCIAS EN ADMINISTRACIÓN DE NEGOCIOS INTERNACIONALES,103N,2,26,5,42236142BOR,3335103N226,JUNIO,N,VIRTUAL,I,VIRTUAL,(MIÉRCOLES),(VIR 19:00-22:45),ASIGNADO,,
3338,42236142,BORJA ROJAS JULIO MIGUEL,NOR,GESTIÓN DE PROVEEDORES,307M,1,799,10,42236142BOR,3338307M1799,AGOSTO,M,NOR,III,PRESENCIAL,(LUNES)(JUEVES),(PRE 07:00-10:45)(PRE 07:00-10:45),ASIGNADO,,PTC
3338,42236142,BORJA ROJAS JULIO MIGUEL,NOR,ESTRATEGIAS DE COMERCIO INTERNACIONAL,613M,2,1442,8,42236142BOR,3338613M21442,AGOSTO,M,NOR,VI,PRESENCIAL,(LUNES)(MIÉRCOLES),(PRE 07:00-10:00)(PRE 07:00-10:00),ASIGNADO,,PTC
3338,42236142,BORJA ROJAS JULIO MIGUEL,NOR,COMERCIO EXTERIOR,125M,1,1926,10,42236142BOR,3338125M11926,AGOSTO,M,NOR,I,PRESENCIAL,(MIÉRCOLES)(VIERNES),(PRE 07:00-10:45)(PRE 07:00-10:45),ASIGNADO,,PTC
3338,42236142,BORJA ROJAS JULIO MIGUEL,NOR,EXPERIENCIA FORMATIVA EN SITUACIÓN REAL DE TRABAJO,214M,2,632,2,42236142BOR,3338214M2632,AGOSTO,M,NOR,II,PRESENCIAL,(JUEVES),(PRE 10:00-11:30),ASIGNADO,,
3339,42236142,BORJA ROJAS JULIO MIGUEL,VIRTUAL,OPERATIVIDAD ADUANERA,201M,2,61,5,42236142BOR,3339201M261,AGOSTO,M,VIRTUAL,II,VIRTUAL,(VIERNES),(VIR 07:00-10:45),ASIGNADO,,PTC
3339,42236142,BORJA ROJAS JULIO MIGUEL,VIRTUAL,OPERATIVIDAD PORTUARIA,202N,1,66,5,42236142BOR,3339202N166,AGOSTO,N,VIRTUAL,II,VIRTUAL,(LUNES),(VIR 19:00-22:45),ASIGNADO,,
3339,42236142,BORJA ROJAS JULIO MIGUEL,VIRTUAL,EXPERIENCIA FORMATIVA EN SITUACIÓN REAL DE TRABAJO,601N,2,117,2,42236142BOR,3339601N2117,AGOSTO,N,VIRTUAL,VI,VIRTUAL,(LUNES),(VIR 19:00-20:30),ASIGNADO,,
3339,42236142,BORJA ROJAS JULIO MIGUEL,VIRTUAL,COMERCIO EXTERIOR,105N,2,214,5,42236142BOR,3339105N2214,AGOSTO,N,VIRTUAL,I,VIRTUAL,(MIÉRCOLES)(VIERNES),(VIR 19:00-21:15)(VIR 19:00-20:30),ASIGNADO,,
3339,42236142,BORJA ROJAS JULIO MIGUEL,VIRTUAL,GESTIÓN DE PROVEEDORES,301N,2,83,5,42236142BOR,3339301N283,AGOSTO,N,VIRTUAL,III,VIRTUAL,(JUEVES),(VIR 19:00-22:45),ASIGNADO,,
3339,42236142,BORJA ROJAS JULIO MIGUEL,VIRTUAL,EXPERIENCIA FORMATIVA EN SITUACIÓN REAL DE TRABAJO,401N,2,104,2,42236142BOR,3339401N2104,AGOSTO,N,VIRTUAL,IV,VIRTUAL,(LUNES),(VIR 21:15-22:45),ASIGNADO,,
3339,42236142,BORJA ROJAS JULIO MIGUEL,VIRTUAL,EXPERIENCIA FORMATIVA EN SITUACIÓN REAL DE TRABAJO,402N,2,105,2,42236142BOR,3339402N2105,AGOSTO,N,VIRTUAL,IV,VIRTUAL,(MIÉRCOLES),(VIR 21:15-22:45),ASIGNADO,,
3338,10178854,BOTTON ARBAÑIL JAFFET,NOR,EDICIÓN DIGITAL,217M,1,731,8,10178854BOT,3338217M1731,AGOSTO,M,NOR,II,PRESENCIAL,(MARTES)(JUEVES),(PRE 07:45-10:45)(PRE 07:45-10:45),ASIGNADO,,
3338,10178854,BOTTON ARBAÑIL JAFFET,NOR,TÉCNICAS DIGITALES,308M,2,859,12,10178854BOT,3338308M2859,AGOSTO,M,NOR,III,PRESENCIAL,(MARTES)(JUEVES)(SABADO),(PRE 07:45-10:45)(PRE 07:45-10:45)(PRE 07:45-10:45),ASIGNADO,,
3338,10178854,BOTTON ARBAÑIL JAFFET,SJL,TIPOGRAFÍA Y LETTERING,125N,1,1972,8,10178854BOT,3338125N11972,AGOSTO,N,SJL,I,PRESENCIAL,(LUNES)(SABADO),(PRE 19:00-22:00)(PRE 19:00-22:00),ASIGNADO,,
3338,7568902,BUSTAMANTE PRINCIPE MARIA ALEJANDRA,SJL,PENSAMIENTO LÓGICO,117M,2,1873,12,7568902BUS,3338117M21873,AGOSTO,M,SJL,I,PRESENCIAL,(MARTES)(JUEVES)(SABADO),(PRE 07:00-10:45)(PRE 07:00-10:45)(PRE 07:00-08:30),ASIGNADO,,PTC IN
3338,7568902,BUSTAMANTE PRINCIPE MARIA ALEJANDRA,SJL,PENSAMIENTO LÓGICO,116N,1,1872,12,7568902BUS,3338116N11872,AGOSTO,N,SJL,I,PRESENCIAL,(LUNES)(JUEVES)(SABADO),(PRE 19:00-22:45)(PRE 19:00-20:30)(PRE 19:00-22:45),ASIGNADO,,
3334,43232800,BUSTILLOS HUAYHUA REYNALDO JUNIOR,VIRTUAL,PENSAMIENTO LÓGICO PARA LOS NEGOCIOS,105N,2,77,6,43232800BUS,3334105N277,JUNIO,N,VIRTUAL,I,VIRTUAL,(MIÉRCOLES)(VIERNES),(VIR 19:00-21:15)(VIR 19:00-21:15),ASIGNADO,,
3338,43232800,BUSTILLOS HUAYHUA REYNALDO JUNIOR,SJL,PENSAMIENTO LÓGICO,116M,1,1871,12,43232800BUS,3338116M11871,AGOSTO,M,SJL,I,PRESENCIAL,(MARTES)(MIÉRCOLES)(VIERNES),(PRE 07:00-10:45)(PRE 07:00-08:30)(PRE 07:00-10:45),ASIGNADO,,PTP
3340,43232800,BUSTILLOS HUAYHUA REYNALDO JUNIOR,PRC,PENSAMIENTO LÓGICO,108M,2,939,12,43232800BUS,3340108M2939,AGOSTO,M,PRC,I,PRESENCIAL,(LUNES)(MIÉRCOLES)(VIERNES),(PRE 07:00-10:45)(PRE 07:00-10:45)(PRE 07:00-08:30),ASIGNADO,,PTP
3340,43232800,BUSTILLOS HUAYHUA REYNALDO JUNIOR,SJL,PENSAMIENTO LÓGICO,103N,2,930,12,43232800BUS,3340103N2930,AGOSTO,N,SJL,I,PRESENCIAL,(LUNES)(MIÉRCOLES)(VIERNES),(PRE 19:00-22:45)(PRE 19:00-22:45)(PRE 20:30-22:00),ASIGNADO,,
3341,43232800,BUSTILLOS HUAYHUA REYNALDO JUNIOR,VIRTUAL,PENSAMIENTO LÓGICO,101N,1,135,6,43232800BUS,3341101N1135,AGOSTO,N,VIRTUAL,I,VIRTUAL,(LUNES),(VIR 18:15-22:45),ASIGNADO,,
3338,9317559,CABEZAS ACUÑA RUTH FERNANDINA,NOR,FUNDAMENTOS DE LA BANCA COMERCIAL,113N,1,1845,10,9317559CAB,3338113N11845,AGOSTO,N,NOR,I,PRESENCIAL,(MIÉRCOLES)(SABADO),(PRE 19:00-22:45)(PRE 19:00-22:45),ASIGNADO,,
3338,71625303,CABEZAS AVELLANEDA JOSELIN ODET,VIRTUAL,TÉCNICAS TRADICIONALES,428M,2,428,10,71625303CAB,3338428M2428,AGOSTO,M,VIRTUAL,IV,VIRTUAL,(MARTES)(JUEVES)(SABADO),(VIR 07:00-09:15)(VIR 07:00-09:15)(VIR 07:00-10:00),ASIGNADO,,PPH
3338,71625303,CABEZAS AVELLANEDA JOSELIN ODET,SJL,TÉCNICAS Y ESTILOS GRÁFICOS,218N,2,726,10,71625303CAB,3338218N2726,AGOSTO,N,SJL,II,PRESENCIAL,(MARTES)(JUEVES),(PRE 19:00-22:45)(PRE 19:00-22:45),ASIGNADO,,
3342,71625303,CABEZAS AVELLANEDA JOSELIN ODET,VES,COMPOSICIÓN Y COLOR,103M,1,18,12,71625303CAB,3342103M118,SETIEMBRE,M,VES,I,PRESENCIAL,(LUNES)(MIÉRCOLES)(VIERNES),(PRE 07:45-10:45)(PRE 07:45-10:45)(PRE 07:45-10:45),ASIGNADO,,
3338,16742543,CABREJOS ARICOCHE CESAR MANUEL,SJL,SUPPLY CHAIN MANAGEMENT,420M,2,1092,10,16742543CAB,3338420M21092,AGOSTO,M,SJL,IV,PRESENCIAL,(MARTES)(SABADO),(PRE 07:00-10:45)(PRE 07:00-10:45),ASIGNADO,,PPH
3340,16742543,CABREJOS ARICOCHE CESAR MANUEL,VIRTUAL,GESTIÓN DE LA CADENA DE SUMINISTROS,402T,2,538,5,16742543CAB,3340402T2538,AGOSTO,T,VIRTUAL,IV,VIRTUAL,(VIERNES),(VIR 14:30-18:15),ASIGNADO,,
3335,46251842,CACEDA NUÑEZ CLAUDIA LEONOR,VIRTUAL,ADMINISTRACIÓN DE NEGOCIOS,103N,2,6,4,46251842CAC,3335103N26,JUNIO,N,VIRTUAL,I,VIRTUAL,(VIERNES),(VIR 19:00-22:00),ASIGNADO,,
3338,46251842,CACEDA NUÑEZ CLAUDIA LEONOR,VIRTUAL,LIDERAZGO COLABORATIVO PARA LA SOLUCIÓN DE PROBLEMAS,611M,2,1517,3,46251842CAC,3338611M21517,AGOSTO,M,VIRTUAL,VI,VIRTUAL,(SABADO),(VIR 07:00-09:15),ASIGNADO,,PPH
3340,46251842,CACEDA NUÑEZ CLAUDIA LEONOR,VIRTUAL,Administración de Personal,801N,2,1126,5,46251842CAC,3340801N21126,AGOSTO,N,VIRTUAL,IV,VIRTUAL,(MARTES),(VIR 19:00-22:45),ASIGNADO,,
3340,46251842,CACEDA NUÑEZ CLAUDIA LEONOR,VIRTUAL,LIDERAZGO ESTRATÉGICO,406N,1,551,5,46251842CAC,3340406N1551,AGOSTO,N,VIRTUAL,IV,VIRTUAL,(SABADO),(VIR 19:00-22:45),ASIGNADO,,
3338,41875394,CADILLO ANGELES MANUEL AUGUSTO,VIRTUAL,FUNDAMENTOS DE LA PUBLICIDAD,231M,2,470,10,41875394CAD,3338231M2470,AGOSTO,M,VIRTUAL,II,VIRTUAL,(MIÉRCOLES)(VIERNES),(VIR 07:00-10:45)(VIR 07:00-10:45),ASIGNADO,,PTC
3338,41875394,CADILLO ANGELES MANUEL AUGUSTO,VIRTUAL,ANALÍTICA DE LA INFORMACIÓN,626M,1,1643,8,41875394CAD,3338626M11643,AGOSTO,M,VIRTUAL,VI,VIRTUAL,(LUNES)(JUEVES),(VIR 07:45-10:45)(VIR 07:45-10:45),ASIGNADO,,
3338,41875394,CADILLO ANGELES MANUEL AUGUSTO,VIRTUAL,EXPERIENCIA FORMATIVA EN SITUACIÓN REAL DE TRABAJO,231M,2,469,2,41875394CAD,3338231M2469,AGOSTO,M,VIRTUAL,II,VIRTUAL,(LUNES),(VIR 08:30-10:00),ASIGNADO,,
3338,41875394,CADILLO ANGELES MANUEL AUGUSTO,VIRTUAL,PROYECTO DE ESTRATEGIA PUBLICITARIA,518N,2,483,10,41875394CAD,3338518N2483,AGOSTO,N,VIRTUAL,V,VIRTUAL,(LUNES)(MIÉRCOLES)(VIERNES),(VIR 19:00-22:00)(VIR 19:00-21:15)(VIR 19:00-21:15),ASIGNADO,,
3338,41875394,CADILLO ANGELES MANUEL AUGUSTO,VIRTUAL,COMPORTAMIENTO DEL CONSUMIDOR,518N,1,479,8,41875394CAD,3338518N1479,AGOSTO,N,VIRTUAL,V,VIRTUAL,(MARTES)(JUEVES),(VIR 19:00-22:00)(VIR 19:00-22:00),ASIGNADO,,
3338,41875394,CADILLO ANGELES MANUEL AUGUSTO,VIRTUAL,ANALÍTICA DE LA INFORMACIÓN,622N,2,1642,8,41875394CAD,3338622N21642,AGOSTO,N,VIRTUAL,VI,VIRTUAL,(MARTES)(JUEVES),(VIR 19:00-22:00)(VIR 19:00-22:00),ASIGNADO,,
3338,41875394,CADILLO ANGELES MANUEL AUGUSTO,VIRTUAL,ESTRATEGIAS PUBLICITARIAS,518N,1,481,10,41875394CAD,3338518N1481,AGOSTO,N,VIRTUAL,V,VIRTUAL,(MIÉRCOLES)(VIERNES),(VIR 19:00-22:45)(VIR 19:00-22:45),ASIGNADO,,
3338,10086133,CAHUA SUCASAIRE JOSUE ESAU,VES,FOTOGRAFÍA,236M,2,2134,10,10086133CAH,3338236M22134,AGOSTO,M,VES,II,PRESENCIAL,(MARTES)(JUEVES),(PRE 07:00-10:45)(PRE 07:00-10:45),ASIGNADO,,PTP
3338,10086133,CAHUA SUCASAIRE JOSUE ESAU,SJL,EDICIÓN DIGITAL,227M,1,,8,10086133CAH,3338227M1,AGOSTO,M,SJL,II,PRESENCIAL,(LUNES)(MIÉRCOLES),(PRE 07:45-10:45)(PRE 07:45-10:45),ASIGNADO,,
3338,10086133,CAHUA SUCASAIRE JOSUE ESAU,VIRTUAL,TÉCNICAS Y ESTILOS GRÁFICOS,225N,1,727,12,10086133CAH,3338225N1727,AGOSTO,N,VIRTUAL,II,VIRTUAL,(LUNES)(MIÉRCOLES)(VIERNES),(VIR 19:00-22:00)(VIR 19:00-22:00)(VIR 19:00-22:00),ASIGNADO,,
3338,10086133,CAHUA SUCASAIRE JOSUE ESAU,SJL,COMPOSICIÓN Y COLOR,125N,2,1952,12,10086133CAH,3338125N21952,AGOSTO,N,SJL,I,PRESENCIAL,(MARTES)(JUEVES)(VIERNES),(PRE 19:00-22:00)(PRE 19:00-22:00)(PRE 19:00-22:00),ASIGNADO,,
3338,47629927,CAJIGAS PONTE ARNOLD RAUL,NOR,EXPERIENCIA DEL CLIENTE,210N,1,564,10,47629927CAJ,3338210N1564,AGOSTO,N,NOR,II,PRESENCIAL,(LUNES)(JUEVES),(PRE 19:00-22:45)(PRE 19:00-22:45),ASIGNADO,,
3340,47629927,CAJIGAS PONTE ARNOLD RAUL,NOR,EXPERIENCIA DEL CLIENTE,211M,1,225,10,47629927CAJ,3340211M1225,AGOSTO,M,NOR,II,PRESENCIAL,(MARTES)(VIERNES),(PRE 07:00-10:45)(PRE 07:00-10:45),ASIGNADO,,PPH
3338,9312793,CALDERON SOLANO JOHNNY JESUS,SJL,TOMA DE DECISIONES ESTRATÉGICAS,608T,1,1342,10,9312793CAL,3338608T11342,AGOSTO,T,SJL,VI,PRESENCIAL,(JUEVES)(SABADO),(PRE 14:30-18:15)(PRE 14:30-18:15),ASIGNADO,,
3338,9312793,CALDERON SOLANO JOHNNY JESUS,SJL,BANCA COMERCIAL,214N,2,506,10,9312793CAL,3338214N2506,AGOSTO,N,SJL,II,PRESENCIAL,(MIÉRCOLES)(SABADO),(PRE 19:00-22:45)(PRE 19:00-22:45),ASIGNADO,,
3340,43094537,CALDERON SURCO TATIANA LESLIE,VIRTUAL,METODOLOGÍA CUANTITATIVA,312M,1,1081,6,43094537CAL,3340312M11081,AGOSTO,M,VIRTUAL,III,VIRTUAL,(LUNES)(SABADO),(VIR 07:00-09:15)(VIR 07:00-09:15),ASIGNADO,,TCxH
3338,70332041,CAPARACHIN FLORES PEDRO MANUEL,VIRTUAL,DISEÑO DE INTERFACES GRÁFICAS,515M,1,1283,10,70332041CAP,3338515M11283,AGOSTO,M,VIRTUAL,V,VIRTUAL,(MARTES)(JUEVES),(VIR 07:00-10:45)(VIR 07:00-10:45),ASIGNADO,,PTC
3338,70332041,CAPARACHIN FLORES PEDRO MANUEL,VIRTUAL,PRUEBAS DE USUARIO,626M,2,1652,10,70332041CAP,3338626M21652,AGOSTO,M,VIRTUAL,VI,VIRTUAL,(MIÉRCOLES)(VIERNES),(VIR 07:00-10:45)(VIR 07:00-10:45),ASIGNADO,,PTC
3338,70332041,CAPARACHIN FLORES PEDRO MANUEL,SJL,PROYECTO INTEGRADOR DE DISEÑO,626M,2,1660,8,70332041CAP,3338626M21660,AGOSTO,M,SJL,VI,PRESENCIAL,(MARTES)(JUEVES),(PRE 07:45-10:45)(PRE 07:45-10:45),ASIGNADO,,
3338,70332041,CAPARACHIN FLORES PEDRO MANUEL,VIRTUAL,EXPERIENCIA FORMATIVA EN SITUACIÓN REAL DE TRABAJO,230M,2,418,2,70332041CAP,3338230M2418,AGOSTO,M,VIRTUAL,II,VIRTUAL,(LUNES),(VIR 09:15-10:45),ASIGNADO,,
3338,70332041,CAPARACHIN FLORES PEDRO MANUEL,VIRTUAL,PROYECTO INTEGRADOR DE DISEÑO,622N,1,,8,70332041CAP,3338622N1,AGOSTO,N,VIRTUAL,VI,VIRTUAL,(MARTES)(JUEVES),(VIR 19:00-22:00)(VIR 19:00-22:00),ASIGNADO,,
3338,70332041,CAPARACHIN FLORES PEDRO MANUEL,VIRTUAL,PROYECTO DE PROTOTIPO DE DISEÑO,516N,2,423,8,70332041CAP,3338516N2423,AGOSTO,N,VIRTUAL,V,VIRTUAL,(MARTES)(VIERNES),(VIR 19:00-22:00)(VIR 19:00-22:00),ASIGNADO,,
3338,70332041,CAPARACHIN FLORES PEDRO MANUEL,VIRTUAL,DISEÑO DE INTERFACES GRÁFICAS,516N,1,,10,70332041CAP,3338516N1,AGOSTO,N,VIRTUAL,V,VIRTUAL,(MIÉRCOLES)(VIERNES),(VIR 19:00-22:45)(VIR 19:00-22:45),ASIGNADO,,
3339,47882969,CARBAJAL AÑORGA SANDRA INES,VIRTUAL,AUDITORÍA,602N,2,179,5,47882969CAR,3339602N2179,AGOSTO,N,VIRTUAL,VI,VIRTUAL,(MIÉRCOLES),(VIR 19:00-22:45),ASIGNADO,,
3338,6784143,CARDENAS CASAPIA SUSANA SOFIA,SJL,INGLÉS PARA NEGOCIOS INTERNACIONALES,512M,2,1198,10,6784143CAR,3338512M21198,AGOSTO,M,SJL,V,PRESENCIAL,(MARTES)(JUEVES),(PRE 07:00-10:45)(PRE 07:00-10:45),ASIGNADO,,PPH
3338,42149894,CARDENAS MARTINEZ JULIO CESAR,PRC,PENSAMIENTO LÓGICO,110M,1,1859,12,42149894CAR,3338110M11859,AGOSTO,M,PRC,I,PRESENCIAL,(LUNES)(MIÉRCOLES)(VIERNES),(PRE 07:00-08:30)(PRE 07:00-10:45)(PRE 07:00-10:45),ASIGNADO,,PTP
3338,42149894,CARDENAS MARTINEZ JULIO CESAR,VES,PENSAMIENTO LÓGICO,119M,2,1877,12,42149894CAR,3338119M21877,AGOSTO,M,VES,I,PRESENCIAL,(LUNES)(JUEVES)(SABADO),(PRE 07:00-10:45)(PRE 07:00-10:45)(PRE 07:00-08:30),ASIGNADO,,PTP
3338,42149894,CARDENAS MARTINEZ JULIO CESAR,PRC,PENSAMIENTO LÓGICO,111N,1,1862,12,42149894CAR,3338111N11862,AGOSTO,N,PRC,I,PRESENCIAL,(MARTES)(JUEVES)(SABADO),(PRE 19:00-22:45)(PRE 19:00-22:45)(PRE 19:00-20:30),ASIGNADO,,
3338,42149894,CARDENAS MARTINEZ JULIO CESAR,PRC,PENSAMIENTO LÓGICO,110N,2,1860,12,42149894CAR,3338110N21860,AGOSTO,N,PRC,I,PRESENCIAL,(MARTES)(JUEVES)(SABADO),(PRE 19:00-22:45)(PRE 19:00-22:45)(PRE 19:00-20:30),ASIGNADO,,
3340,72314931,CARPIO RIVERA FRED,VIRTUAL,EXPERIENCIAS FORMATIVAS EN SITUACIONES REALES DE TRABAJO,219M,2,831,2,72314931CAR,3340219M2831,AGOSTO,M,VIRTUAL,II,VIRTUAL,(JUEVES),(VIR 08:30-10:00),ASIGNADO,,
3340,72314931,CARPIO RIVERA FRED,VIRTUAL,EXPERIENCIAS FORMATIVAS EN SITUACIONES REALES DE TRABAJO,214N,2,830,2,72314931CAR,3340214N2830,AGOSTO,N,VIRTUAL,II,VIRTUAL,(VIERNES),(VIR 19:00-20:30),ASIGNADO,,
3340,72314931,CARPIO RIVERA FRED,VIRTUAL,HERRAMIENTAS DIGITALES PARA LOS NEGOCIOS,201N,2,194,5,72314931CAR,3340201N2194,AGOSTO,N,VIRTUAL,II,VIRTUAL,(SABADO),(VIR 19:00-22:45),ASIGNADO,,
3338,71738047,CARRANZA ALBERCA CLEYNER ALFONSO,VIRTUAL,COSTOS Y PRESUPUESTOS,317N,2,441,4,71738047CAR,3338317N2441,AGOSTO,N,VIRTUAL,III,VIRTUAL,(MIÉRCOLES),(VIR 19:00-22:00),ASIGNADO,,
3339,71738047,CARRANZA ALBERCA CLEYNER ALFONSO,VIRTUAL,EXPERIENCIA FORMATIVA EN SITUACIÓN REAL DE TRABAJO,602N,2,184,2,71738047CAR,3339602N2184,AGOSTO,N,VIRTUAL,VI,VIRTUAL,(VIERNES),(VIR 19:00-20:30),ASIGNADO,,
3340,71738047,CARRANZA ALBERCA CLEYNER ALFONSO,NOR,CONTABILIDAD,205N,1,253,8,71738047CAR,3340205N1253,AGOSTO,N,NOR,II,PRESENCIAL,(JUEVES)(SABADO),(PRE 19:00-22:00)(PRE 19:00-22:00),ASIGNADO,,
3338,42913572,CARRASCO HUAMANI JUAN AUGUSTO RICARDO,AQP,PRODUCTOS EDITORIALES,418M,1,1136,8,42913572CAR,3338418M11136,AGOSTO,M,AQP,IV,PRESENCIAL,(MARTES)(VIERNES),(PRE 07:45-10:45)(PRE 07:45-10:45),ASIGNADO,,
3342,42913572,CARRASCO HUAMANI JUAN AUGUSTO RICARDO,AQP,TIPOGRAFÍA Y LETTERING,102M,,,4,42913572CAR,3342102M,AGOSTO,M,AQP,I,PRESENCIAL,(MIÉRCOLES),(PRE 08:30-11:30),ASIGNADO,,
3338,41710699,CARRERA RODRIGUEZ DERECK ANTONIO,PRC,GESTIÓN Y PLANEAMIENTO TRIBUTARIO,403M,2,996,10,41710699CAR,3338403M2996,AGOSTO,M,PRC,IV,PRESENCIAL,(MARTES)(SABADO),(PRE 07:00-10:45)(PRE 07:00-10:45),ASIGNADO,,PTP
3338,41710699,CARRERA RODRIGUEZ DERECK ANTONIO,SJL,DINÁMICA DEL PLAN CONTABLE,123N,1,1986,10,41710699CAR,3338123N11986,AGOSTO,N,SJL,I,PRESENCIAL,(LUNES)(MIÉRCOLES),(PRE 19:00-22:45)(PRE 19:00-22:45),ASIGNADO,,
3338,41710699,CARRERA RODRIGUEZ DERECK ANTONIO,SJL,ANÁLISIS E INTERPRETACIÓN DE ESTADOS FINANCIEROS,617N,2,1380,10,41710699CAR,3338617N21380,AGOSTO,N,SJL,VI,PRESENCIAL,(LUNES)(JUEVES),(PRE 19:00-22:45)(PRE 19:00-22:45),ASIGNADO,,
3338,41710699,CARRERA RODRIGUEZ DERECK ANTONIO,SJL,CONTABILIDAD,214N,1,519,10,41710699CAR,3338214N1519,AGOSTO,N,SJL,II,PRESENCIAL,(MARTES)(JUEVES),(PRE 19:00-22:45)(PRE 19:00-22:45),ASIGNADO,,
3334,43295337,CARRILLO BRICEÑO YESSICA MILAGROS,PRC,CONTABILIDAD,205N,2,,5,43295337CAR,3334205N2,JUNIO,N,PRC,II,PRESENCIAL,(LUNES),(PRE 19:00-22:45),ASIGNADO,,
3334,43295337,CARRILLO BRICEÑO YESSICA MILAGROS,PRC,CONTABILIDAD,205N,2,71,5,43295337CAR,3334205N271,JUNIO,N,PRC,II,PRESENCIAL,(JUEVES),(PRE 19:00-22:45),ASIGNADO,,
3338,43295337,CARRILLO BRICEÑO YESSICA MILAGROS,PRC,DINÁMICA DEL PLAN CONTABLE,131M,2,1987,10,43295337CAR,3338131M21987,AGOSTO,M,PRC,I,PRESENCIAL,(LUNES)(VIERNES),(PRE 07:00-10:45)(PRE 07:00-10:45),ASIGNADO,,PTP
3338,43295337,CARRILLO BRICEÑO YESSICA MILAGROS,VIRTUAL,CONTABILIDAD GERENCIAL,602M,1,1558,5,43295337CAR,3338602M11558,AGOSTO,M,VIRTUAL,VI,VIRTUAL,(MARTES)(VIERNES),(VIR 07:00-09:15)(VIR 07:00-08:30),ASIGNADO,,PTP
3338,43295337,CARRILLO BRICEÑO YESSICA MILAGROS,VES,CONTABILIDAD SUPERIOR,229N,2,2061,10,43295337CAR,3338229N22061,AGOSTO,N,VES,II,PRESENCIAL,(LUNES)(VIERNES),(PRE 19:00-22:45)(PRE 19:00-22:45),ASIGNADO,,
3338,43295337,CARRILLO BRICEÑO YESSICA MILAGROS,VIRTUAL,CONTABILIDAD TRIBUTARIA Y LABORAL,302N,1,842,5,43295337CAR,3338302N1842,AGOSTO,N,VIRTUAL,III,VIRTUAL,(MARTES),(VIR 19:00-22:45),ASIGNADO,,
3338,43295337,CARRILLO BRICEÑO YESSICA MILAGROS,VIRTUAL,ANÁLISIS E INTERPRETACIÓN DE ESTADOS FINANCIEROS,N10N,2,,5,43295337CAR,3338N10N2,AGOSTO,N,VIRTUAL,VI,VIRTUAL,(MARTES),(VIR 19:00-22:45),ASIGNADO,,
3338,43295337,CARRILLO BRICEÑO YESSICA MILAGROS,VIRTUAL,EXPERIENCIA FORMATIVA EN SITUACIÓN REAL DE TRABAJO,N15N,2,,2,43295337CAR,3338N15N2,AGOSTO,N,VIRTUAL,VI,VIRTUAL,(MIÉRCOLES),(VIR 19:00-20:30),ASIGNADO,,
3338,43295337,CARRILLO BRICEÑO YESSICA MILAGROS,VIRTUAL,CONTABILIDAD TRIBUTARIA Y LABORAL,305N,1,843,5,43295337CAR,3338305N1843,AGOSTO,N,VIRTUAL,III,VIRTUAL,(SABADO),(VIR 19:00-22:45),ASIGNADO,,
3338,43295337,CARRILLO BRICEÑO YESSICA MILAGROS,PRC,EXPERIENCIA FORMATIVA EN SITUACIÓN REAL DE TRABAJO,602N,2,1400,2,43295337CAR,3338602N21400,AGOSTO,N,PRC,VI,PRESENCIAL,(SABADO),(PRE 20:30-22:00),ASIGNADO,,
3339,43295337,CARRILLO BRICEÑO YESSICA MILAGROS,VIRTUAL,FUNDAMENTOS DE COSTOS,205N,1,144,5,43295337CAR,3339205N1144,AGOSTO,N,VIRTUAL,II,VIRTUAL,(VIERNES),(VIR 19:00-22:45),ASIGNADO,,
3338,9917834,CARTOLIN FERNANDEZ OSCAR ALEXANDER,ATE,CONTABILIDAD,208M,1,514,10,9917834CAR,3338208M1514,AGOSTO,M,ATE,II,PRESENCIAL,(LUNES)(MARTES),(PRE 07:00-10:45)(PRE 07:00-10:45),ASIGNADO,,PTD
3338,9917834,CARTOLIN FERNANDEZ OSCAR ALEXANDER,ATE,GESTIÓN Y PLANEAMIENTO TRIBUTARIO,407M,2,998,10,9917834CAR,3338407M2998,AGOSTO,M,ATE,IV,PRESENCIAL,(LUNES)(MIÉRCOLES),(PRE 07:00-10:45)(PRE 07:00-10:45),ASIGNADO,,PTD
3338,9917834,CARTOLIN FERNANDEZ OSCAR ALEXANDER,ATE,CONTABILIDAD SUPERIOR,209M,2,586,10,9917834CAR,3338209M2586,AGOSTO,M,ATE,II,PRESENCIAL,(MARTES)(SABADO),(PRE 07:00-10:45)(PRE 07:00-10:45),ASIGNADO,,PTD
3338,9917834,CARTOLIN FERNANDEZ OSCAR ALEXANDER,VIRTUAL,CONTABILIDAD GUBERNAMENTAL,424M,1,1110,5,9917834CAR,3338424M11110,AGOSTO,M,VIRTUAL,IV,VIRTUAL,(SABADO),(VIR 07:00-10:45),ASIGNADO,,PTD
3338,9917834,CARTOLIN FERNANDEZ OSCAR ALEXANDER,ATE,FUNDAMENTOS DE COSTOS,206N,1,575,8,9917834CAR,3338206N1575,AGOSTO,N,ATE,II,PRESENCIAL,(MIÉRCOLES)(JUEVES),(PRE 19:00-21:15)(PRE 19:00-22:45),ASIGNADO,,
3338,9917834,CARTOLIN FERNANDEZ OSCAR ALEXANDER,VIRTUAL,EXPERIENCIA FORMATIVA EN SITUACIÓN REAL DE TRABAJO,N27N,2,,2,9917834CAR,3338N27N2,AGOSTO,N,VIRTUAL,VI,VIRTUAL,(MIÉRCOLES),(VIR 19:00-20:30),ASIGNADO,,
3338,9917834,CARTOLIN FERNANDEZ OSCAR ALEXANDER,SJL,GESTIÓN Y PLANEAMIENTO TRIBUTARIO,414N,2,1001,10,9917834CAR,3338414N21001,AGOSTO,N,SJL,IV,PRESENCIAL,(JUEVES)(SABADO),(PRE 19:00-22:45)(PRE 19:00-22:45),ASIGNADO,,
3338,9917834,CARTOLIN FERNANDEZ OSCAR ALEXANDER,ATE,CONTABILIDAD,205N,1,513,10,9917834CAR,3338205N1513,AGOSTO,N,ATE,II,PRESENCIAL,(VIERNES)(SABADO),(PRE 19:00-22:45)(PRE 19:00-22:45),ASIGNADO,,
3339,9917834,CARTOLIN FERNANDEZ OSCAR ALEXANDER,VIRTUAL,FUNDAMENTOS DE COSTOS,202M,1,141,5,9917834CAR,3339202M1141,AGOSTO,M,VIRTUAL,II,VIRTUAL,(MIÉRCOLES),(VIR 07:00-10:45),ASIGNADO,,PTD
3339,9917834,CARTOLIN FERNANDEZ OSCAR ALEXANDER,VIRTUAL,GESTIÓN DE COSTOS,302M,2,152,5,9917834CAR,3339302M2152,AGOSTO,M,VIRTUAL,III,VIRTUAL,(VIERNES),(VIR 07:00-10:45),ASIGNADO,,PTD
3340,7200308,CASTAÑEDA FLORES CARLOS PETER,VIRTUAL,COSTOS Y PRESUPUESTOS,304N,2,492,5,7200308CAS,3340304N2492,AGOSTO,N,VIRTUAL,III,VIRTUAL,(JUEVES),(VIR 19:00-22:45),ASIGNADO,,
3334,75572332,CASTAÑEDA JULCA DANIEL JOSE,VIRTUAL,EDICIÓN DIGITAL,204N,2,,8,75572332CAS,3334204N2,JUNIO,N,VIRTUAL,II,VIRTUAL,(LUNES)(JUEVES),(VIR 19:45-22:45)(VIR 19:45-22:45),ASIGNADO,,
3338,75572332,CASTAÑEDA JULCA DANIEL JOSE,NOR,TIPOGRAFÍA Y LETTERING,127M,2,1973,8,75572332CAS,3338127M21973,AGOSTO,M,NOR,I,PRESENCIAL,(LUNES)(VIERNES),(PRE 07:00-10:00)(PRE 07:00-10:00),ASIGNADO,,PPH
3338,75572332,CASTAÑEDA JULCA DANIEL JOSE,NOR,DISEÑO DE ELEMENTOS VISUALES,308M,1,856,8,75572332CAS,3338308M1856,AGOSTO,M,NOR,III,PRESENCIAL,(LUNES)(JUEVES),(PRE 07:45-10:45)(PRE 07:45-10:45),ASIGNADO,,
3339,48117492,CASTILLEJO MEDINA  MARLON ALBERT,VIRTUAL,DINÁMICA DEL PLAN CONTABLE,102N,2,238,5,48117492CAS,3339102N2238,AGOSTO,N,VIRTUAL,I,VIRTUAL,(MIÉRCOLES)(VIERNES),(VIR 19:00-21:15)(VIR 19:00-20:30),ASIGNADO,,
3339,48117492,CASTILLEJO MEDINA  MARLON ALBERT,VIRTUAL,EXPERIENCIA FORMATIVA EN SITUACIÓN REAL DE TRABAJO,205N,2,148,2,48117492CAS,3339205N2148,AGOSTO,N,VIRTUAL,II,VIRTUAL,(VIERNES),(VIR 20:30-22:00),ASIGNADO,,
3338,6202477,CASTILLO MORENO ALEJANDRO JOSE,VES,PENSAMIENTO LÓGICO,112M,1,1863,12,6202477CAS,3338112M11863,AGOSTO,M,VES,I,PRESENCIAL,(LUNES)(JUEVES)(SABADO),(PRE 07:00-10:45)(PRE 07:00-08:30)(PRE 07:00-10:45),ASIGNADO,,PTC IN
3338,6202477,CASTILLO MORENO ALEJANDRO JOSE,PRC,PENSAMIENTO LÓGICO,102N,2,1853,12,6202477CAS,3338102N21853,AGOSTO,N,PRC,I,PRESENCIAL,(LUNES)(JUEVES)(SABADO),(PRE 19:00-22:45)(PRE 19:00-20:30)(PRE 19:00-22:45),ASIGNADO,,
3338,75380999,CASTILLO ROJAS YANELY ALEXANDRA,SJL,PROCESO DE DISEÑO,515M,1,1287,10,75380999CAS,3338515M11287,AGOSTO,M,SJL,V,PRESENCIAL,(LUNES)(VIERNES),(PRE 07:00-10:45)(PRE 07:00-10:45),ASIGNADO,,PTP
3338,75380999,CASTILLO ROJAS YANELY ALEXANDRA,SJL,DISEÑO DE EMPAQUES,515M,2,1291,10,75380999CAS,3338515M21291,AGOSTO,M,SJL,V,PRESENCIAL,(LUNES)(JUEVES),(PRE 07:00-10:45)(PRE 07:00-10:45),ASIGNADO,,PTP
3338,75380999,CASTILLO ROJAS YANELY ALEXANDRA,VIRTUAL,CULTURA VISUAL,127M,1,1961,10,75380999CAS,3338127M11961,AGOSTO,M,VIRTUAL,I,VIRTUAL,(MARTES)(JUEVES),(VIR 07:00-10:45)(VIR 07:00-10:45),ASIGNADO,,PTP
3338,75380999,CASTILLO ROJAS YANELY ALEXANDRA,VIRTUAL,USABILIDAD,622N,2,436,8,75380999CAS,3338622N2436,AGOSTO,N,VIRTUAL,VI,VIRTUAL,(LUNES)(MIÉRCOLES),(VIR 19:00-22:00)(VIR 19:00-22:00),ASIGNADO,,
3338,75380999,CASTILLO ROJAS YANELY ALEXANDRA,VIRTUAL,EXPERIENCIA FORMATIVA EN SITUACIÓN REAL DE TRABAJO,226N,2,417,2,75380999CAS,3338226N2417,AGOSTO,N,VIRTUAL,II,VIRTUAL,(JUEVES),(VIR 19:00-20:30),ASIGNADO,,
3338,25741617,CASTILLO SALAS CAROLINA MARIA,VIRTUAL,ADMINISTRACIÓN DE NEGOCIOS,115M,2,1705,5,25741617CAS,3338115M21705,AGOSTO,M,VIRTUAL,I,VIRTUAL,(LUNES),(VIR 07:00-10:45),ASIGNADO,,PTC
3338,25741617,CASTILLO SALAS CAROLINA MARIA,VIRTUAL,ESTRATEGIA DE VENTAS,228M,1,496,4,25741617CAS,3338228M1496,AGOSTO,M,VIRTUAL,II,VIRTUAL,(MARTES),(VIR 07:00-10:00),ASIGNADO,,PTC
3338,25741617,CASTILLO SALAS CAROLINA MARIA,VIRTUAL,EXPERIENCIAS FORMATIVAS EN SITUACIONES REALES DE TRABAJO,N15M,2,,2,25741617CAS,3338N15M2,AGOSTO,M,VIRTUAL,VI,VIRTUAL,(MARTES),(VIR 07:00-08:30),ASIGNADO,,PTC
3338,25741617,CASTILLO SALAS CAROLINA MARIA,VIRTUAL,MARKETING,229M,1,690,5,25741617CAS,3338229M1690,AGOSTO,M,VIRTUAL,II,VIRTUAL,(MIÉRCOLES),(VIR 07:00-10:45),ASIGNADO,,PTC
3338,25741617,CASTILLO SALAS CAROLINA MARIA,VIRTUAL,MARKETING,225M,2,688,5,25741617CAS,3338225M2688,AGOSTO,M,VIRTUAL,II,VIRTUAL,(MIÉRCOLES),(VIR 07:00-10:45),ASIGNADO,,PTC
3338,25741617,CASTILLO SALAS CAROLINA MARIA,VIRTUAL,NUEVAS TENDENCIAS EN GESTIÓN COMERCIAL,C05M,2,2167,4,25741617CAS,3338C05M22167,AGOSTO,M,VIRTUAL,I,VIRTUAL,(JUEVES),(VIR 07:00-10:00),ASIGNADO,,PTC
3338,25741617,CASTILLO SALAS CAROLINA MARIA,VIRTUAL,MARKETING,206M,2,682,5,25741617CAS,3338206M2682,AGOSTO,M,VIRTUAL,II,VIRTUAL,(VIERNES),(VIR 07:00-10:45),ASIGNADO,,PTC
3338,25741617,CASTILLO SALAS CAROLINA MARIA,VIRTUAL,NUEVAS TENDENCIAS EN GESTIÓN COMERCIAL,C05N,1,2173,4,25741617CAS,3338C05N12173,AGOSTO,N,VIRTUAL,I,VIRTUAL,(LUNES),(VIR 19:00-22:00),ASIGNADO,,
3338,25741617,CASTILLO SALAS CAROLINA MARIA,VIRTUAL,ADMINISTRACIÓN DE NEGOCIOS,123N,2,1719,5,25741617CAS,3338123N21719,AGOSTO,N,VIRTUAL,I,VIRTUAL,(LUNES),(VIR 19:00-22:45),ASIGNADO,,
3338,25741617,CASTILLO SALAS CAROLINA MARIA,VIRTUAL,ADMINISTRACIÓN DE NEGOCIOS,130N,1,1720,5,25741617CAS,3338130N11720,AGOSTO,N,VIRTUAL,I,VIRTUAL,(MARTES),(VIR 19:00-22:45),ASIGNADO,,
3338,25741617,CASTILLO SALAS CAROLINA MARIA,VIRTUAL,MARKETING,223N,1,686,5,25741617CAS,3338223N1686,AGOSTO,N,VIRTUAL,II,VIRTUAL,(MIÉRCOLES),(VIR 19:00-22:45),ASIGNADO,,
3338,25741617,CASTILLO SALAS CAROLINA MARIA,VIRTUAL,TOMA DE DECISIONES ESTRATÉGICAS,621N,2,409,5,25741617CAS,3338621N2409,AGOSTO,N,VIRTUAL,VI,VIRTUAL,(JUEVES),(VIR 19:00-22:45),ASIGNADO,,
3338,25741617,CASTILLO SALAS CAROLINA MARIA,VIRTUAL,EXPERIENCIA FORMATIVA EN SITUACIÓN REAL DE TRABAJO,N23N,1,,2,25741617CAS,3338N23N1,AGOSTO,N,VIRTUAL,VI,VIRTUAL,(VIERNES),(VIR 19:00-20:30),ASIGNADO,,
3339,25741617,CASTILLO SALAS CAROLINA MARIA,VIRTUAL,ADMINISTRACIÓN DE NEGOCIOS,101N,1,192,5,25741617CAS,3339101N1192,AGOSTO,N,VIRTUAL,I,VIRTUAL,(JUEVES)(SABADO),(VIR 19:00-21:15)(VIR 19:00-20:30),ASIGNADO,,
3338,29651494,CASTRO HERRERA ROBINSON RAUL,AQP,TOMA DE DECISIONES ESTRATÉGICAS,616M,1,1346,10,29651494CAS,3338616M11346,AGOSTO,M,AQP,VI,PRESENCIAL,(LUNES)(VIERNES),(PRE 07:00-10:45)(PRE 07:00-10:45),ASIGNADO,,PTC IN
3338,29651494,CASTRO HERRERA ROBINSON RAUL,AQP,EXPERIENCIA FORMATIVA EN SITUACIÓN REAL DE TRABAJO,616M,2,1328,2,29651494CAS,3338616M21328,AGOSTO,M,AQP,VI,PRESENCIAL,(LUNES),(PRE 07:00-08:30),ASIGNADO,,PTC IN
3338,859729,CASTRO HERRERA SANTIAGO JESUS,VES,EMPRENDIMIENTO: MODELO DE NEGOCIO,429M,1,2036,10,859729CAS,3338429M12036,AGOSTO,M,VES,IV,PRESENCIAL,(LUNES)(MIÉRCOLES),(PRE 07:00-10:45)(PRE 07:00-10:45),ASIGNADO,,PTD
3338,859729,CASTRO HERRERA SANTIAGO JESUS,VES,EMPRENDIMIENTO: PLAN DE DESARROLLO DEL NEGOCIO,520M,2,2107,10,859729CAS,3338520M22107,AGOSTO,M,VES,V,PRESENCIAL,(MARTES)(JUEVES),(PRE 07:00-10:45)(PRE 07:00-10:45),ASIGNADO,,PTD
3338,859729,CASTRO HERRERA SANTIAGO JESUS,PRC,EMPRENDIMIENTO: MODELO DE NEGOCIO,405M,1,892,10,859729CAS,3338405M1892,AGOSTO,M,PRC,IV,PRESENCIAL,(JUEVES)(VIERNES),(PRE 07:00-10:45)(PRE 07:00-10:45),ASIGNADO,,PTD
3338,859729,CASTRO HERRERA SANTIAGO JESUS,VIRTUAL,FUNDAMENTOS DE MARKETING,105M,2,1784,6,859729CAS,3338105M21784,AGOSTO,M,VIRTUAL,I,VIRTUAL,(VIERNES),(VIR 07:00-11:30),ASIGNADO,,PTD
3338,859729,CASTRO HERRERA SANTIAGO JESUS,PRC,EMPRENDIMIENTO: PROYECTO INTEGRADOR,601N,1,1352,12,859729CAS,3338601N11352,AGOSTO,N,PRC,VI,PRESENCIAL,(LUNES)(JUEVES),(PRE 18:15-22:45)(PRE 18:15-22:45),ASIGNADO,,
3338,859729,CASTRO HERRERA SANTIAGO JESUS,SJL,EMPRENDIMIENTO: MODELO DE NEGOCIO,412N,2,901,10,859729CAS,3338412N2901,AGOSTO,N,SJL,IV,PRESENCIAL,(LUNES)(JUEVES),(PRE 19:00-22:45)(PRE 19:00-22:45),ASIGNADO,,
3338,859729,CASTRO HERRERA SANTIAGO JESUS,VIRTUAL,NEGOCIACIÓN ESTRATÉGICA,517N,2,446,5,859729CAS,3338517N2446,AGOSTO,N,VIRTUAL,V,VIRTUAL,(MARTES),(VIR 19:00-22:45),ASIGNADO,,
3338,859729,CASTRO HERRERA SANTIAGO JESUS,VIRTUAL,MODELO DE NEGOCIOS DIGITALES,620N,2,1572,4,859729CAS,3338620N21572,AGOSTO,N,VIRTUAL,VI,VIRTUAL,(MIÉRCOLES),(VIR 19:00-22:00),ASIGNADO,,
3338,859729,CASTRO HERRERA SANTIAGO JESUS,VIRTUAL,MARKETING,224N,2,687,5,859729CAS,3338224N2687,AGOSTO,N,VIRTUAL,II,VIRTUAL,(VIERNES),(VIR 19:00-22:45),ASIGNADO,,
3339,859729,CASTRO HERRERA SANTIAGO JESUS,VIRTUAL,EMPRENDIMIENTO: PLAN DE DESARROLLO DEL NEGOCIO,502N,1,95,5,859729CAS,3339502N195,AGOSTO,N,VIRTUAL,V,VIRTUAL,(VIERNES),(VIR 19:00-22:45),ASIGNADO,,
3336,10735885,CASTRO RAMOS PAOLA JESSICA,VIRTUAL,COMUNICACIÓN Y GESTIÓN DE LA INFORMACIÓN,103N,2,17,5,10735885CAS,3336103N217,JUNIO,N,VIRTUAL,I,VIRTUAL,(LUNES),(VIR 19:00-22:45),ASIGNADO,,
3338,10735885,CASTRO RAMOS PAOLA JESSICA,VIRTUAL,HERRAMIENTAS DIGITALES E INTELIGENCIA ARTIFICIAL,105N,1,1796,6,10735885CAS,3338105N11796,AGOSTO,N,VIRTUAL,I,VIRTUAL,(MIÉRCOLES)(VIERNES),(VIR 19:00-20:30)(VIR 19:00-22:00),ASIGNADO,,
3340,16634008,CASUSOL CUMPA JORGE LUIS,VIRTUAL,PENSAMIENTO LÓGICO,111N,1,1042,6,16634008CAS,3340111N11042,AGOSTO,N,VIRTUAL,I,VIRTUAL,(MARTES)(VIERNES),(VIR 19:00-21:15)(VIR 19:00-21:15),ASIGNADO,,
3340,16634008,CASUSOL CUMPA JORGE LUIS,VIRTUAL,PENSAMIENTO LÓGICO,110N,2,1041,6,16634008CAS,3340110N21041,AGOSTO,N,VIRTUAL,I,VIRTUAL,(MARTES)(VIERNES),(VIR 19:00-21:15)(VIR 19:00-21:15),ASIGNADO,,
3337,72815581,CCUNO ROQUE ALVARO,VIRTUAL,HERRAMIENTAS DIGITALES PARA LOS NEGOCIOS,201N,2,30,5,72815581CCU,3337201N230,JUNIO,N,VIRTUAL,II,VIRTUAL,(LUNES)(MIÉRCOLES),(VIR 19:00-20:30)(VIR 19:00-21:15),ASIGNADO,,
3337,72815581,CCUNO ROQUE ALVARO,VIRTUAL,HERRAMIENTAS DIGITALES PARA LOS NEGOCIOS,202N,2,31,5,72815581CCU,3337202N231,JUNIO,N,VIRTUAL,II,VIRTUAL,(LUNES)(VIERNES),(VIR 20:30-22:00)(VIR 20:30-22:45),ASIGNADO,,
3338,46253783,CELIS SOLOGUREN PABLO ALBERTO,VIRTUAL,INGLÉS APLICADO A PROYECTOS EMPRESARIALES,422M,2,933,6,46253783CEL,3338422M2933,AGOSTO,M,VIRTUAL,IV,VIRTUAL,(LUNES),(VIR 07:00-11:30),ASIGNADO,,PTP
3338,46253783,CELIS SOLOGUREN PABLO ALBERTO,VIRTUAL,INGLÉS PARA LA COMUNICACIÓN EN LOS NEGOCIOS,305M,2,823,8,46253783CEL,3338305M2823,AGOSTO,M,VIRTUAL,III,VIRTUAL,(MARTES)(JUEVES),(VIR 07:00-10:00)(VIR 07:00-10:00),ASIGNADO,,PTP
3338,46253783,CELIS SOLOGUREN PABLO ALBERTO,VIRTUAL,INGLÉS PARA LA COMUNICACIÓN EN LOS NEGOCIOS,308M,1,848,8,46253783CEL,3338308M1848,AGOSTO,M,VIRTUAL,III,VIRTUAL,(MIÉRCOLES)(SABADO),(VIR 07:00-10:00)(VIR 07:00-10:00),ASIGNADO,,PTP
3338,46253783,CELIS SOLOGUREN PABLO ALBERTO,VIRTUAL,INGLÉS APLICADO A PROYECTOS EMPRESARIALES,418N,1,1122,6,46253783CEL,3338418N11122,AGOSTO,N,VIRTUAL,IV,VIRTUAL,(LUNES)(VIERNES),(VIR 19:00-21:15)(VIR 19:00-21:15),ASIGNADO,,
3340,44632155,CERDA MEDINA JOEL EDSON,NOR,PENSAMIENTO LÓGICO,114N,2,948,12,44632155CER,3340114N2948,AGOSTO,N,NOR,I,PRESENCIAL,(LUNES)(MIÉRCOLES)(VIERNES),(PRE 19:00-22:45)(PRE 19:00-22:45)(PRE 19:00-20:30),ASIGNADO,,
3338,45946620,CERDÁN OBREGÓN ZARELA EMMA ROSA,VIRTUAL,INGLÉS APLICADO A PROYECTOS EMPRESARIALES,424M,2,1104,6,45946620CER,3338424M21104,AGOSTO,M,VIRTUAL,IV,VIRTUAL,(MARTES)(VIERNES),(VIR 07:00-09:15)(VIR 07:00-09:15),ASIGNADO,,PPH
3338,45946620,CERDÁN OBREGÓN ZARELA EMMA ROSA,VIRTUAL,INGLÉS APLICADO A PROYECTOS EMPRESARIALES,403M,2,1100,6,45946620CER,3338403M21100,AGOSTO,M,VIRTUAL,IV,VIRTUAL,(LUNES)(MIÉRCOLES),(VIR 09:15-11:30)(VIR 09:15-11:30),ASIGNADO,,
3340,9880427,CERVETTO ROBLES LUIS GUILLERMO,VIRTUAL,METODOLOGÍA CUANTITATIVA,301N,1,495,6,9880427CER,3340301N1495,AGOSTO,N,VIRTUAL,III,VIRTUAL,(MARTES)(JUEVES),(VIR 19:00-21:15)(VIR 19:00-21:15),ASIGNADO,,
3340,9880427,CERVETTO ROBLES LUIS GUILLERMO,VIRTUAL,Metodología Cuantitativa,801N,2,1141,6,9880427CER,3340801N21141,AGOSTO,N,VIRTUAL,III,VIRTUAL,(JUEVES)(SABADO),(VIR 20:30-22:45)(VIR 19:00-21:15),ASIGNADO,,
3341,9880427,CERVETTO ROBLES LUIS GUILLERMO,VIRTUAL,ÉTICA PROFESIONAL,501N,2,52,3,9880427CER,3341501N252,AGOSTO,N,VIRTUAL,V,VIRTUAL,(LUNES),(VIR 18:15-20:30),ASIGNADO,,
3341,9880427,CERVETTO ROBLES LUIS GUILLERMO,VIRTUAL,METODOLOGÍA CUANTITATIVA,302N,1,35,6,9880427CER,3341302N135,AGOSTO,N,VIRTUAL,III,VIRTUAL,(MIÉRCOLES)(VIERNES),(VIR 19:00-21:15)(VIR 20:30-22:45),ASIGNADO,,
3341,9880427,CERVETTO ROBLES LUIS GUILLERMO,VIRTUAL,METODOLOGÍA CUANTITATIVA,303N,2,36,6,9880427CER,3341303N236,AGOSTO,N,VIRTUAL,III,VIRTUAL,(MIÉRCOLES)(VIERNES),(VIR 20:30-22:45)(VIR 19:00-21:15),ASIGNADO,,
3338,40325455,CÉSPEDES CASTRO JUAN PABLO,VES,"COTIZACIONES, PRECIOS Y COSTOS DE SERVICIOS LOGÍSTICOS",431M,1,2112,10,40325455CÉS,3338431M12112,AGOSTO,M,VES,IV,PRESENCIAL,(MARTES)(VIERNES),(PRE 07:00-10:45)(PRE 07:00-10:45),ASIGNADO,,PTP
3340,40325455,CÉSPEDES CASTRO JUAN PABLO,NOR,CREATIVIDAD E INNOVACIÓN,303N,2,315,8,40325455CÉS,3340303N2315,AGOSTO,N,NOR,III,PRESENCIAL,(MIÉRCOLES)(SABADO),(PRE 19:00-22:00)(PRE 19:00-22:00),ASIGNADO,,
3338,43086721,CHACON CONDEMAYTA ALEJANDRO SALOMON,VES,EXPERIENCIA DEL CLIENTE,229N,1,2057,10,43086721CHA,3338229N12057,AGOSTO,N,VES,II,PRESENCIAL,(MARTES)(JUEVES),(PRE 19:00-22:45)(PRE 19:00-22:45),ASIGNADO,,
3338,43086721,CHACON CONDEMAYTA ALEJANDRO SALOMON,SJL,EXPERIENCIA FORMATIVA EN SITUACIÓN REAL DE TRABAJO,214N,2,532,2,43086721CHA,3338214N2532,AGOSTO,N,SJL,II,PRESENCIAL,(VIERNES),(PRE 19:00-20:30),ASIGNADO,,
3338,43086721,CHACON CONDEMAYTA ALEJANDRO SALOMON,VES,EXPERIENCIA FORMATIVA EN SITUACIÓN REAL DE TRABAJO,420N,2,2044,2,43086721CHA,3338420N22044,AGOSTO,N,VES,IV,PRESENCIAL,(MARTES),(PRE 20:30-22:00),ASIGNADO,,
3338,43102972,CHACON RAMIREZ FABRICIO MANUEL,VIRTUAL,FUNDAMENTOS DE MARKETING,107N,1,1787,6,43102972CHA,3338107N11787,AGOSTO,N,VIRTUAL,I,VIRTUAL,(LUNES),(VIR 18:15-22:45),ASIGNADO,,
3338,43102972,CHACON RAMIREZ FABRICIO MANUEL,VIRTUAL,ESTRATEGIAS DE FIDELIZACIÓN Y RETENCIÓN DE CLIENTES,513N,2,1218,5,43102972CHA,3338513N21218,AGOSTO,N,VIRTUAL,V,VIRTUAL,(JUEVES),(VIR 19:00-22:45),ASIGNADO,,
3340,43102972,CHACON RAMIREZ FABRICIO MANUEL,PRC,GESTIÓN DE MARCA,301N,1,569,8,43102972CHA,3340301N1569,AGOSTO,N,PRC,III,PRESENCIAL,(MIÉRCOLES)(SABADO),(PRE 19:00-22:00)(PRE 19:00-22:00),ASIGNADO,,
3336,1321917,CHAMBILLA QUISPE URIAS MAGUID,SJL,EXPERIENCIAS FORMATIVAS EN SITUACIONES REALES DE TRABAJO,201M,2,44,2,1321917CHA,3336201M244,JUNIO,M,SJL,II,PRESENCIAL,(VIERNES),(PRE 08:30-10:00),ASIGNADO,,
3340,1321917,CHAMBILLA QUISPE URIAS MAGUID,SJL,EXPERIENCIAS FORMATIVAS EN SITUACIONES REALES DE TRABAJO,210N,2,293,2,1321917CHA,3340210N2293,AGOSTO,N,SJL,II,PRESENCIAL,(LUNES),(PRE 19:00-20:30),ASIGNADO,,
3340,1321917,CHAMBILLA QUISPE URIAS MAGUID,SJL,PROCESOS EMPRESARIALES,210N,1,276,10,1321917CHA,3340210N1276,AGOSTO,N,SJL,II,PRESENCIAL,(JUEVES)(SABADO),(PRE 19:00-22:45)(PRE 19:00-22:45),ASIGNADO,,
3340,1321917,CHAMBILLA QUISPE URIAS MAGUID,VIRTUAL,Liderazgo estratégico,802N,2,1118,5,1321917CHA,3340802N21118,AGOSTO,N,VIRTUAL,IV,VIRTUAL,(JUEVES),(VIR 19:00-22:45),ASIGNADO,,
3340,1321917,CHAMBILLA QUISPE URIAS MAGUID,SJL,EXPERIENCIAS FORMATIVAS EN SITUACIONES REALES DE TRABAJO,211N,2,294,2,1321917CHA,3340211N2294,AGOSTO,N,SJL,II,PRESENCIAL,(LUNES),(PRE 20:30-22:00),ASIGNADO,,
3341,1321917,CHAMBILLA QUISPE URIAS MAGUID,VIRTUAL,LIDERAZGO ESTRATÉGICO,401M,1,61,5,1321917CHA,3341401M161,AGOSTO,M,VIRTUAL,IV,VIRTUAL,(MIÉRCOLES),(VIR 07:00-10:45),ASIGNADO,,PPH
3341,1321917,CHAMBILLA QUISPE URIAS MAGUID,VIRTUAL,PROCESOS EMPRESARIALES,201N,1,107,5,1321917CHA,3341201N1107,AGOSTO,N,VIRTUAL,II,VIRTUAL,(MIÉRCOLES),(VIR 19:00-22:45),ASIGNADO,,
3341,1321917,CHAMBILLA QUISPE URIAS MAGUID,VIRTUAL,EXPERIENCIAS FORMATIVAS EN SITUACIONES REALES DE TRABAJO,402N,2,71,2,1321917CHA,3341402N271,AGOSTO,N,VIRTUAL,IV,VIRTUAL,(MIÉRCOLES),(VIR 19:00-20:30),ASIGNADO,,
3341,1321917,CHAMBILLA QUISPE URIAS MAGUID,VIRTUAL,EXPERIENCIAS FORMATIVAS EN SITUACIONES REALES DE TRABAJO,201N,2,111,2,1321917CHA,3341201N2111,AGOSTO,N,VIRTUAL,II,VIRTUAL,(VIERNES),(VIR 19:00-20:30),ASIGNADO,,
3341,1321917,CHAMBILLA QUISPE URIAS MAGUID,VIRTUAL,EXPERIENCIAS FORMATIVAS EN SITUACIONES REALES DE TRABAJO,403N,2,72,2,1321917CHA,3341403N272,AGOSTO,N,VIRTUAL,IV,VIRTUAL,(MIÉRCOLES),(VIR 20:30-22:00),ASIGNADO,,
3338,70875811,CHANAME BACA JOANNA STEPHANI,VIRTUAL,ADMINISTRACIÓN DE NEGOCIOS,113M,2,1702,5,70875811CHA,3338113M21702,AGOSTO,M,VIRTUAL,I,VIRTUAL,(LUNES),(VIR 07:00-10:45),ASIGNADO,,PTC
3338,70875811,CHANAME BACA JOANNA STEPHANI,VIRTUAL,PRODUCTIVIDAD Y GESTIÓN DE PERSONAS,623M,1,1535,5,70875811CHA,3338623M11535,AGOSTO,M,VIRTUAL,VI,VIRTUAL,(MARTES),(VIR 07:00-10:45),ASIGNADO,,PTC
3338,70875811,CHANAME BACA JOANNA STEPHANI,VIRTUAL,PRODUCTIVIDAD Y GESTIÓN DE PERSONAS,601M,2,1523,5,70875811CHA,3338601M21523,AGOSTO,M,VIRTUAL,VI,VIRTUAL,(MARTES),(VIR 07:00-10:45),ASIGNADO,,PTC
3338,70875811,CHANAME BACA JOANNA STEPHANI,VIRTUAL,ADMINISTRACIÓN DE NEGOCIOS,105M,1,1690,5,70875811CHA,3338105M11690,AGOSTO,M,VIRTUAL,I,VIRTUAL,(JUEVES),(VIR 07:00-10:45),ASIGNADO,,PTC
3338,70875811,CHANAME BACA JOANNA STEPHANI,VIRTUAL,PRODUCTIVIDAD Y GESTIÓN DE PERSONAS,611M,2,1531,5,70875811CHA,3338611M21531,AGOSTO,M,VIRTUAL,VI,VIRTUAL,(JUEVES),(VIR 07:00-10:45),ASIGNADO,,PTC
3338,70875811,CHANAME BACA JOANNA STEPHANI,VIRTUAL,PRODUCTIVIDAD Y GESTIÓN DE PERSONAS,632M,2,2050,5,70875811CHA,3338632M22050,AGOSTO,M,VIRTUAL,VI,VIRTUAL,(SABADO),(VIR 07:00-10:45),ASIGNADO,,PTC
3338,70875811,CHANAME BACA JOANNA STEPHANI,VIRTUAL,PLANEAMIENTO ESTRATÉGICO,512N,1,334,10,70875811CHA,3338512N1334,AGOSTO,N,VIRTUAL,V,VIRTUAL,(LUNES)(VIERNES),(VIR 19:00-22:45)(VIR 19:00-22:45),ASIGNADO,,
3338,70875811,CHANAME BACA JOANNA STEPHANI,VIRTUAL,PLANEAMIENTO ESTRATÉGICO,514N,2,386,10,70875811CHA,3338514N2386,AGOSTO,N,VIRTUAL,V,VIRTUAL,(LUNES)(JUEVES),(VIR 19:00-22:45)(VIR 19:00-22:45),ASIGNADO,,
3338,70875811,CHANAME BACA JOANNA STEPHANI,VIRTUAL,ADMINISTRACIÓN DE NEGOCIOS,103N,1,1687,5,70875811CHA,3338103N11687,AGOSTO,N,VIRTUAL,I,VIRTUAL,(MARTES),(VIR 19:00-22:45),ASIGNADO,,
3339,70875811,CHANAME BACA JOANNA STEPHANI,VIRTUAL,ADMINISTRACIÓN DE NEGOCIOS,103M,1,195,5,70875811CHA,3339103M1195,AGOSTO,M,VIRTUAL,I,VIRTUAL,(LUNES)(VIERNES),(VIR 07:00-09:15)(VIR 08:30-10:00),ASIGNADO,,PTC
3338,40076417,CHANCA CONISLLA VLADIMIR WILLIAM,SJL,TALLER DE DESARROLLO GRÁFICO,218N,1,721,12,40076417CHA,3338218N1721,AGOSTO,N,SJL,II,PRESENCIAL,(MIÉRCOLES)(SABADO),(PRE 18:15-22:45)(PRE 18:15-22:45),ASIGNADO,,
3338,40363392,CHANCA SALAZAR WALDO GERMAN,NOR,OPERACIONES Y LOGÍSTICA,216M,1,704,12,40363392CHA,3338216M1704,AGOSTO,M,NOR,II,PRESENCIAL,(MARTES)(JUEVES)(VIERNES),(PRE 07:00-10:00)(PRE 07:00-10:00)(PRE 07:00-10:00),ASIGNADO,,PPH
3338,40363392,CHANCA SALAZAR WALDO GERMAN,VIRTUAL,ADMINISTRACIÓN DE OPERACIONES,517M,2,1678,10,40363392CHA,3338517M21678,AGOSTO,M,VIRTUAL,V,VIRTUAL,(MIÉRCOLES)(VIERNES),(VIR 07:00-10:45)(VIR 07:00-10:45),ASIGNADO,,PPH
3338,70360410,CHAVEZ BERNEDO JOSE CARLOS JOSSIMAR,VIRTUAL,CULTURA VISUAL,126N,1,1960,10,70360410CHA,3338126N11960,AGOSTO,N,VIRTUAL,I,VIRTUAL,(MARTES)(VIERNES),(VIR 19:00-22:45)(VIR 19:00-22:45),ASIGNADO,,
3338,40012727,CHAVEZ GUILLEN JULISA YRELSA,AQP,INGLÉS PARA NEGOCIOS INTERNACIONALES,509M,2,1197,10,40012727CHA,3338509M21197,AGOSTO,M,AQP,V,PRESENCIAL,(MIÉRCOLES)(SABADO),(PRE 07:00-10:45)(PRE 07:00-10:45),ASIGNADO,,PPH
3338,40307472,CHAVEZ PALOMINO PATRICIA ELIZABETH,VIRTUAL,ANÁLISIS DE LA INFORMACIÓN FINANCIERA,517N,1,444,12,40307472CHA,3338517N1444,AGOSTO,N,VIRTUAL,V,VIRTUAL,(LUNES)(VIERNES),(VIR 18:15-22:45)(VIR 18:15-22:45),ASIGNADO,,
3338,73419558,CHAVEZ PAREDES MARITA,AQP,TÉCNICAS TRADICIONALES,418M,2,1139,12,73419558CHA,3338418M21139,AGOSTO,M,AQP,IV,PRESENCIAL,(LUNES)(MIÉRCOLES)(JUEVES),(PRE 07:00-10:45)(PRE 08:30-10:45)(PRE 07:45-10:45),ASIGNADO,,PPH
3340,43038826,CHAVEZ RAMIREZ JONATHAN URIEL,VIRTUAL,IMPLEMENTACIÓN DE BASES DE DATOS,408M,1,787,5,43038826CHA,3340408M1787,AGOSTO,M,VIRTUAL,IV,VIRTUAL,(JUEVES),(VIR 07:00-10:45),ASIGNADO,,PTC
3340,43038826,CHAVEZ RAMIREZ JONATHAN URIEL,VIRTUAL,IMPLEMENTACIÓN DE BASES DE DATOS,404M,1,785,5,43038826CHA,3340404M1785,AGOSTO,M,VIRTUAL,IV,VIRTUAL,(VIERNES),(VIR 07:00-10:45),ASIGNADO,,PTC
3340,43038826,CHAVEZ RAMIREZ JONATHAN URIEL,VIRTUAL,ANÁLISIS Y DISEÑO DE SOLUCIONES DE TI,507N,1,836,5,43038826CHA,3340507N1836,AGOSTO,N,VIRTUAL,V,VIRTUAL,(LUNES),(VIR 19:00-22:45),ASIGNADO,,
3340,43038826,CHAVEZ RAMIREZ JONATHAN URIEL,VIRTUAL,HERRAMIENTAS DIGITALES PARA LOS NEGOCIOS,208N,2,711,5,43038826CHA,3340208N2711,AGOSTO,N,VIRTUAL,II,VIRTUAL,(LUNES),(VIR 19:00-22:45),ASIGNADO,,
3340,43038826,CHAVEZ RAMIREZ JONATHAN URIEL,VIRTUAL,COMUNICACIÓN Y GESTIÓN DE LA INFORMACIÓN,C02N,1,1110,5,43038826CHA,3340C02N11110,AGOSTO,N,VIRTUAL,I,VIRTUAL,(MARTES),(VIR 19:00-22:45),ASIGNADO,,
3340,43038826,CHAVEZ RAMIREZ JONATHAN URIEL,VIRTUAL,FUNDAMENTOS DE DESARROLLO FRONT-END,103N,2,1023,10,43038826CHA,3340103N21023,AGOSTO,N,VIRTUAL,I,VIRTUAL,(MARTES)(JUEVES),(VIR 19:00-22:45)(VIR 19:00-22:45),ASIGNADO,,
3340,43038826,CHAVEZ RAMIREZ JONATHAN URIEL,VIRTUAL,IMPLEMENTACIÓN DE SOLUCIONES PARA PLATAFORMAS WEB,405N,2,838,5,43038826CHA,3340405N2838,AGOSTO,N,VIRTUAL,IV,VIRTUAL,(MIÉRCOLES),(VIR 19:00-22:45),ASIGNADO,,
3340,43038826,CHAVEZ RAMIREZ JONATHAN URIEL,VIRTUAL,HERRAMIENTAS DIGITALES PARA LOS NEGOCIOS,205N,2,197,5,43038826CHA,3340205N2197,AGOSTO,N,VIRTUAL,II,VIRTUAL,(VIERNES),(VIR 19:00-22:45),ASIGNADO,,
3340,43038826,CHAVEZ RAMIREZ JONATHAN URIEL,VIRTUAL,BIG DATA APLICADA A LOS NEGOCIOS,306N,2,486,5,43038826CHA,3340306N2486,AGOSTO,N,VIRTUAL,III,VIRTUAL,(SABADO),(VIR 19:00-22:45),ASIGNADO,,
3341,43038826,CHAVEZ RAMIREZ JONATHAN URIEL,VIRTUAL,GESTIÓN EMPRESARIAL BASADA EN BI,501N,1,48,5,43038826CHA,3341501N148,AGOSTO,N,VIRTUAL,V,VIRTUAL,(MIÉRCOLES),(VIR 19:00-22:45),ASIGNADO,,
3341,43038826,CHAVEZ RAMIREZ JONATHAN URIEL,VIRTUAL,HERRAMIENTAS DIGITALES PARA LOS NEGOCIOS,203N,1,90,5,43038826CHA,3341203N190,AGOSTO,N,VIRTUAL,II,VIRTUAL,(VIERNES),(VIR 19:00-22:45),ASIGNADO,,
3338,25654197,CHERRE ARGUEDAS RAFAEL JUAN,VIRTUAL,HERRAMIENTAS DIGITALES E INTELIGENCIA ARTIFICIAL,129M,2,1833,6,25654197CHE,3338129M21833,AGOSTO,M,VIRTUAL,I,VIRTUAL,(MARTES)(JUEVES),(VIR 07:00-08:30)(VIR 07:00-10:00),ASIGNADO,,PTC IN
3338,25654197,CHERRE ARGUEDAS RAFAEL JUAN,VIRTUAL,HERRAMIENTAS DIGITALES E INTELIGENCIA ARTIFICIAL,107M,1,1799,6,25654197CHE,3338107M11799,AGOSTO,M,VIRTUAL,I,VIRTUAL,(MARTES)(JUEVES),(VIR 08:30-10:00)(VIR 07:00-10:00),ASIGNADO,,PTC IN
3338,25654197,CHERRE ARGUEDAS RAFAEL JUAN,VIRTUAL,HERRAMIENTAS DIGITALES E INTELIGENCIA ARTIFICIAL,121M,1,1821,6,25654197CHE,3338121M11821,AGOSTO,M,VIRTUAL,I,VIRTUAL,(LUNES)(VIERNES),(VIR 08:30-10:00)(VIR 07:00-10:00),ASIGNADO,,PTC IN
3338,25654197,CHERRE ARGUEDAS RAFAEL JUAN,VIRTUAL,HERRAMIENTAS DIGITALES E INTELIGENCIA ARTIFICIAL,117N,2,1814,6,25654197CHE,3338117N21814,AGOSTO,N,VIRTUAL,I,VIRTUAL,(LUNES)(VIERNES),(VIR 19:00-20:30)(VIR 19:00-22:00),ASIGNADO,,
3336,71924654,CHIANG QUINTANILLA MIRELLA ALEJANDRA,VIRTUAL,EXPERIENCIAS FORMATIVAS EN SITUACIONES REALES DE TRABAJO,204N,2,55,2,71924654CHI,3336204N255,JUNIO,N,VIRTUAL,II,VIRTUAL,(MIÉRCOLES),(VIR 19:00-20:30),ASIGNADO,,
3336,71924654,CHIANG QUINTANILLA MIRELLA ALEJANDRA,VIRTUAL,NUEVAS TENDENCIAS EN MARKETING,101N,2,5,5,71924654CHI,3336101N25,JUNIO,N,VIRTUAL,I,VIRTUAL,(JUEVES),(VIR 19:00-22:45),ASIGNADO,,
3340,71924654,CHIANG QUINTANILLA MIRELLA ALEJANDRA,VIRTUAL,MODELO DE NEGOCIOS DIGITALES,610M,1,468,5,71924654CHI,3340610M1468,AGOSTO,M,VIRTUAL,VI,VIRTUAL,(SABADO),(VIR 07:00-10:45),ASIGNADO,,PTP
3340,71924654,CHIANG QUINTANILLA MIRELLA ALEJANDRA,VIRTUAL,MARKETING ESTRATÉGICO,604M,2,478,5,71924654CHI,3340604M2478,AGOSTO,M,VIRTUAL,VI,VIRTUAL,(SABADO),(VIR 07:00-10:45),ASIGNADO,,PTP
3340,71924654,CHIANG QUINTANILLA MIRELLA ALEJANDRA,VIRTUAL,COMPORTAMIENTO DEL CONSUMIDOR,209N,2,678,5,71924654CHI,3340209N2678,AGOSTO,N,VIRTUAL,II,VIRTUAL,(LUNES),(VIR 19:00-22:45),ASIGNADO,,
3340,71924654,CHIANG QUINTANILLA MIRELLA ALEJANDRA,VIRTUAL,PLATAFORMAS DIGITALES PARA MARKETING,508N,2,856,8,71924654CHI,3340508N2856,AGOSTO,N,VIRTUAL,V,VIRTUAL,(MARTES)(JUEVES),(VIR 19:00-22:00)(VIR 19:00-22:00),ASIGNADO,,
3340,71924654,CHIANG QUINTANILLA MIRELLA ALEJANDRA,VIRTUAL,MARKETING,216N,2,1069,4,71924654CHI,3340216N21069,AGOSTO,N,VIRTUAL,II,VIRTUAL,(MIÉRCOLES),(VIR 19:00-22:00),ASIGNADO,,
3340,71924654,CHIANG QUINTANILLA MIRELLA ALEJANDRA,VIRTUAL,COMUNICACIÓN ESTRATÉGICA,508N,1,854,5,71924654CHI,3340508N1854,AGOSTO,N,VIRTUAL,V,VIRTUAL,(SABADO),(VIR 19:00-22:45),ASIGNADO,,
3340,71924654,CHIANG QUINTANILLA MIRELLA ALEJANDRA,VIRTUAL,PLANEAMIENTO COMERCIAL,406N,2,574,5,71924654CHI,3340406N2574,AGOSTO,N,VIRTUAL,IV,VIRTUAL,(SABADO),(VIR 19:00-22:45),ASIGNADO,,
3341,71924654,CHIANG QUINTANILLA MIRELLA ALEJANDRA,VIRTUAL,COMUNICACIÓN ESTRATÉGICA,501N,1,54,5,71924654CHI,3341501N154,AGOSTO,N,VIRTUAL,V,VIRTUAL,(LUNES),(VIR 19:00-22:45),ASIGNADO,,
3335,25793051,CHIAPPE SOTELO JOSE LUIS,VIRTUAL,DINÁMICA DEL PLAN CONTABLE,102M,2,18,5,25793051CHI,3335102M218,JUNIO,M,VIRTUAL,I,VIRTUAL,(LUNES),(VIR 07:00-10:45),ASIGNADO,,PTP
3335,25793051,CHIAPPE SOTELO JOSE LUIS,VIRTUAL,EXPERIENCIA FORMATIVA EN SITUACIÓN REAL DE TRABAJO,202N,2,44,2,25793051CHI,3335202N244,JUNIO,N,VIRTUAL,II,VIRTUAL,(VIERNES),(VIR 19:00-20:30),ASIGNADO,,
3338,25793051,CHIAPPE SOTELO JOSE LUIS,VIRTUAL,ANÁLISIS E INTERPRETACIÓN DE ESTADOS FINANCIEROS,631M,2,462,7,25793051CHI,3338631M2462,AGOSTO,M,VIRTUAL,VI,VIRTUAL,(MARTES)(SABADO),(VIR 07:00-09:15)(VIR 07:00-10:00),ASIGNADO,,PTP
3338,25793051,CHIAPPE SOTELO JOSE LUIS,NOR,CONTABILIDAD DE ENTIDADES FINANCIERAS,507M,1,1243,8,25793051CHI,3338507M11243,AGOSTO,M,NOR,V,PRESENCIAL,(MIÉRCOLES)(SABADO),(PRE 07:00-10:00)(PRE 07:00-10:00),ASIGNADO,,PTP
3338,25793051,CHIAPPE SOTELO JOSE LUIS,NOR,CÁLCULO FINANCIERO Y TRIBUTARIO PARA DECLARACIÓN JURADA ANUAL,609N,2,1391,10,25793051CHI,3338609N21391,AGOSTO,N,NOR,VI,PRESENCIAL,(LUNES)(JUEVES),(PRE 19:00-22:45)(PRE 19:00-22:45),ASIGNADO,,
3338,25793051,CHIAPPE SOTELO JOSE LUIS,NOR,CONTABILIDAD DE ENTIDADES FINANCIERAS,507N,2,1244,8,25793051CHI,3338507N21244,AGOSTO,N,NOR,V,PRESENCIAL,(MIÉRCOLES)(VIERNES),(PRE 19:00-22:00)(PRE 19:00-22:00),ASIGNADO,,
3338,25793051,CHIAPPE SOTELO JOSE LUIS,NOR,EXPERIENCIA FORMATIVA EN SITUACIÓN REAL DE TRABAJO,609N,2,1406,2,25793051CHI,3338609N21406,AGOSTO,N,NOR,VI,PRESENCIAL,(SABADO),(PRE 19:00-20:30),ASIGNADO,,
3339,25793051,CHIAPPE SOTELO JOSE LUIS,VIRTUAL,FUNDAMENTOS DE COSTOS,203N,1,142,5,25793051CHI,3339203N1142,AGOSTO,N,VIRTUAL,II,VIRTUAL,(LUNES),(VIR 19:00-22:45),ASIGNADO,,
3339,25793051,CHIAPPE SOTELO JOSE LUIS,VIRTUAL,CÁLCULO FINANCIERO Y TRIBUTARIO PARA DECLARACIÓN JURADA ANUAL,602N,1,183,5,25793051CHI,3339602N1183,AGOSTO,N,VIRTUAL,VI,VIRTUAL,(MIÉRCOLES),(VIR 19:00-22:45),ASIGNADO,,
3339,25793051,CHIAPPE SOTELO JOSE LUIS,VIRTUAL,DINÁMICA DEL PLAN CONTABLE,104N,1,240,5,25793051CHI,3339104N1240,AGOSTO,N,VIRTUAL,I,VIRTUAL,(JUEVES)(SABADO),(VIR 19:00-21:15)(VIR 19:00-20:30),ASIGNADO,,
3338,29517927,CHICATA MIRANDA MIGUEL ANGEL,AQP,FOTOGRAFÍA,221M,2,743,10,29517927CHI,3338221M2743,AGOSTO,M,AQP,II,PRESENCIAL,(LUNES)(MIÉRCOLES),(PRE 07:00-10:45)(PRE 07:00-10:45),ASIGNADO,,PPH
3340,9601708,CHILCON LLATAS ALBERTO DAVID,VIRTUAL,Dirección Financiera,701N,2,1120,6,9601708CHI,3340701N21120,AGOSTO,N,VIRTUAL,VII,VIRTUAL,(LUNES)(MIÉRCOLES),(VIR 19:00-21:15)(VIR 19:00-21:15),ASIGNADO,,
3340,70259008,CHIMPEN ALDANA CESAR ENRIQUE,VIRTUAL,ADMINISTRACIÓN DE NEGOCIOS,105M,1,867,5,70259008CHI,3340105M1867,AGOSTO,M,VIRTUAL,I,VIRTUAL,(MIÉRCOLES),(VIR 07:00-10:45),ASIGNADO,,TCxH
3340,70259008,CHIMPEN ALDANA CESAR ENRIQUE,VIRTUAL,LIDERAZGO ESTRATÉGICO,402T,1,546,5,70259008CHI,3340402T1546,AGOSTO,T,VIRTUAL,IV,VIRTUAL,(VIERNES),(VIR 14:30-18:15),ASIGNADO,,
3340,70259008,CHIMPEN ALDANA CESAR ENRIQUE,VIRTUAL,ADMINISTRACIÓN DE NEGOCIOS,101N,1,866,5,70259008CHI,3340101N1866,AGOSTO,N,VIRTUAL,I,VIRTUAL,(LUNES),(VIR 19:00-22:45),ASIGNADO,,
3340,70259008,CHIMPEN ALDANA CESAR ENRIQUE,VIRTUAL,ADMINISTRACIÓN DE NEGOCIOS,118N,1,885,5,70259008CHI,3340118N1885,AGOSTO,N,VIRTUAL,I,VIRTUAL,(JUEVES),(VIR 19:00-22:45),ASIGNADO,,
3340,8185119,CHINCHA ALVAREZ ANA MARIA NINOSHKA,PRC,PENSAMIENTO LÓGICO,113N,1,947,12,8185119CHI,3340113N1947,AGOSTO,N,PRC,I,PRESENCIAL,(LUNES)(MIÉRCOLES)(SABADO),(PRE 19:00-22:45)(PRE 19:00-22:45)(PRE 19:00-20:30),ASIGNADO,,
3340,8185119,CHINCHA ALVAREZ ANA MARIA NINOSHKA,PRC,PENSAMIENTO LÓGICO,109N,2,941,12,8185119CHI,3340109N2941,AGOSTO,N,PRC,I,PRESENCIAL,(LUNES)(MIÉRCOLES)(SABADO),(PRE 19:00-22:45)(PRE 19:00-22:45)(PRE 19:00-20:30),ASIGNADO,,
3339,75062787,CHINCHAY PADILLA JHOSELYN JESUS,VIRTUAL,COMERCIO EXTERIOR,101N,2,211,5,75062787CHI,3339101N2211,AGOSTO,N,VIRTUAL,I,VIRTUAL,(JUEVES)(SABADO),(VIR 19:00-21:15)(VIR 19:00-20:30),ASIGNADO,,
3339,75062787,CHINCHAY PADILLA JHOSELYN JESUS,VIRTUAL,ESTRATEGIAS DE COMERCIO INTERNACIONAL,601N,1,115,4,75062787CHI,3339601N1115,AGOSTO,N,VIRTUAL,VI,VIRTUAL,(VIERNES),(VIR 19:00-22:00),ASIGNADO,,
3340,75062787,CHINCHAY PADILLA JHOSELYN JESUS,VIRTUAL,GESTIÓN DE LA CADENA DE SUMINISTROS,401N,1,537,5,75062787CHI,3340401N1537,AGOSTO,N,VIRTUAL,IV,VIRTUAL,(MIÉRCOLES),(VIR 19:00-22:45),ASIGNADO,,
3341,75062787,CHINCHAY PADILLA JHOSELYN JESUS,VIRTUAL,GESTIÓN DE LA CADENA DE SUMINISTROS,403N,1,60,5,75062787CHI,3341403N160,AGOSTO,N,VIRTUAL,IV,VIRTUAL,(LUNES),(VIR 19:00-22:45),ASIGNADO,,
3341,75062787,CHINCHAY PADILLA JHOSELYN JESUS,VIRTUAL,GESTIÓN DE LA CADENA DE SUMINISTROS,402N,2,59,5,75062787CHI,3341402N259,AGOSTO,N,VIRTUAL,IV,VIRTUAL,(LUNES),(VIR 19:00-22:45),ASIGNADO,,
3341,75062787,CHINCHAY PADILLA JHOSELYN JESUS,VIRTUAL,GESTIÓN DE LA CADENA DE SUMINISTROS,401N,2,123,5,75062787CHI,3341401N2123,AGOSTO,N,VIRTUAL,IV,VIRTUAL,(MIÉRCOLES),(VIR 19:00-22:45),ASIGNADO,,
3338,40565947,CHIRE QUINTANILLA  LUIS ANGEL,AQP,EMPRENDIMIENTO: PROYECTO INTEGRADOR,615M,1,1428,12,40565947CHI,3338615M11428,AGOSTO,M,AQP,VI,PRESENCIAL,(LUNES)(JUEVES),(PRE 07:00-11:30)(PRE 07:00-11:30),ASIGNADO,,PTC
3338,40565947,CHIRE QUINTANILLA  LUIS ANGEL,AQP,EMPRENDIMIENTO: PLAN DE DESARROLLO DEL NEGOCIO,509M,2,1157,10,40565947CHI,3338509M21157,AGOSTO,M,AQP,V,PRESENCIAL,(LUNES)(VIERNES),(PRE 07:00-10:45)(PRE 07:00-10:45),ASIGNADO,,PTC
3338,40565947,CHIRE QUINTANILLA  LUIS ANGEL,AQP,EMPRENDIMIENTO: PROYECTO INTEGRADOR,618M,1,1430,12,40565947CHI,3338618M11430,AGOSTO,M,AQP,VI,PRESENCIAL,(MIÉRCOLES)(VIERNES),(PRE 07:00-11:30)(PRE 07:00-11:30),ASIGNADO,,PTC
3338,40565947,CHIRE QUINTANILLA  LUIS ANGEL,VIRTUAL,EMPRENDIMIENTO: MODELO DE NEGOCIO,415N,1,342,6,40565947CHI,3338415N1342,AGOSTO,N,VIRTUAL,IV,VIRTUAL,(MIÉRCOLES),(VIR 18:15-22:45),ASIGNADO,,
3338,40565947,CHIRE QUINTANILLA  LUIS ANGEL,VIRTUAL,EMPRENDIMIENTO: PROYECTO INTEGRADOR,619N,2,359,10,40565947CHI,3338619N2359,AGOSTO,N,VIRTUAL,VI,VIRTUAL,(MARTES)(VIERNES),(VIR 19:00-22:45)(VIR 19:00-22:45),ASIGNADO,,
3338,40565947,CHIRE QUINTANILLA  LUIS ANGEL,VIRTUAL,EMPRENDIMIENTO: PLAN DE DESARROLLO DEL NEGOCIO,512N,2,337,5,40565947CHI,3338512N2337,AGOSTO,N,VIRTUAL,V,VIRTUAL,(JUEVES),(VIR 19:00-22:45),ASIGNADO,,
3339,40565947,CHIRE QUINTANILLA  LUIS ANGEL,VIRTUAL,EMPRENDIMIENTO: CREATIVIDAD E INNOVACIÓN,302N,2,79,5,40565947CHI,3339302N279,AGOSTO,N,VIRTUAL,III,VIRTUAL,(MIÉRCOLES),(VIR 19:00-22:45),ASIGNADO,,
3338,41765571,CHOQUE DEL POZO SIMON ELIAD,NOR,HERRAMIENTAS DIGITALES E INTELIGENCIA ARTIFICIAL,114N,2,1934,12,41765571CHO,3338114N21934,AGOSTO,N,NOR,I,PRESENCIAL,(MARTES)(JUEVES)(VIERNES),(PRE 19:00-22:45)(PRE 20:30-22:00)(PRE 19:00-22:45),ASIGNADO,,
3338,32960618,CHU PHUM CESAR JAIME,VIRTUAL,PORTAFOLIO DE PRODUCTOS Y SERVICIOS FINANCIEROS,422M,1,884,4,32960618CHU,3338422M1884,AGOSTO,M,VIRTUAL,IV,VIRTUAL,(JUEVES),(VIR 07:00-10:00),ASIGNADO,,PTC IN
3338,32960618,CHU PHUM CESAR JAIME,VIRTUAL,EXPERIENCIA FORMATIVA EN SITUACIÓN REAL DE TRABAJO,221N,2,325,2,32960618CHU,3338221N2325,AGOSTO,N,VIRTUAL,II,VIRTUAL,(MIÉRCOLES),(VIR 19:00-20:30),ASIGNADO,,
3338,43807163,CHUCHÓN URBINA JESÚS MANUEL,VIRTUAL,INGLÉS APLICADO A PROYECTOS EMPRESARIALES,407N,2,926,6,43807163CHU,3338407N2926,AGOSTO,N,VIRTUAL,IV,VIRTUAL,(LUNES),(VIR 18:15-22:45),ASIGNADO,,
3338,43807163,CHUCHÓN URBINA JESÚS MANUEL,VIRTUAL,INGLÉS APLICADO A PROYECTOS EMPRESARIALES,401N,2,2161,6,43807163CHU,3338401N22161,AGOSTO,N,VIRTUAL,IV,VIRTUAL,(MARTES),(VIR 18:15-22:45),ASIGNADO,,
3338,43807163,CHUCHÓN URBINA JESÚS MANUEL,VIRTUAL,INGLÉS PARA LA COMUNICACIÓN EN LOS NEGOCIOS,314N,1,852,8,43807163CHU,3338314N1852,AGOSTO,N,VIRTUAL,III,VIRTUAL,(LUNES)(JUEVES),(VIR 19:00-22:00)(VIR 19:00-22:00),ASIGNADO,,
3338,43807163,CHUCHÓN URBINA JESÚS MANUEL,VIRTUAL,INGLÉS PARA LA COMUNICACIÓN EN LOS NEGOCIOS,315N,1,853,8,43807163CHU,3338315N1853,AGOSTO,N,VIRTUAL,III,VIRTUAL,(MARTES)(SABADO),(VIR 19:00-22:00)(VIR 19:00-22:00),ASIGNADO,,
3338,43807163,CHUCHÓN URBINA JESÚS MANUEL,VIRTUAL,INGLÉS PARA LA COMUNICACIÓN EN LOS NEGOCIOS,308N,2,849,8,43807163CHU,3338308N2849,AGOSTO,N,VIRTUAL,III,VIRTUAL,(MIÉRCOLES)(VIERNES),(VIR 19:00-22:00)(VIR 19:00-22:00),ASIGNADO,,
3338,43807163,CHUCHÓN URBINA JESÚS MANUEL,VIRTUAL,INGLÉS APLICADO A PROYECTOS EMPRESARIALES,415N,2,929,6,43807163CHU,3338415N2929,AGOSTO,N,VIRTUAL,IV,VIRTUAL,(JUEVES)(SABADO),(VIR 20:30-22:45)(VIR 20:30-22:45),ASIGNADO,,
3339,43807163,CHUCHÓN URBINA JESÚS MANUEL,VIRTUAL,INGLÉS APLICADO A PROYECTOS EMPRESARIALES,403N,1,167,6,43807163CHU,3339403N1167,AGOSTO,N,VIRTUAL,IV,VIRTUAL,(MIÉRCOLES),(VIR 18:15-22:45),ASIGNADO,,
3339,43807163,CHUCHÓN URBINA JESÚS MANUEL,VIRTUAL,INGLÉS APLICADO A PROYECTOS EMPRESARIALES,401N,1,97,6,43807163CHU,3339401N197,AGOSTO,N,VIRTUAL,IV,VIRTUAL,(VIERNES),(VIR 18:15-22:45),ASIGNADO,,
3334,9410402,CHUMPITAZ SANCHEZ VICTOR ANDRES,PRC,EXPERIENCIA FORMATIVA EN SITUACIÓN REAL DE TRABAJO,205N,2,,2,9410402CHU,3334205N2,JUNIO,N,PRC,II,PRESENCIAL,(VIERNES),(PRE 19:00-20:30),ASIGNADO,,
3338,9410402,CHUMPITAZ SANCHEZ VICTOR ANDRES,VES,EXPERIENCIA FORMATIVA EN SITUACIÓN REAL DE TRABAJO,228N,2,2023,2,9410402CHU,3338228N22023,AGOSTO,N,VES,II,PRESENCIAL,(SABADO),(PRE 19:00-20:30),ASIGNADO,,
3340,9410402,CHUMPITAZ SANCHEZ VICTOR ANDRES,ATE,TOMA DE DECISIONES ESTRATÉGICAS,604M,1,404,10,9410402CHU,3340604M1404,AGOSTO,M,ATE,VI,PRESENCIAL,(MIÉRCOLES)(SABADO),(PRE 07:00-10:45)(PRE 07:00-10:45),ASIGNADO,,PPH
3338,75110092,CHUNGA RIOS LUIS ALBERTO,VIRTUAL,HERRAMIENTAS DIGITALES E INTELIGENCIA ARTIFICIAL,113N,1,1809,6,75110092CHU,3338113N11809,AGOSTO,N,VIRTUAL,I,VIRTUAL,(MARTES)(JUEVES),(VIR 20:30-22:00)(VIR 19:00-22:00),ASIGNADO,,
3340,75110092,CHUNGA RIOS LUIS ALBERTO,VIRTUAL,"INFRAESTRUCTURAS, PLATAFORMAS Y SERVICIOS DE TECNOLOGÍAS DE LA INFORMACIÓN",213N,2,704,5,75110092CHU,3340213N2704,AGOSTO,N,VIRTUAL,II,VIRTUAL,(MARTES),(VIR 19:00-22:45),ASIGNADO,,
3337,6269179,CHUQUIN ESPINOZA WILLIAM,VIRTUAL,Gestión de Procesos de Mejora Continua,801N,2,36,5,6269179CHU,3337801N236,JUNIO,N,VIRTUAL,IV,VIRTUAL,(MARTES)(SABADO),(VIR 19:00-20:30)(VIR 18:15-20:30),ASIGNADO,,
3340,6269179,CHUQUIN ESPINOZA WILLIAM,SJL,PROCESOS EMPRESARIALES,216M,1,279,10,6269179CHU,3340216M1279,AGOSTO,M,SJL,II,PRESENCIAL,(MARTES)(JUEVES),(PRE 07:00-10:45)(PRE 07:00-10:45),ASIGNADO,,TCxH
3340,6269179,CHUQUIN ESPINOZA WILLIAM,SJL,PROCESOS EMPRESARIALES,215M,1,277,10,6269179CHU,3340215M1277,AGOSTO,M,SJL,II,PRESENCIAL,(MIÉRCOLES)(VIERNES),(PRE 07:00-10:45)(PRE 07:00-10:45),ASIGNADO,,TCxH
3340,6269179,CHUQUIN ESPINOZA WILLIAM,VIRTUAL,ADMINISTRACIÓN DE OPERACIONES,501M,2,512,10,6269179CHU,3340501M2512,AGOSTO,M,VIRTUAL,V,VIRTUAL,(JUEVES)(SABADO),(VIR 07:00-10:45)(VIR 07:00-10:45),ASIGNADO,,TCxH
3340,6269179,CHUQUIN ESPINOZA WILLIAM,PRC,GESTIÓN DE PROCESOS DE MEJORA CONTINUA,401N,2,352,10,6269179CHU,3340401N2352,AGOSTO,N,PRC,IV,PRESENCIAL,(MARTES)(JUEVES),(PRE 19:00-22:45)(PRE 19:00-22:45),ASIGNADO,,
3340,6269179,CHUQUIN ESPINOZA WILLIAM,SJL,EXPERIENCIAS FORMATIVAS EN SITUACIONES REALES DE TRABAJO,404N,2,372,2,6269179CHU,3340404N2372,AGOSTO,N,SJL,IV,PRESENCIAL,(VIERNES),(PRE 20:30-22:00),ASIGNADO,,
3338,43380708,CISNEROS CANLLA EDSON DAVID,VIRTUAL,FUNDAMENTOS DE MARKETING,109N,1,1789,6,43380708CIS,3338109N11789,AGOSTO,N,VIRTUAL,I,VIRTUAL,(VIERNES),(VIR 18:15-22:45),ASIGNADO,,
3338,43380708,CISNEROS CANLLA EDSON DAVID,VIRTUAL,FUNDAMENTOS DE MARKETING,108N,2,1788,6,43380708CIS,3338108N21788,AGOSTO,N,VIRTUAL,I,VIRTUAL,(VIERNES),(VIR 18:15-22:45),ASIGNADO,,
3338,43380708,CISNEROS CANLLA EDSON DAVID,VIRTUAL,MODELO DE NEGOCIOS DIGITALES,621N,1,1573,4,43380708CIS,3338621N11573,AGOSTO,N,VIRTUAL,VI,VIRTUAL,(MARTES),(VIR 19:00-22:00),ASIGNADO,,
3338,43380708,CISNEROS CANLLA EDSON DAVID,VIRTUAL,MARKETING,222N,2,685,5,43380708CIS,3338222N2685,AGOSTO,N,VIRTUAL,II,VIRTUAL,(MARTES),(VIR 19:00-22:45),ASIGNADO,,
3338,43380708,CISNEROS CANLLA EDSON DAVID,VIRTUAL,ESTRATEGIAS DE FIDELIZACIÓN Y RETENCIÓN DE CLIENTES,510N,1,1215,5,43380708CIS,3338510N11215,AGOSTO,N,VIRTUAL,V,VIRTUAL,(MIÉRCOLES),(VIR 19:00-22:45),ASIGNADO,,
3338,43380708,CISNEROS CANLLA EDSON DAVID,VIRTUAL,MARKETING,215N,2,683,5,43380708CIS,3338215N2683,AGOSTO,N,VIRTUAL,II,VIRTUAL,(MIÉRCOLES),(VIR 19:00-22:45),ASIGNADO,,
3338,73143376,CISNEROS CRUZADO ROBERT OMAR,PRC,CONTABILIDAD,204N,1,691,8,73143376CIS,3338204N1691,AGOSTO,N,PRC,II,PRESENCIAL,(MARTES)(VIERNES),(PRE 19:00-22:00)(PRE 19:00-22:00),ASIGNADO,,
3338,73143376,CISNEROS CRUZADO ROBERT OMAR,PRC,EXPERIENCIA FORMATIVA EN SITUACIÓN REAL DE TRABAJO,202N,2,593,2,73143376CIS,3338202N2593,AGOSTO,N,PRC,II,PRESENCIAL,(VIERNES),(PRE 19:00-20:30),ASIGNADO,,
3340,43334331,CIUDAD CRUZ JOSE LUIS,VIRTUAL,COMUNICACIÓN ESTRATÉGICA EN MARKETING,407M,1,579,6,43334331CIU,3340407M1579,AGOSTO,M,VIRTUAL,IV,VIRTUAL,(LUNES)(JUEVES),(VIR 07:00-09:15)(VIR 07:00-09:15),ASIGNADO,,PPH
3340,43334331,CIUDAD CRUZ JOSE LUIS,VIRTUAL,PRICING: ESTRATEGIAS DE PRECIO,406N,1,857,5,43334331CIU,3340406N1857,AGOSTO,N,VIRTUAL,IV,VIRTUAL,(MARTES)(VIERNES),(VIR 19:00-21:15)(VIR 19:00-20:30),ASIGNADO,,
3338,40732069,COBOS APAZA ANGELA MARIA,VES,FUNDAMENTOS DE COSTOS,233M,1,2060,8,40732069COB,3338233M12060,AGOSTO,M,VES,II,PRESENCIAL,(LUNES)(MIÉRCOLES),(PRE 07:00-10:45)(PRE 07:00-09:15),ASIGNADO,,PTP
3338,40732069,COBOS APAZA ANGELA MARIA,VES,CONTABILIDAD,232M,2,2022,10,40732069COB,3338232M22022,AGOSTO,M,VES,II,PRESENCIAL,(LUNES)(JUEVES),(PRE 07:00-10:45)(PRE 07:00-10:45),ASIGNADO,,PTP
3338,40732069,COBOS APAZA ANGELA MARIA,VES,SISTEMAS DE PROCESOS CONTABLES,319M,1,2069,10,40732069COB,3338319M12069,AGOSTO,M,VES,III,PRESENCIAL,(MARTES)(JUEVES),(PRE 07:00-10:45)(PRE 07:00-10:45),ASIGNADO,,PTP
3338,40732069,COBOS APAZA ANGELA MARIA,VIRTUAL,CÁLCULO FINANCIERO Y TRIBUTARIO PARA DECLARACIÓN JURADA ANUAL,631M,2,465,5,40732069COB,3338631M2465,AGOSTO,M,VIRTUAL,VI,VIRTUAL,(MIÉRCOLES),(VIR 07:00-10:45),ASIGNADO,,PTP
3338,40732069,COBOS APAZA ANGELA MARIA,VIRTUAL,AUDITORÍA,602N,1,1538,5,40732069COB,3338602N11538,AGOSTO,N,VIRTUAL,VI,VIRTUAL,(MARTES)(JUEVES),(VIR 19:00-21:15)(VIR 20:30-22:00),ASIGNADO,,
3338,40732069,COBOS APAZA ANGELA MARIA,VIRTUAL,CONTABILIDAD GUBERNAMENTAL,402N,2,1105,5,40732069COB,3338402N21105,AGOSTO,N,VIRTUAL,IV,VIRTUAL,(MARTES),(VIR 19:00-22:45),ASIGNADO,,
3338,40732069,COBOS APAZA ANGELA MARIA,VIRTUAL,CONTROL Y VALORIZACIÓN DE INVENTARIOS,229N,2,2055,4,40732069COB,3338229N22055,AGOSTO,N,VIRTUAL,II,VIRTUAL,(MIÉRCOLES),(VIR 19:00-22:00),ASIGNADO,,
3340,45346231,COBOS GUTIERREZ CARLOS EDUARDO,VIRTUAL,METODOLOGÍA CUANTITATIVA,301M,1,494,6,45346231COB,3340301M1494,AGOSTO,M,VIRTUAL,III,VIRTUAL,(LUNES)(MIÉRCOLES),(VIR 07:00-09:15)(VIR 07:00-09:15),ASIGNADO,,PTC
3340,45346231,COBOS GUTIERREZ CARLOS EDUARDO,VIRTUAL,METODOLOGÍA CUANTITATIVA,304M,1,498,6,45346231COB,3340304M1498,AGOSTO,M,VIRTUAL,III,VIRTUAL,(MARTES)(JUEVES),(VIR 07:00-09:15)(VIR 07:00-09:15),ASIGNADO,,PTC
3340,45346231,COBOS GUTIERREZ CARLOS EDUARDO,VIRTUAL,ADMINISTRACIÓN DE PERSONAL,402T,1,530,5,45346231COB,3340402T1530,AGOSTO,T,VIRTUAL,IV,VIRTUAL,(MARTES),(VIR 14:30-18:15),ASIGNADO,,
3340,45346231,COBOS GUTIERREZ CARLOS EDUARDO,VIRTUAL,METODOLOGÍAS ÁGILES PARA LA INNOVACIÓN,402T,2,556,4,45346231COB,3340402T2556,AGOSTO,T,VIRTUAL,IV,VIRTUAL,(MARTES),(VIR 14:30-17:30),ASIGNADO,,
3340,45346231,COBOS GUTIERREZ CARLOS EDUARDO,VIRTUAL,Metodología Cualitativa,801N,1,1140,6,45346231COB,3340801N11140,AGOSTO,N,VIRTUAL,II,VIRTUAL,(JUEVES)(SABADO),(VIR 20:30-22:45)(VIR 20:30-22:45),ASIGNADO,,
3341,45346231,COBOS GUTIERREZ CARLOS EDUARDO,VIRTUAL,METODOLOGÍA CUANTITATIVA,301M,2,34,6,45346231COB,3341301M234,AGOSTO,M,VIRTUAL,III,VIRTUAL,(LUNES)(VIERNES),(VIR 07:00-09:15)(VIR 09:15-11:30),ASIGNADO,,PTC
3341,45346231,COBOS GUTIERREZ CARLOS EDUARDO,VIRTUAL,MARKETING,201M,2,96,4,45346231COB,3341201M296,AGOSTO,M,VIRTUAL,II,VIRTUAL,(MIÉRCOLES),(VIR 07:00-10:00),ASIGNADO,,PTC
3338,44129157,COLLAN CASTRO EDWARD SERGIO,VES,INGLÉS PARA NEGOCIOS INTERNACIONALES,520M,2,2111,10,44129157COL,3338520M22111,AGOSTO,M,VES,V,PRESENCIAL,(LUNES)(VIERNES),(PRE 07:00-10:45)(PRE 07:00-10:45),ASIGNADO,,PPH
3338,44129157,COLLAN CASTRO EDWARD SERGIO,PRC,INGLÉS APLICADO A PROYECTOS EMPRESARIALES,403N,1,1040,12,44129157COL,3338403N11040,AGOSTO,N,PRC,IV,PRESENCIAL,(LUNES)(JUEVES),(PRE 18:15-22:45)(PRE 18:15-22:45),ASIGNADO,,
3338,40474285,COMUN GALVAN JULIA ADELA,ATE,SISTEMAS CONTABLES INTEGRADOS,407M,1,1007,10,40474285COM,3338407M11007,AGOSTO,M,ATE,IV,PRESENCIAL,(LUNES)(MIÉRCOLES),(PRE 07:00-10:45)(PRE 07:00-10:45),ASIGNADO,,PPH
3340,40913661,CONCHA BEDOYA KATIUSKA YOLANDA,AQP,PENSAMIENTO LÓGICO,116M,2,936,12,40913661CON,3340116M2936,AGOSTO,M,AQP,I,PRESENCIAL,(LUNES)(MIÉRCOLES)(SABADO),(PRE 08:30-12:15)(PRE 08:30-12:15)(PRE 08:30-10:00),ASIGNADO,,
3340,40913661,CONCHA BEDOYA KATIUSKA YOLANDA,AQP,PENSAMIENTO LÓGICO,111M,,943,6,40913661CON,3340111M943,AGOSTO,M,AQP,I,PRESENCIAL,(MARTES)(VIERNES),(PRE 08:30-10:45)(PRE 08:30-10:45),ASIGNADO,,
3340,40913661,CONCHA BEDOYA KATIUSKA YOLANDA,AQP,CONTABILIDAD,201T,1,249,8,40913661CON,3340201T1249,AGOSTO,T,AQP,II,PRESENCIAL,(MARTES)(SABADO),(PRE 14:30-17:30)(PRE 14:30-17:30),ASIGNADO,,
3338,43056736,CONDOR CARRIÓN JAVIER LITO,ATE,GESTIÓN DE ALMACENES,610M,1,1451,8,43056736CON,3338610M11451,AGOSTO,M,ATE,VI,PRESENCIAL,(LUNES)(MIÉRCOLES),(PRE 07:00-10:45)(PRE 07:00-09:15),ASIGNADO,,PTP
3338,43056736,CONDOR CARRIÓN JAVIER LITO,ATE,GESTIÓN DE PROVEEDORES,304M,1,798,10,43056736CON,3338304M1798,AGOSTO,M,ATE,III,PRESENCIAL,(MARTES)(VIERNES),(PRE 07:00-10:45)(PRE 07:00-10:45),ASIGNADO,,PTP
3338,43056736,CONDOR CARRIÓN JAVIER LITO,ATE,CONTROL DE DESPACHO,210M,2,618,10,43056736CON,3338210M2618,AGOSTO,M,ATE,II,PRESENCIAL,(MARTES)(VIERNES),(PRE 07:00-11:30)(PRE 07:00-10:00),ASIGNADO,,PTP
3338,43056736,CONDOR CARRIÓN JAVIER LITO,ATE,SUPPLY CHAIN MANAGEMENT,408M,2,1085,10,43056736CON,3338408M21085,AGOSTO,M,ATE,IV,PRESENCIAL,(MIÉRCOLES)(SABADO),(PRE 07:00-10:45)(PRE 07:00-10:45),ASIGNADO,,PTP
3338,43056736,CONDOR CARRIÓN JAVIER LITO,ATE,GESTIÓN DE LA CALIDAD EN COMERCIO EXTERIOR,505M,1,1187,10,43056736CON,3338505M11187,AGOSTO,M,ATE,V,PRESENCIAL,(JUEVES)(SABADO),(PRE 07:00-10:45)(PRE 07:00-10:45),ASIGNADO,,PTP
3338,43056736,CONDOR CARRIÓN JAVIER LITO,ATE,EXPERIENCIA FORMATIVA EN SITUACIÓN REAL DE TRABAJO,408M,2,1059,2,43056736CON,3338408M21059,AGOSTO,M,ATE,IV,PRESENCIAL,(JUEVES),(PRE 08:30-10:00),ASIGNADO,,
3338,43056736,CONDOR CARRIÓN JAVIER LITO,ATE,EXPERIENCIA FORMATIVA EN SITUACIÓN REAL DE TRABAJO,210M,2,629,2,43056736CON,3338210M2629,AGOSTO,M,ATE,II,PRESENCIAL,(VIERNES),(PRE 10:00-11:30),ASIGNADO,,
3339,43056736,CONDOR CARRIÓN JAVIER LITO,VIRTUAL,SUPPLY CHAIN MANAGEMENT,401M,2,109,5,43056736CON,3339401M2109,AGOSTO,M,VIRTUAL,IV,VIRTUAL,(LUNES),(VIR 07:00-10:45),ASIGNADO,,PTP
3339,43056736,CONDOR CARRIÓN JAVIER LITO,VIRTUAL,NUEVAS TENDENCIAS EN ADMINISTRACIÓN DE NEGOCIOS INTERNACIONALES,C01M,1,241,2,43056736CON,3339C01M1241,AGOSTO,M,VIRTUAL,I,VIRTUAL,(MIÉRCOLES),(VIR 09:15-10:45),ASIGNADO,,
3338,40073403,CONDOR SURICHAQUI LUIS ENRIQUE,ATE,PENSAMIENTO LÓGICO,114M,2,1867,12,40073403CON,3338114M21867,AGOSTO,M,ATE,I,PRESENCIAL,(LUNES)(JUEVES)(SABADO),(PRE 07:00-10:45)(PRE 07:00-10:45)(PRE 08:30-10:00),ASIGNADO,,PTC
3338,40073403,CONDOR SURICHAQUI LUIS ENRIQUE,SJL,PENSAMIENTO LÓGICO,118M,1,1875,12,40073403CON,3338118M11875,AGOSTO,M,SJL,I,PRESENCIAL,(MARTES)(JUEVES)(SABADO),(PRE 07:00-10:45)(PRE 07:00-10:45)(PRE 07:00-08:30),ASIGNADO,,PTC
3339,40073403,CONDOR SURICHAQUI LUIS ENRIQUE,VIRTUAL,PENSAMIENTO LÓGICO,101M,1,216,6,40073403CON,3339101M1216,AGOSTO,M,VIRTUAL,I,VIRTUAL,(LUNES),(VIR 07:00-11:30),ASIGNADO,,PTC
3339,40073403,CONDOR SURICHAQUI LUIS ENRIQUE,VIRTUAL,PENSAMIENTO LÓGICO,103M,1,220,6,40073403CON,3339103M1220,AGOSTO,M,VIRTUAL,I,VIRTUAL,(MIÉRCOLES),(VIR 07:00-11:30),ASIGNADO,,PTC
3339,40073403,CONDOR SURICHAQUI LUIS ENRIQUE,VIRTUAL,PENSAMIENTO LÓGICO,103N,2,221,6,40073403CON,3339103N2221,AGOSTO,N,VIRTUAL,I,VIRTUAL,(LUNES),(VIR 18:15-22:45),ASIGNADO,,
3339,40073403,CONDOR SURICHAQUI LUIS ENRIQUE,VIRTUAL,PENSAMIENTO LÓGICO,101N,1,217,6,40073403CON,3339101N1217,AGOSTO,N,VIRTUAL,I,VIRTUAL,(MARTES),(VIR 18:15-22:45),ASIGNADO,,
3339,40073403,CONDOR SURICHAQUI LUIS ENRIQUE,VIRTUAL,PENSAMIENTO LÓGICO,106N,2,225,6,40073403CON,3339106N2225,AGOSTO,N,VIRTUAL,I,VIRTUAL,(MIÉRCOLES),(VIR 18:15-22:45),ASIGNADO,,
3339,40073403,CONDOR SURICHAQUI LUIS ENRIQUE,VIRTUAL,PENSAMIENTO LÓGICO,104N,2,223,6,40073403CON,3339104N2223,AGOSTO,N,VIRTUAL,I,VIRTUAL,(JUEVES),(VIR 18:15-22:45),ASIGNADO,,
3338,42901980,CONISLLA ESPINOZA JUAN CARLOS,SJL,INNOVACIÓN Y DISEÑO CX,413N,1,981,8,42901980CON,3338413N1981,AGOSTO,N,SJL,IV,PRESENCIAL,(LUNES)(VIERNES),(PRE 19:00-22:00)(PRE 19:00-22:00),ASIGNADO,,
3338,42901980,CONISLLA ESPINOZA JUAN CARLOS,SJL,DISEÑO DE NEGOCIOS DIGITALES PARA EL SECTOR FINANCIERO,615N,2,1309,8,42901980CON,3338615N21309,AGOSTO,N,SJL,VI,PRESENCIAL,(MARTES)(JUEVES),(PRE 19:00-22:45)(PRE 20:30-22:45),ASIGNADO,,
3338,70993280,CONTRERAS REYES MAYCOL DEYSON,SJL,GESTIÓN DE LA CALIDAD EN COMERCIO EXTERIOR,512M,1,,10,70993280CON,3338512M1,AGOSTO,M,SJL,V,PRESENCIAL,(LUNES)(JUEVES),(PRE 07:00-10:45)(PRE 07:00-10:45),ASIGNADO,,PPH
3338,70993280,CONTRERAS REYES MAYCOL DEYSON,SJL,SUPPLY CHAIN MANAGEMENT,419M,2,1091,10,70993280CON,3338419M21091,AGOSTO,M,SJL,IV,PRESENCIAL,(LUNES)(JUEVES),(PRE 07:00-10:45)(PRE 07:00-10:45),ASIGNADO,,PPH
3338,70993280,CONTRERAS REYES MAYCOL DEYSON,SJL,COMERCIO EXTERIOR,111M,1,1919,10,70993280CON,3338111M11919,AGOSTO,M,SJL,I,PRESENCIAL,(MIÉRCOLES)(VIERNES),(PRE 07:00-10:45)(PRE 07:00-10:45),ASIGNADO,,PPH
3338,70993280,CONTRERAS REYES MAYCOL DEYSON,SJL,EXPERIENCIA FORMATIVA EN SITUACIÓN REAL DE TRABAJO,420M,2,1066,2,70993280CON,3338420M21066,AGOSTO,M,SJL,IV,PRESENCIAL,(VIERNES),(PRE 07:00-08:30),ASIGNADO,,PPH
3338,46409361,CONTRERAS VARGAS ALONSO MANUEL,VES,CREATIVIDAD E INNOVACIÓN,321M,1,2139,10,46409361CON,3338321M12139,AGOSTO,M,VES,III,PRESENCIAL,(MARTES)(JUEVES),(PRE 07:00-10:45)(PRE 07:00-10:45),ASIGNADO,,PTP
3338,46409361,CONTRERAS VARGAS ALONSO MANUEL,VIRTUAL,EMPRENDIMIENTO: PROYECTO INTEGRADOR,627M,1,360,10,46409361CON,3338627M1360,AGOSTO,M,VIRTUAL,VI,VIRTUAL,(MIÉRCOLES)(VIERNES),(VIR 07:00-10:45)(VIR 07:00-10:45),ASIGNADO,,PTP
3340,46409361,CONTRERAS VARGAS ALONSO MANUEL,VIRTUAL,METODOLOGÍAS ÁGILES PARA LA INNOVACIÓN-DNI,401M,2,554,4,46409361CON,3340401M2554,AGOSTO,M,VIRTUAL,IV,VIRTUAL,(MIÉRCOLES),(VIR 07:00-10:00),ASIGNADO,,PTP
3340,46409361,CONTRERAS VARGAS ALONSO MANUEL,VIRTUAL,METODOLOGÍAS ÁGILES PARA LA INNOVACIÓN,414M,1,1091,4,46409361CON,3340414M11091,AGOSTO,M,VIRTUAL,IV,VIRTUAL,(SABADO),(VIR 07:00-10:00),ASIGNADO,,PTP
3341,46409361,CONTRERAS VARGAS ALONSO MANUEL,VIRTUAL,METODOLOGÍAS ÁGILES PARA LA INNOVACIÓN,401M,2,64,5,46409361CON,3341401M264,AGOSTO,M,VIRTUAL,IV,VIRTUAL,(LUNES),(VIR 07:00-10:45),ASIGNADO,,PTP
3340,29226416,CORDOVA FERNAN ZEGARRA PAUL ANDRES,AQP,EXPERIENCIA DEL CLIENTE,221M,1,232,10,29226416COR,3340221M1232,AGOSTO,M,AQP,II,PRESENCIAL,(LUNES)(JUEVES),(PRE 07:00-10:45)(PRE 07:00-10:45),ASIGNADO,,PPH
3340,29226416,CORDOVA FERNAN ZEGARRA PAUL ANDRES,AQP,EXPERIENCIA DEL CLIENTE,220M,1,231,10,29226416COR,3340220M1231,AGOSTO,M,AQP,II,PRESENCIAL,(MARTES)(VIERNES),(PRE 07:00-10:45)(PRE 07:00-10:45),ASIGNADO,,PPH
3334,42331477,CORDOVA GUTIERREZ HECTOR GIOVANNI,SJL,EXPERIENCIA DEL CLIENTE,203M,2,48,10,42331477COR,3334203M248,JUNIO,M,SJL,II,PRESENCIAL,(MARTES)(SABADO),(PRE 07:00-10:45)(PRE 07:00-10:45),ASIGNADO,,PTP
3336,42331477,CORDOVA GUTIERREZ HECTOR GIOVANNI,VIRTUAL,EXPERIENCIA DEL CLIENTE,202M,2,52,10,42331477COR,3336202M252,JUNIO,M,VIRTUAL,II,VIRTUAL,(MIÉRCOLES)(VIERNES),(VIR 07:00-10:45)(VIR 07:00-10:45),ASIGNADO,,PTP
3338,42331477,CORDOVA GUTIERREZ HECTOR GIOVANNI,ATE,EXPERIENCIA DEL CLIENTE,206N,1,562,10,42331477COR,3338206N1562,AGOSTO,N,ATE,II,PRESENCIAL,(LUNES)(SABADO),(PRE 19:00-22:45)(PRE 19:00-22:45),ASIGNADO,,
3340,42331477,CORDOVA GUTIERREZ HECTOR GIOVANNI,ATE,CREATIVIDAD E INNOVACIÓN,302N,2,313,8,42331477COR,3340302N2313,AGOSTO,N,ATE,III,PRESENCIAL,(MARTES)(SABADO),(PRE 19:00-22:00)(PRE 19:00-22:00),ASIGNADO,,
3340,42331477,CORDOVA GUTIERREZ HECTOR GIOVANNI,VIRTUAL,PLAN DE DESARROLLO DEL NEGOCIO,508N,2,748,5,42331477COR,3340508N2748,AGOSTO,N,VIRTUAL,V,VIRTUAL,(MIÉRCOLES),(VIR 19:00-22:45),ASIGNADO,,
3338,40087750,CORDOVA TORREJON JIMMY DAVID,SJL,INGLÉS APLICADO A PROYECTOS EMPRESARIALES,411N,2,1047,12,40087750COR,3338411N21047,AGOSTO,N,SJL,IV,PRESENCIAL,(MIÉRCOLES)(VIERNES),(PRE 18:15-22:45)(PRE 18:15-22:45),ASIGNADO,,
3338,46138774,CORNEJO MAVILA STEPHANIA,VES,OPERATIVIDAD ADUANERA,234M,2,2098,10,46138774COR,3338234M22098,AGOSTO,M,VES,II,PRESENCIAL,(MARTES)(JUEVES),(PRE 07:00-10:45)(PRE 07:00-10:45),ASIGNADO,,PTC
3338,46138774,CORNEJO MAVILA STEPHANIA,PRC,COMERCIO EXTERIOR,110M,2,1918,10,46138774COR,3338110M21918,AGOSTO,M,PRC,I,PRESENCIAL,(MIÉRCOLES)(VIERNES),(PRE 07:00-10:45)(PRE 07:00-10:45),ASIGNADO,,PTC
3338,46138774,CORNEJO MAVILA STEPHANIA,PRC,COMERCIO EXTERIOR,102N,1,1917,10,46138774COR,3338102N11917,AGOSTO,N,PRC,I,PRESENCIAL,(LUNES)(VIERNES),(PRE 19:00-22:45)(PRE 19:00-22:45),ASIGNADO,,
3339,46138774,CORNEJO MAVILA STEPHANIA,VIRTUAL,OPERATIVIDAD PORTUARIA,201M,1,64,5,46138774COR,3339201M164,AGOSTO,M,VIRTUAL,II,VIRTUAL,(LUNES),(VIR 07:00-10:45),ASIGNADO,,PTC
3339,46138774,CORNEJO MAVILA STEPHANIA,VIRTUAL,GESTIÓN DE PROVEEDORES,301M,2,82,5,46138774COR,3339301M282,AGOSTO,M,VIRTUAL,III,VIRTUAL,(LUNES),(VIR 07:00-10:45),ASIGNADO,,PTC
3339,46138774,CORNEJO MAVILA STEPHANIA,VIRTUAL,GESTIÓN ADUANERA,401M,1,106,5,46138774COR,3339401M1106,AGOSTO,M,VIRTUAL,IV,VIRTUAL,(MIÉRCOLES),(VIR 07:00-10:45),ASIGNADO,,PTC
3339,46138774,CORNEJO MAVILA STEPHANIA,VIRTUAL,CONTROL DE DESPACHO,201M,1,58,5,46138774COR,3339201M158,AGOSTO,M,VIRTUAL,II,VIRTUAL,(VIERNES),(VIR 07:00-10:45),ASIGNADO,,PTC
3339,46138774,CORNEJO MAVILA STEPHANIA,VIRTUAL,OPERATIVIDAD PORTUARIA,201N,1,65,5,46138774COR,3339201N165,AGOSTO,N,VIRTUAL,II,VIRTUAL,(MIÉRCOLES),(VIR 19:00-22:45),ASIGNADO,,
3339,46138774,CORNEJO MAVILA STEPHANIA,VIRTUAL,OPERATIVIDAD ADUANERA,201N,2,62,5,46138774COR,3339201N262,AGOSTO,N,VIRTUAL,II,VIRTUAL,(VIERNES),(VIR 19:00-22:45),ASIGNADO,,
3338,42290495,CORONADO LLONTOP SEGUNDO EDUARDO,SJL,"COTIZACIONES, PRECIOS Y COSTOS DE SERVICIOS LOGÍSTICOS",419M,1,1024,10,42290495COR,3338419M11024,AGOSTO,M,SJL,IV,PRESENCIAL,(LUNES)(MIÉRCOLES),(PRE 07:00-10:45)(PRE 07:00-10:45),ASIGNADO,,PPH
3338,42290495,CORONADO LLONTOP SEGUNDO EDUARDO,SJL,ESTRATEGIAS DE COMERCIO INTERNACIONAL,622M,1,1445,8,42290495COR,3338622M11445,AGOSTO,M,SJL,VI,PRESENCIAL,(MARTES)(VIERNES),(PRE 07:00-10:00)(PRE 07:00-10:00),ASIGNADO,,PPH
3338,42290495,CORONADO LLONTOP SEGUNDO EDUARDO,SJL,SUPPLY CHAIN MANAGEMENT,411N,2,1087,10,42290495COR,3338411N21087,AGOSTO,N,SJL,IV,PRESENCIAL,(MARTES)(SABADO),(PRE 19:00-22:45)(PRE 19:00-22:45),ASIGNADO,,
3338,42290495,CORONADO LLONTOP SEGUNDO EDUARDO,SJL,EXPERIENCIA FORMATIVA EN SITUACIÓN REAL DE TRABAJO,411N,2,1061,2,42290495COR,3338411N21061,AGOSTO,N,SJL,IV,PRESENCIAL,(LUNES),(PRE 20:30-22:00),ASIGNADO,,
3339,46350667,CORONEL BENITES CYNTHIA,VIRTUAL,EXPERIENCIA FORMATIVA EN SITUACIÓN REAL DE TRABAJO,401M,2,103,2,46350667COR,3339401M2103,AGOSTO,M,VIRTUAL,IV,VIRTUAL,(MIÉRCOLES),(VIR 07:45-09:15),ASIGNADO,,
3340,46350667,CORONEL BENITES CYNTHIA,VIRTUAL,GESTIÓN DE LA CADENA DE SUMINISTROS,406M,1,541,5,46350667COR,3340406M1541,AGOSTO,M,VIRTUAL,IV,VIRTUAL,(MIÉRCOLES),(VIR 07:00-10:45),ASIGNADO,,PPH
3340,46350667,CORONEL BENITES CYNTHIA,VIRTUAL,GESTIÓN DE LA CADENA DE SUMINISTROS,410M,2,542,5,46350667COR,3340410M2542,AGOSTO,M,VIRTUAL,IV,VIRTUAL,(JUEVES),(VIR 07:00-10:45),ASIGNADO,,PPH
3338,9648685,CORREA ZARATE JUAN CARLOS,VES,EXPERIENCIA DEL CLIENTE,235M,1,2087,10,9648685COR,3338235M12087,AGOSTO,M,VES,II,PRESENCIAL,(LUNES)(VIERNES),(PRE 07:00-10:45)(PRE 07:00-10:45),ASIGNADO,,PTC
3338,9648685,CORREA ZARATE JUAN CARLOS,NOR,EXPERIENCIA FORMATIVA EN SITUACIÓN REAL DE TRABAJO,216M,2,699,2,9648685COR,3338216M2699,AGOSTO,M,NOR,II,PRESENCIAL,(LUNES),(PRE 07:00-08:30),ASIGNADO,,PTC
3338,9648685,CORREA ZARATE JUAN CARLOS,NOR,EXPERIENCIA FORMATIVA EN SITUACIÓN REAL DE TRABAJO,410M,2,962,2,9648685COR,3338410M2962,AGOSTO,M,NOR,IV,PRESENCIAL,(MARTES),(PRE 07:00-08:30),ASIGNADO,,PTC
3338,9648685,CORREA ZARATE JUAN CARLOS,SJL,ANÁLISIS DE LA INFORMACIÓN FINANCIERA,313M,2,751,12,9648685COR,3338313M2751,AGOSTO,M,SJL,III,PRESENCIAL,(MIÉRCOLES)(VIERNES),(PRE 07:00-11:30)(PRE 07:00-11:30),ASIGNADO,,PTC
3338,9648685,CORREA ZARATE JUAN CARLOS,PRC,EXPERIENCIA FORMATIVA EN SITUACIÓN REAL DE TRABAJO,401M,2,952,2,9648685COR,3338401M2952,AGOSTO,M,PRC,IV,PRESENCIAL,(JUEVES),(PRE 07:00-08:30),ASIGNADO,,PTC
3338,9648685,CORREA ZARATE JUAN CARLOS,PRC,EXPERIENCIA FORMATIVA EN SITUACIÓN REAL DE TRABAJO,402M,2,955,2,9648685COR,3338402M2955,AGOSTO,M,PRC,IV,PRESENCIAL,(JUEVES),(PRE 08:30-10:00),ASIGNADO,,
3338,9648685,CORREA ZARATE JUAN CARLOS,NOR,BANCA COMERCIAL,208N,2,502,10,9648685COR,3338208N2502,AGOSTO,N,NOR,II,PRESENCIAL,(LUNES)(JUEVES),(PRE 19:00-22:45)(PRE 19:00-22:45),ASIGNADO,,
3338,9648685,CORREA ZARATE JUAN CARLOS,SJL,FUNDAMENTOS DE LA BANCA COMERCIAL,120N,1,1850,10,9648685COR,3338120N11850,AGOSTO,N,SJL,I,PRESENCIAL,(MIÉRCOLES)(VIERNES),(PRE 19:00-22:45)(PRE 19:00-22:45),ASIGNADO,,
3338,9648685,CORREA ZARATE JUAN CARLOS,SJL,INNOVACIÓN Y DISEÑO CX,412N,1,980,8,9648685COR,3338412N1980,AGOSTO,N,SJL,IV,PRESENCIAL,(JUEVES)(SABADO),(PRE 19:00-22:00)(PRE 19:00-22:00),ASIGNADO,,
3340,6639283,CORTEZ DONAIRE PEDRO CARLOS,PRC,CONTABILIDAD,202M,1,250,8,6639283COR,3340202M1250,AGOSTO,M,PRC,II,PRESENCIAL,(LUNES)(VIERNES),(PRE 07:00-10:00)(PRE 07:00-10:00),ASIGNADO,,PTC IN
3340,6639283,CORTEZ DONAIRE PEDRO CARLOS,PRC,CONTABILIDAD,201M,1,247,8,6639283COR,3340201M1247,AGOSTO,M,PRC,II,PRESENCIAL,(MARTES)(SABADO),(PRE 07:00-10:00)(PRE 07:00-10:00),ASIGNADO,,PTC IN
3340,6639283,CORTEZ DONAIRE PEDRO CARLOS,SJL,ANÁLISIS DE LA INFORMACIÓN FINANCIERA,304N,2,306,12,6639283COR,3340304N2306,AGOSTO,N,SJL,III,PRESENCIAL,(LUNES)(JUEVES),(PRE 18:15-22:45)(PRE 18:15-22:45),ASIGNADO,,
3338,15725940,COSTILLA RETUERTO JUAN CARLOS,SJL,CONTABILIDAD-II CICL,225M,1,695,8,15725940COS,3338225M1695,AGOSTO,M,SJL,,PRESENCIAL,(LUNES)(MIÉRCOLES),(PRE 07:00-10:00)(PRE 07:00-10:00),ASIGNADO,,PTD
3338,15725940,COSTILLA RETUERTO JUAN CARLOS,VES,CONTABILIDAD SUPERIOR,233M,2,2062,10,15725940COS,3338233M22062,AGOSTO,M,VES,II,PRESENCIAL,(LUNES)(JUEVES),(PRE 07:00-10:45)(PRE 07:00-10:45),ASIGNADO,,PTD
3338,15725940,COSTILLA RETUERTO JUAN CARLOS,SJL,CÁLCULO FINANCIERO Y TRIBUTARIO PARA DECLARACIÓN JURADA ANUAL,625M,2,1397,10,15725940COS,3338625M21397,AGOSTO,M,SJL,VI,PRESENCIAL,(MIÉRCOLES)(VIERNES),(PRE 07:00-10:45)(PRE 07:00-10:45),ASIGNADO,,PTD
3338,15725940,COSTILLA RETUERTO JUAN CARLOS,PRC,SISTEMAS CONTABLES INTEGRADOS,403M,1,1005,10,15725940COS,3338403M11005,AGOSTO,M,PRC,IV,PRESENCIAL,(JUEVES)(SABADO),(PRE 07:00-10:45)(PRE 07:00-10:45),ASIGNADO,,PTD
3338,15725940,COSTILLA RETUERTO JUAN CARLOS,PRC,GESTIÓN Y PLANEAMIENTO TRIBUTARIO,402N,1,995,10,15725940COS,3338402N1995,AGOSTO,N,PRC,IV,PRESENCIAL,(LUNES)(VIERNES),(PRE 19:00-22:45)(PRE 19:00-22:45),ASIGNADO,,
3338,15725940,COSTILLA RETUERTO JUAN CARLOS,VES,CONTABILIDAD,228N,1,2021,10,15725940COS,3338228N12021,AGOSTO,N,VES,II,PRESENCIAL,(MARTES)(MIÉRCOLES),(PRE 19:00-22:45)(PRE 19:00-22:45),ASIGNADO,,
3338,15725940,COSTILLA RETUERTO JUAN CARLOS,PRC,SISTEMAS DE PROCESOS CONTABLES,302N,2,836,10,15725940COS,3338302N2836,AGOSTO,N,PRC,III,PRESENCIAL,(MARTES)(JUEVES),(PRE 19:00-22:45)(PRE 19:00-22:45),ASIGNADO,,
3338,15725940,COSTILLA RETUERTO JUAN CARLOS,PRC,SISTEMAS CONTABLES INTEGRADOS,402N,2,1004,10,15725940COS,3338402N21004,AGOSTO,N,PRC,IV,PRESENCIAL,(MIÉRCOLES)(SABADO),(PRE 19:00-22:45)(PRE 19:00-22:45),ASIGNADO,,
3338,7744952,CRUZ GIRON DORA ROSARIO,ATE,EMPRENDIMIENTO: MODELO DE NEGOCIO,408M,1,1031,10,7744952CRU,3338408M11031,AGOSTO,M,ATE,IV,PRESENCIAL,(LUNES)(VIERNES),(PRE 07:00-10:45)(PRE 07:00-10:45),ASIGNADO,,PTC
3338,7744952,CRUZ GIRON DORA ROSARIO,PRC,EMPRENDIMIENTO: MODELO DE NEGOCIO,404M,1,1028,10,7744952CRU,3338404M11028,AGOSTO,M,PRC,IV,PRESENCIAL,(MARTES)(SABADO),(PRE 07:00-10:45)(PRE 07:00-10:45),ASIGNADO,,PTC
3338,7744952,CRUZ GIRON DORA ROSARIO,VIRTUAL,ÉTICA EN LOS NEGOCIOS,513M,2,1227,3,7744952CRU,3338513M21227,AGOSTO,M,VIRTUAL,V,VIRTUAL,(MARTES),(VIR 07:00-09:15),ASIGNADO,,PTC
3338,7744952,CRUZ GIRON DORA ROSARIO,VIRTUAL,ÉTICA EN LOS NEGOCIOS,501M,1,1220,3,7744952CRU,3338501M11220,AGOSTO,M,VIRTUAL,V,VIRTUAL,(MIÉRCOLES),(VIR 07:00-09:15),ASIGNADO,,PTC
3338,7744952,CRUZ GIRON DORA ROSARIO,PRC,EMPRENDIMIENTO: CREATIVIDAD E INNOVACIÓN,302M,2,760,10,7744952CRU,3338302M2760,AGOSTO,M,PRC,III,PRESENCIAL,(MIÉRCOLES)(VIERNES),(PRE 07:00-10:45)(PRE 07:00-10:45),ASIGNADO,,PTC
3338,7744952,CRUZ GIRON DORA ROSARIO,ATE,EMPRENDIMIENTO: PLAN DE DESARROLLO DEL NEGOCIO,504M,2,,5,7744952CRU,3338504M2,AGOSTO,M,ATE,V,PRESENCIAL,(JUEVES),(PRE 07:00-10:45),ASIGNADO,,PTC
3338,7744952,CRUZ GIRON DORA ROSARIO,ATE,EMPRENDIMIENTO: PLAN DE DESARROLLO DEL NEGOCIO,504M,2,1149,5,7744952CRU,3338504M21149,AGOSTO,M,ATE,V,PRESENCIAL,(SABADO),(PRE 07:00-10:45),ASIGNADO,,PTC
3338,7744952,CRUZ GIRON DORA ROSARIO,VIRTUAL,GESTIÓN DE MARCA,419N,1,451,5,7744952CRU,3338419N1451,AGOSTO,N,VIRTUAL,IV,VIRTUAL,(JUEVES),(VIR 19:00-22:45),ASIGNADO,,
3339,7744952,CRUZ GIRON DORA ROSARIO,VIRTUAL,EMPRENDIMIENTO: CREATIVIDAD E INNOVACIÓN,302M,2,78,5,7744952CRU,3339302M278,AGOSTO,M,VIRTUAL,III,VIRTUAL,(LUNES),(VIR 07:00-10:45),ASIGNADO,,PTC
3338,77340334,CRUZ QUISPE LUIS VALENTIN,VIRTUAL,INGLÉS PARA LA COMUNICACIÓN EN LOS NEGOCIOS,321M,1,2135,8,77340334CRU,3338321M12135,AGOSTO,M,VIRTUAL,III,VIRTUAL,(LUNES)(SABADO),(VIR 07:00-10:00)(VIR 07:00-10:00),ASIGNADO,,PTP
3338,77340334,CRUZ QUISPE LUIS VALENTIN,AQP,INGLÉS PARA LA COMUNICACIÓN EN LOS NEGOCIOS,309M,2,777,12,77340334CRU,3338309M2777,AGOSTO,M,AQP,III,PRESENCIAL,(LUNES)(MIÉRCOLES),(PRE 07:00-11:30)(PRE 07:00-11:30),ASIGNADO,,PTP
3338,77340334,CRUZ QUISPE LUIS VALENTIN,VIRTUAL,INGLÉS PARA LA COMUNICACIÓN EN LOS NEGOCIOS,318M,1,2032,8,77340334CRU,3338318M12032,AGOSTO,M,VIRTUAL,III,VIRTUAL,(MARTES)(VIERNES),(VIR 07:00-10:00)(VIR 07:00-10:00),ASIGNADO,,PTP
3338,77340334,CRUZ QUISPE LUIS VALENTIN,AQP,INGLÉS APLICADO A PROYECTOS EMPRESARIALES,418M,2,1051,12,77340334CRU,3338418M21051,AGOSTO,M,AQP,IV,PRESENCIAL,(MARTES)(VIERNES),(PRE 07:00-11:30)(PRE 07:00-11:30),ASIGNADO,,PTP
3338,77340334,CRUZ QUISPE LUIS VALENTIN,VIRTUAL,INGLÉS APLICADO A PROYECTOS EMPRESARIALES,409M,1,927,6,77340334CRU,3338409M1927,AGOSTO,M,VIRTUAL,IV,VIRTUAL,(MIÉRCOLES),(VIR 07:00-11:30),ASIGNADO,,PTP
3338,42236042,CRUZADO PINELO ALEX,NOR,PRODUCTOS EDITORIALES,410N,1,1135,8,42236042CRU,3338410N11135,AGOSTO,N,NOR,IV,PRESENCIAL,(MARTES)(VIERNES),(PRE 19:45-22:45)(PRE 19:45-22:45),ASIGNADO,,
3338,71269520,CUADROS JUAREZ EDWIN ELIHÚ,VIRTUAL,FOTOGRAFÍA,225N,2,413,10,71269520CUA,3338225N2413,AGOSTO,N,VIRTUAL,II,VIRTUAL,(MARTES)(VIERNES),(VIR 19:00-22:45)(VIR 19:00-22:45),ASIGNADO,,
3338,71269520,CUADROS JUAREZ EDWIN ELIHÚ,VIRTUAL,FOTOGRAFÍA,318N,1,475,10,71269520CUA,3338318N1475,AGOSTO,N,VIRTUAL,III,VIRTUAL,(MIÉRCOLES)(VIERNES),(VIR 19:00-22:45)(VIR 19:00-22:45),ASIGNADO,,
3338,40999498,CUADROS RAMÌREZ  EVELYN YULIANA,VES,SUPPLY CHAIN MANAGEMENT,431M,2,2118,10,40999498CUA,3338431M22118,AGOSTO,M,VES,IV,PRESENCIAL,(LUNES)(JUEVES),(PRE 07:00-10:45)(PRE 07:00-10:45),ASIGNADO,,PPH
3338,40999498,CUADROS RAMÌREZ  EVELYN YULIANA,VES,GESTIÓN DE LA CALIDAD EN COMERCIO EXTERIOR,520M,1,2110,10,40999498CUA,3338520M12110,AGOSTO,M,VES,V,PRESENCIAL,(MIÉRCOLES)(SABADO),(PRE 07:00-10:45)(PRE 07:00-10:45),ASIGNADO,,PPH
3338,40999498,CUADROS RAMÌREZ  EVELYN YULIANA,VES,EXPERIENCIA FORMATIVA EN SITUACIÓN REAL DE TRABAJO,431M,2,2116,2,40999498CUA,3338431M22116,AGOSTO,M,VES,IV,PRESENCIAL,(SABADO),(PRE 08:30-10:00),ASIGNADO,,
3340,48150367,CUARESMA MESTAS ERIKA MILAGROS,PRC,PRICING: ESTRAT EGIAS DE PRECIO,403M,1,593,10,48150367CUA,3340403M1593,AGOSTO,M,PRC,IV,PRESENCIAL,(LUNES)(JUEVES),(PRE 07:00-10:45)(PRE 07:00-10:45),ASIGNADO,,TCxH
3340,48150367,CUARESMA MESTAS ERIKA MILAGROS,VIRTUAL,PLANEAMIENTO COMERCIAL,403M,1,573,5,48150367CUA,3340403M1573,AGOSTO,M,VIRTUAL,IV,VIRTUAL,(MIÉRCOLES),(VIR 07:00-10:45),ASIGNADO,,TCxH
3340,48150367,CUARESMA MESTAS ERIKA MILAGROS,NOR,ESTRATEGIAS DE MEDIOS DIGITALES,606M,2,628,5,48150367CUA,3340606M2628,AGOSTO,M,NOR,VI,PRESENCIAL,(MIÉRCOLES),(PRE 07:00-10:45),ASIGNADO,,TCxH
3340,48150367,CUARESMA MESTAS ERIKA MILAGROS,PRC,EXPERIENCIAS FORMATIVAS EN SITUACIONES REALES DE TRABAJO,204M,2,684,2,48150367CUA,3340204M2684,AGOSTO,M,PRC,II,PRESENCIAL,(JUEVES),(PRE 07:00-08:30),ASIGNADO,,TCxH
3340,48150367,CUARESMA MESTAS ERIKA MILAGROS,NOR,ESTRAEGIAS DE MEDIOS DIGITALES,606M,2,628,7,48150367CUA,3340606M2628,AGOSTO,M,NOR,VI,PRESENCIAL,(MIÉRCOLES)(VIERNES),(PRE 10:45-11:30)(PRE 07:00-11:30),ASIGNADO,,TCxH
3340,48150367,CUARESMA MESTAS ERIKA MILAGROS,NOR,EXPERIENCIAS FORMATIVAS EN SITUACIONES REALES DE TRABAJO,211M,2,687,2,48150367CUA,3340211M2687,AGOSTO,M,NOR,II,PRESENCIAL,(LUNES),(PRE 08:30-10:00),ASIGNADO,,
3340,48150367,CUARESMA MESTAS ERIKA MILAGROS,PRC,PLATAFORMAS DIGITALES PARA MARKETING,502N,2,768,12,48150367CUA,3340502N2768,AGOSTO,N,PRC,V,PRESENCIAL,(LUNES)(VIERNES),(PRE 18:15-22:45)(PRE 18:15-22:45),ASIGNADO,,
3340,48150367,CUARESMA MESTAS ERIKA MILAGROS,VIRTUAL,ESTRATEGIAS DE MEDIOS DIGITALES,608N,2,860,8,48150367CUA,3340608N2860,AGOSTO,N,VIRTUAL,VI,VIRTUAL,(JUEVES)(SABADO),(VIR 18:15-21:15)(VIR 19:00-22:00),ASIGNADO,,
3340,48150367,CUARESMA MESTAS ERIKA MILAGROS,PRC,ESTRTEGIAS DE FIDELIZACIÓN Y RETENCIÓN DE CLIENTES,502N,1,762,10,48150367CUA,3340502N1762,AGOSTO,N,PRC,V,PRESENCIAL,(MIÉRCOLES)(SABADO),(PRE 19:00-22:45)(PRE 19:00-22:45),ASIGNADO,,
3338,7195132,CUEVA AÑORGA HECTOR MARTIN,NOR,FUNDAMENTOS DE LA BANCA COMERCIAL,109M,1,1841,10,7195132CUE,3338109M11841,AGOSTO,M,NOR,I,PRESENCIAL,(LUNES)(VIERNES),(PRE 07:00-10:45)(PRE 07:00-10:45),ASIGNADO,,PTD
3338,7195132,CUEVA AÑORGA HECTOR MARTIN,NOR,EXPERIENCIA DEL CLIENTE,214M,2,610,10,7195132CUE,3338214M2610,AGOSTO,M,NOR,II,PRESENCIAL,(LUNES)(SABADO),(PRE 07:00-10:45)(PRE 07:00-10:45),ASIGNADO,,PTD
3338,7195132,CUEVA AÑORGA HECTOR MARTIN,NOR,EXPERIENCIA DEL CLIENTE,215M,2,611,10,7195132CUE,3338215M2611,AGOSTO,M,NOR,II,PRESENCIAL,(MARTES)(VIERNES),(PRE 07:00-10:45)(PRE 07:00-10:45),ASIGNADO,,PTD
3338,7195132,CUEVA AÑORGA HECTOR MARTIN,VIRTUAL,NUEVAS TENDENCIAS EN ADMINISTRACIÓN DE NEGOCIOS BANCARIOS Y FINANCIEROS,C01M,1,2163,4,7195132CUE,3338C01M12163,AGOSTO,M,VIRTUAL,I,VIRTUAL,(MIÉRCOLES),(VIR 07:00-10:00),ASIGNADO,,PTD
3338,7195132,CUEVA AÑORGA HECTOR MARTIN,VIRTUAL,ESTRATEGIA DE VENTAS,223M,1,494,4,7195132CUE,3338223M1494,AGOSTO,M,VIRTUAL,II,VIRTUAL,(JUEVES),(VIR 07:00-10:00),ASIGNADO,,PTD
3338,7195132,CUEVA AÑORGA HECTOR MARTIN,VIRTUAL,EXPERIENCIA FORMATIVA EN SITUACIÓN REAL DE TRABAJO,426M,2,351,2,7195132CUE,3338426M2351,AGOSTO,M,VIRTUAL,IV,VIRTUAL,(MIÉRCOLES),(VIR 09:15-10:45),ASIGNADO,,
3338,7195132,CUEVA AÑORGA HECTOR MARTIN,VIRTUAL,FUNDAMENTOS DE LA BANCA COMERCIAL,121N,1,1989,6,7195132CUE,3338121N11989,AGOSTO,N,VIRTUAL,I,VIRTUAL,(MIÉRCOLES),(VIR 18:15-22:45),ASIGNADO,,
3338,7195132,CUEVA AÑORGA HECTOR MARTIN,PRC,FUNDAMENTOS DE LA BANCA COMERCIAL,111N,2,1843,10,7195132CUE,3338111N21843,AGOSTO,N,PRC,I,PRESENCIAL,(LUNES)(SABADO),(PRE 19:00-22:45)(PRE 19:00-22:45),ASIGNADO,,
3338,7195132,CUEVA AÑORGA HECTOR MARTIN,VIRTUAL,NUEVAS TENDENCIAS EN ADMINISTRACIÓN DE NEGOCIOS BANCARIOS Y FINANCIEROS,C01N,2,2169,4,7195132CUE,3338C01N22169,AGOSTO,N,VIRTUAL,I,VIRTUAL,(MARTES),(VIR 19:00-22:00),ASIGNADO,,
3338,7195132,CUEVA AÑORGA HECTOR MARTIN,VIRTUAL,ESTRATEGIA DE VENTAS,220N,2,493,4,7195132CUE,3338220N2493,AGOSTO,N,VIRTUAL,II,VIRTUAL,(MIÉRCOLES),(VIR 19:00-22:00),ASIGNADO,,
3338,7195132,CUEVA AÑORGA HECTOR MARTIN,VIRTUAL,EXPERIENCIA DEL CLIENTE,224N,1,374,5,7195132CUE,3338224N1374,AGOSTO,N,VIRTUAL,II,VIRTUAL,(JUEVES),(VIR 19:00-22:45),ASIGNADO,,
3338,7195132,CUEVA AÑORGA HECTOR MARTIN,VIRTUAL,EXPERIENCIA DEL CLIENTE,222N,1,372,5,7195132CUE,3338222N1372,AGOSTO,N,VIRTUAL,II,VIRTUAL,(VIERNES),(VIR 19:00-22:45),ASIGNADO,,
3339,7195132,CUEVA AÑORGA HECTOR MARTIN,VIRTUAL,EXPERIENCIA DEL CLIENTE,205N,1,140,5,7195132CUE,3339205N1140,AGOSTO,N,VIRTUAL,II,VIRTUAL,(LUNES),(VIR 19:00-22:45),ASIGNADO,,
3336,41532869,CUEVA QUIROZ MARIBEL MILAGROS,VIRTUAL,HERRAMIENTAS DIGITALES PARA LOS NEGOCIOS,202M,2,50,5,41532869CUE,3336202M250,JUNIO,M,VIRTUAL,II,VIRTUAL,(MARTES),(VIR 07:00-10:45),ASIGNADO,,PPH
3339,41532869,CUEVA QUIROZ MARIBEL MILAGROS,VIRTUAL,HERRAMIENTAS DIGITALES E INTELIGENCIA ARTIFICIAL,105N,2,234,6,41532869CUE,3339105N2234,AGOSTO,N,VIRTUAL,I,VIRTUAL,(LUNES)(VIERNES),(VIR 19:00-22:00)(VIR 20:30-22:00),ASIGNADO,,
3340,41532869,CUEVA QUIROZ MARIBEL MILAGROS,VIRTUAL,HERRAMIENTAS DIGITALES E INTELIGENCIA ARTIFICIAL,102M,1,979,6,41532869CUE,3340102M1979,AGOSTO,M,VIRTUAL,I,VIRTUAL,(LUNES)(MIÉRCOLES),(VIR 08:30-10:00)(VIR 07:00-10:00),ASIGNADO,,PPH
3340,41532869,CUEVA QUIROZ MARIBEL MILAGROS,VIRTUAL,HERRAMIENTAS DIGITALES E INTELIGENCIA ARTIFICIAL,104M,2,983,6,41532869CUE,3340104M2983,AGOSTO,M,VIRTUAL,I,VIRTUAL,(LUNES)(MIÉRCOLES),(VIR 08:30-10:00)(VIR 07:00-10:00),ASIGNADO,,PPH
3340,41532869,CUEVA QUIROZ MARIBEL MILAGROS,VIRTUAL,HERRAMIENTAS DIGITALES E INTELIGENCIA ARTIFICIAL,111M,,997,3,41532869CUE,3340111M997,AGOSTO,M,VIRTUAL,I,VIRTUAL,(JUEVES),(VIR 07:00-09:15),ASIGNADO,,PPH
3340,41532869,CUEVA QUIROZ MARIBEL MILAGROS,VIRTUAL,HERRAMIENTAS DIGITALES E INTELIGENCIA ARTIFICIAL,102N,,980,3,41532869CUE,3340102N980,AGOSTO,N,VIRTUAL,I,VIRTUAL,(MIÉRCOLES),(VIR 19:00-21:15),ASIGNADO,,
3340,10744968,CUMPA ANGELES ALEXANDER RICARDO,VIRTUAL,Dirección de Operaciones,802N,1,1156,6,10744968CUM,3340802N11156,AGOSTO,N,VIRTUAL,VIII,VIRTUAL,(JUEVES)(SABADO),(VIR 18:15-20:30)(VIR 18:15-20:30),ASIGNADO,,
3335,6803631,CURACA GRADOS MIGUEL ANGEL,VIRTUAL,EXPERIENCIA DEL CLIENTE,201N,2,28,5,6803631CUR,3335201N228,JUNIO,N,VIRTUAL,II,VIRTUAL,(LUNES),(VIR 19:00-22:45),ASIGNADO,,
3335,6803631,CURACA GRADOS MIGUEL ANGEL,VIRTUAL,EXPERIENCIA DEL CLIENTE,202N,2,40,5,6803631CUR,3335202N240,JUNIO,N,VIRTUAL,II,VIRTUAL,(MIÉRCOLES),(VIR 19:00-22:45),ASIGNADO,,
3340,6803631,CURACA GRADOS MIGUEL ANGEL,SJL,EXPERIENCIA DEL CLIENTE,208N,1,721,8,6803631CUR,3340208N1721,AGOSTO,N,SJL,II,PRESENCIAL,(JUEVES)(SABADO),(PRE 19:00-22:00)(PRE 19:00-22:00),ASIGNADO,,
3338,7261262,CUROTTO CASTRO FELIX ALFREDO,VIRTUAL,EMPRENDIMIENTO: PLAN DE DESARROLLO DEL NEGOCIO,515N,1,340,8,7261262CUR,3338515N1340,AGOSTO,N,VIRTUAL,V,VIRTUAL,(MIÉRCOLES)(SABADO),(VIR 19:00-22:00)(VIR 19:00-22:00),ASIGNADO,,
3339,7261262,CUROTTO CASTRO FELIX ALFREDO,VIRTUAL,EMPRENDIMIENTO: PLAN DE DESARROLLO DEL NEGOCIO,501N,1,93,5,7261262CUR,3339501N193,AGOSTO,N,VIRTUAL,V,VIRTUAL,(LUNES),(VIR 19:00-22:45),ASIGNADO,,
3340,41908283,DAMIANI NAVARRETE BERNARDO,AQP,PRICING: ESTRATEGIAS DE PRECIO,413M,2,596,10,41908283DAM,3340413M2596,AGOSTO,M,AQP,IV,PRESENCIAL,(LUNES)(SABADO),(PRE 07:00-10:45)(PRE 07:00-10:45),ASIGNADO,,PTD
3340,41908283,DAMIANI NAVARRETE BERNARDO,AQP,COMUNICACIÓN ESTRATÉGICA,508M,1,349,10,41908283DAM,3340508M1349,AGOSTO,M,AQP,V,PRESENCIAL,(MARTES)(JUEVES),(PRE 07:00-10:45)(PRE 07:00-10:45),ASIGNADO,,PTD
3340,41908283,DAMIANI NAVARRETE BERNARDO,VIRTUAL,PLANEAMIENTO COMERCIAL,409M,2,576,5,41908283DAM,3340409M2576,AGOSTO,M,VIRTUAL,IV,VIRTUAL,(MARTES),(VIR 07:00-10:45),ASIGNADO,,PTD
3340,41908283,DAMIANI NAVARRETE BERNARDO,VIRTUAL,COMUNICACIÓN ESTRATÉGICA EN MARKETING,409M,1,580,6,41908283DAM,3340409M1580,AGOSTO,M,VIRTUAL,IV,VIRTUAL,(MIÉRCOLES)(SABADO),(VIR 07:00-09:15)(VIR 07:00-09:15),ASIGNADO,,PTD
3340,41908283,DAMIANI NAVARRETE BERNARDO,VIRTUAL,EXPERIENCIAS FORMATIVAS EN SITUACIONES REALES DE TRABAJO,217M,2,804,2,41908283DAM,3340217M2804,AGOSTO,M,VIRTUAL,II,VIRTUAL,(MIÉRCOLES),(VIR 07:00-08:30),ASIGNADO,,PTD
3340,41908283,DAMIANI NAVARRETE BERNARDO,VIRTUAL,COMPORTAMIENTO DEL CONSUMIDOR,211M,2,679,5,41908283DAM,3340211M2679,AGOSTO,M,VIRTUAL,II,VIRTUAL,(VIERNES),(VIR 07:00-10:45),ASIGNADO,,PTD
3340,41908283,DAMIANI NAVARRETE BERNARDO,VIRTUAL,FUNDAMENTOS DE MARKETING,119N,2,1048,6,41908283DAM,3340119N21048,AGOSTO,N,VIRTUAL,I,VIRTUAL,(VIERNES),(VIR 18:15-22:45),ASIGNADO,,
3340,41908283,DAMIANI NAVARRETE BERNARDO,VIRTUAL,COMUNICACIÓN ESTRATÉGICA EN MARKETING,406N,1,578,6,41908283DAM,3340406N1578,AGOSTO,N,VIRTUAL,IV,VIRTUAL,(LUNES)(VIERNES),(VIR 19:00-21:15)(VIR 20:30-22:45),ASIGNADO,,
3340,41908283,DAMIANI NAVARRETE BERNARDO,VIRTUAL,MARKETING ESTRATÉGICO,608N,1,858,8,41908283DAM,3340608N1858,AGOSTO,N,VIRTUAL,VI,VIRTUAL,(MARTES)(JUEVES),(VIR 19:00-22:45)(VIR 19:00-21:15),ASIGNADO,,
3340,41908283,DAMIANI NAVARRETE BERNARDO,VIRTUAL,COMPORTAMIENTO DEL CONSUMIDOR,212N,1,680,5,41908283DAM,3340212N1680,AGOSTO,N,VIRTUAL,II,VIRTUAL,(MIÉRCOLES),(VIR 19:00-22:45),ASIGNADO,,
3340,41908283,DAMIANI NAVARRETE BERNARDO,VIRTUAL,COMPORTAMIENTO DEL CONSUMIDOR,206N,2,677,5,41908283DAM,3340206N2677,AGOSTO,N,VIRTUAL,II,VIRTUAL,(JUEVES),(VIR 19:00-22:45),ASIGNADO,,
3341,41908283,DAMIANI NAVARRETE BERNARDO,VIRTUAL,FUNDAMENTOS DE MARKETING,101N,2,140,6,41908283DAM,3341101N2140,AGOSTO,N,VIRTUAL,I,VIRTUAL,(LUNES),(VIR 18:15-22:45),ASIGNADO,,
3338,7955626,DAVILA VALDIVIA SAIVA,SJL,GESTIÓN DE COSTOS,314M,2,835,8,7955626DAV,3338314M2835,AGOSTO,M,SJL,III,PRESENCIAL,(MIÉRCOLES)(SABADO),(PRE 07:00-10:45)(PRE 08:30-10:45),ASIGNADO,,PTC IN
3338,7955626,DAVILA VALDIVIA SAIVA,SJL,FUNDAMENTOS DE COSTOS,226M,1,582,8,7955626DAV,3338226M1582,AGOSTO,M,SJL,II,PRESENCIAL,(JUEVES)(SABADO),(PRE 07:00-10:45)(PRE 08:30-10:45),ASIGNADO,,PTC IN
3339,46399867,DE LA CRUZ PALOMINO PAUL,VIRTUAL,HERRAMIENTAS DIGITALES E INTELIGENCIA ARTIFICIAL,102N,2,229,6,46399867DE ,3339102N2229,AGOSTO,N,VIRTUAL,I,VIRTUAL,(LUNES)(VIERNES),(VIR 19:00-22:00)(VIR 20:30-22:00),ASIGNADO,,
3340,46399867,DE LA CRUZ PALOMINO PAUL,VIRTUAL,HERRAMIENTAS DIGITALES E INTELIGENCIA ARTIFICIAL,114N,2,1004,6,46399867DE ,3340114N21004,AGOSTO,N,VIRTUAL,I,VIRTUAL,(MARTES)(JUEVES),(VIR 20:30-22:00)(VIR 19:00-22:00),ASIGNADO,,
3338,42182858,DE LA CRUZ YAURI ISABEL MARIA,VIRTUAL,AUDITORÍA,617N,1,1544,5,42182858DE ,3338617N11544,AGOSTO,N,VIRTUAL,VI,VIRTUAL,(JUEVES)(SABADO),(VIR 19:00-21:15)(VIR 20:30-22:00),ASIGNADO,,
3338,42182858,DE LA CRUZ YAURI ISABEL MARIA,ATE,CÁLCULO FINANCIERO Y TRIBUTARIO PARA DECLARACIÓN JURADA ANUAL,605N,2,1387,10,42182858DE ,3338605N21387,AGOSTO,N,ATE,VI,PRESENCIAL,(JUEVES)(SABADO),(PRE 19:00-22:45)(PRE 19:00-22:45),ASIGNADO,,
3338,30857884,DE OLAZAVAL GROZZO SANDRA IVON,AQP,EMPRENDIMIENTO: PROYECTO INTEGRADOR,616M,1,1365,12,30857884DE ,3338616M11365,AGOSTO,M,AQP,VI,PRESENCIAL,(MIÉRCOLES)(SABADO),(PRE 07:00-11:30)(PRE 07:00-11:30),ASIGNADO,,PTC IN
3338,43486591,DEL SANTE CARDENAS VANESSA,VIRTUAL,ÉTICA EN LOS NEGOCIOS,506N,2,1224,3,43486591DEL,3338506N21224,AGOSTO,N,VIRTUAL,V,VIRTUAL,(MIÉRCOLES),(VIR 19:00-21:15),ASIGNADO,,
3340,43486591,DEL SANTE CARDENAS VANESSA,VIRTUAL,ADMINISTRACIÓN DE PERSONAL,410M,1,534,5,43486591DEL,3340410M1534,AGOSTO,M,VIRTUAL,IV,VIRTUAL,(LUNES),(VIR 07:00-10:45),ASIGNADO,,PPH
3340,43486591,DEL SANTE CARDENAS VANESSA,VIRTUAL,DESARROLLO PROFESIONAL,116M,1,901,2,43486591DEL,3340116M1901,AGOSTO,M,VIRTUAL,I,VIRTUAL,(MARTES),(VIR 07:00-08:30),ASIGNADO,,PPH
3340,43486591,DEL SANTE CARDENAS VANESSA,VIRTUAL,ADMINISTRACIÓN DE PERSONAL,412M,1,535,5,43486591DEL,3340412M1535,AGOSTO,M,VIRTUAL,IV,VIRTUAL,(VIERNES),(VIR 07:00-10:45),ASIGNADO,,PPH
3340,43486591,DEL SANTE CARDENAS VANESSA,VIRTUAL,DESARROLLO PROFESIONAL,109N,1,907,2,43486591DEL,3340109N1907,AGOSTO,N,VIRTUAL,I,VIRTUAL,(LUNES),(VIR 19:00-20:30),ASIGNADO,,
3340,41226702,DELGADO ODAR NESTOR RICARDO,PRC,METODOLOGÍAS ÁGILES PARA LA INNOVACIÓN,403M,2,589,8,41226702DEL,3340403M2589,AGOSTO,M,PRC,IV,PRESENCIAL,(LUNES)(MIÉRCOLES),(PRE 07:00-10:00)(PRE 07:00-10:00),ASIGNADO,,PTC IN
3340,41226702,DELGADO ODAR NESTOR RICARDO,ATE,CREATIVIDAD E INNOVACIÓN,303M,2,314,8,41226702DEL,3340303M2314,AGOSTO,M,ATE,III,PRESENCIAL,(MARTES)(VIERNES),(PRE 07:00-10:00)(PRE 07:00-10:00),ASIGNADO,,PTC IN
3340,41226702,DELGADO ODAR NESTOR RICARDO,VIRTUAL,METODOLOGÍAS ÁGILES PARA LA INNOVACIÓN,401N,1,555,4,41226702DEL,3340401N1555,AGOSTO,N,VIRTUAL,IV,VIRTUAL,(MARTES),(VIR 19:00-22:00),ASIGNADO,,
3341,41226702,DELGADO ODAR NESTOR RICARDO,VIRTUAL,PLAN DE DESARROLLO DEL NEGOCIO,501N,1,46,5,41226702DEL,3341501N146,AGOSTO,N,VIRTUAL,V,VIRTUAL,(VIERNES),(VIR 19:00-22:45),ASIGNADO,,
3334,43065706,DIAZ ACOSTA LUIS SERGIO,SJL,EXPERIENCIA FORMATIVA EN SITUACIÓN REAL DE TRABAJO,203M,2,45,2,43065706DIA,3334203M245,JUNIO,M,SJL,II,PRESENCIAL,(VIERNES),(PRE 07:00-08:30),ASIGNADO,,PTD
3338,43065706,DIAZ ACOSTA LUIS SERGIO,SJL,INNOVACIÓN Y DISEÑO CX,421M,2,983,8,43065706DIA,3338421M2983,AGOSTO,M,SJL,IV,PRESENCIAL,(LUNES)(SABADO),(PRE 07:00-10:00)(PRE 07:00-10:00),ASIGNADO,,PTD
3338,43065706,DIAZ ACOSTA LUIS SERGIO,SJL,EXPERIENCIA DEL CLIENTE,224M,1,548,10,43065706DIA,3338224M1548,AGOSTO,M,SJL,II,PRESENCIAL,(MARTES)(JUEVES),(PRE 07:00-10:45)(PRE 07:00-10:45),ASIGNADO,,PTD
3338,43065706,DIAZ ACOSTA LUIS SERGIO,SJL,EXPERIENCIA DEL CLIENTE,223M,1,547,10,43065706DIA,3338223M1547,AGOSTO,M,SJL,II,PRESENCIAL,(MIÉRCOLES)(SABADO),(PRE 07:00-10:45)(PRE 07:00-10:45),ASIGNADO,,PTD
3338,43065706,DIAZ ACOSTA LUIS SERGIO,VIRTUAL,EXPERIENCIA FORMATIVA EN SITUACIÓN REAL DE TRABAJO,228M,2,326,2,43065706DIA,3338228M2326,AGOSTO,M,VIRTUAL,II,VIRTUAL,(MIÉRCOLES),(VIR 07:00-08:30),ASIGNADO,,PTD
3338,43065706,DIAZ ACOSTA LUIS SERGIO,SJL,INNOVACIÓN Y DISEÑO CX,405T,2,975,8,43065706DIA,3338405T2975,AGOSTO,T,SJL,IV,PRESENCIAL,(MIÉRCOLES)(VIERNES),(PRE 14:30-17:30)(PRE 14:30-17:30),ASIGNADO,,
3338,43065706,DIAZ ACOSTA LUIS SERGIO,NOR,INNOVACIÓN Y DISEÑO CX,403T,2,973,8,43065706DIA,3338403T2973,AGOSTO,T,NOR,IV,PRESENCIAL,(JUEVES)(SABADO),(PRE 14:30-17:30)(PRE 14:30-17:30),ASIGNADO,,
3338,43065706,DIAZ ACOSTA LUIS SERGIO,NOR,EXPERIENCIA DEL CLIENTE,208N,1,541,10,43065706DIA,3338208N1541,AGOSTO,N,NOR,II,PRESENCIAL,(MARTES)(SABADO),(PRE 19:00-22:45)(PRE 19:00-22:45),ASIGNADO,,
3338,43065706,DIAZ ACOSTA LUIS SERGIO,NOR,INNOVACIÓN Y DISEÑO CX,407N,2,977,8,43065706DIA,3338407N2977,AGOSTO,N,NOR,IV,PRESENCIAL,(MARTES)(JUEVES),(PRE 19:00-22:00)(PRE 19:00-22:00),ASIGNADO,,
3338,43065706,DIAZ ACOSTA LUIS SERGIO,VIRTUAL,BANCA COMERCIAL,219N,1,312,5,43065706DIA,3338219N1312,AGOSTO,N,VIRTUAL,II,VIRTUAL,(JUEVES),(VIR 19:00-22:45),ASIGNADO,,
3338,45801719,DIAZ ANGULO ARTURO,VIRTUAL,HERRAMIENTAS DIGITALES E INTELIGENCIA ARTIFICIAL,120N,1,1820,6,45801719DIA,3338120N11820,AGOSTO,N,VIRTUAL,I,VIRTUAL,(LUNES)(JUEVES),(VIR 19:00-22:00)(VIR 20:30-22:00),ASIGNADO,,
3340,45801719,DIAZ ANGULO ARTURO,VIRTUAL,GESTIÓN EMPRESARIAL BASADA EN BI,501M,2,505,5,45801719DIA,3340501M2505,AGOSTO,M,VIRTUAL,V,VIRTUAL,(LUNES),(VIR 07:00-10:45),ASIGNADO,,PPH
3338,20116622,DIAZ AQUINO BEATRIZ IMELDA,ATE,EMPRENDIMIENTO: MODELO DE NEGOCIO,406M,1,895,10,20116622DIA,3338406M1895,AGOSTO,M,ATE,IV,PRESENCIAL,(JUEVES)(SABADO),(PRE 07:00-10:45)(PRE 07:00-10:45),ASIGNADO,,PTC IN
3338,20116622,DIAZ AQUINO BEATRIZ IMELDA,ATE,EMPRENDIMIENTO: PROYECTO INTEGRADOR,605N,1,1419,12,20116622DIA,3338605N11419,AGOSTO,N,ATE,VI,PRESENCIAL,(LUNES)(VIERNES),(PRE 18:15-22:45)(PRE 18:15-22:45),ASIGNADO,,
3338,20116622,DIAZ AQUINO BEATRIZ IMELDA,ATE,EMPRENDIMIENTO: PROYECTO INTEGRADOR,604N,1,1355,12,20116622DIA,3338604N11355,AGOSTO,N,ATE,VI,PRESENCIAL,(MARTES)(JUEVES),(PRE 18:15-22:45)(PRE 18:15-22:45),ASIGNADO,,
3338,48080902,DIAZ DELGADO JEIMY ANTHONNY,VIRTUAL,CONTABILIDAD GUBERNAMENTAL,408N,1,1107,5,48080902DIA,3338408N11107,AGOSTO,N,VIRTUAL,IV,VIRTUAL,(MARTES),(VIR 19:00-22:45),ASIGNADO,,
3338,48080902,DIAZ DELGADO JEIMY ANTHONNY,VIRTUAL,CONTABILIDAD,219N,2,315,5,48080902DIA,3338219N2315,AGOSTO,N,VIRTUAL,II,VIRTUAL,(MIÉRCOLES),(VIR 19:00-22:45),ASIGNADO,,
3338,48080902,DIAZ DELGADO JEIMY ANTHONNY,VIRTUAL,CONTABILIDAD GERENCIAL,609N,1,1562,5,48080902DIA,3338609N11562,AGOSTO,N,VIRTUAL,VI,VIRTUAL,(JUEVES)(SABADO),(VIR 19:00-21:15)(VIR 20:30-22:00),ASIGNADO,,
3338,48080902,DIAZ DELGADO JEIMY ANTHONNY,VIRTUAL,CONTABILIDAD,221N,2,317,5,48080902DIA,3338221N2317,AGOSTO,N,VIRTUAL,II,VIRTUAL,(SABADO),(VIR 19:00-22:45),ASIGNADO,,
3339,48080902,DIAZ DELGADO JEIMY ANTHONNY,VIRTUAL,CONTABILIDAD GUBERNAMENTAL,403N,1,169,5,48080902DIA,3339403N1169,AGOSTO,N,VIRTUAL,IV,VIRTUAL,(LUNES),(VIR 19:00-22:45),ASIGNADO,,
3339,48080902,DIAZ DELGADO JEIMY ANTHONNY,VIRTUAL,CONTROL Y VALORIZACIÓN DE INVENTARIOS,206N,2,128,5,48080902DIA,3339206N2128,AGOSTO,N,VIRTUAL,II,VIRTUAL,(LUNES),(VIR 19:00-22:45),ASIGNADO,,
3339,48080902,DIAZ DELGADO JEIMY ANTHONNY,VIRTUAL,FUNDAMENTOS DE COSTOS,204N,1,143,5,48080902DIA,3339204N1143,AGOSTO,N,VIRTUAL,II,VIRTUAL,(VIERNES),(VIR 19:00-22:45),ASIGNADO,,
3339,48080902,DIAZ DELGADO JEIMY ANTHONNY,VIRTUAL,CONTROL Y VALORIZACIÓN DE INVENTARIOS,204N,2,126,5,48080902DIA,3339204N2126,AGOSTO,N,VIRTUAL,II,VIRTUAL,(VIERNES),(VIR 19:00-22:45),ASIGNADO,,
3340,41285642,DIAZ DELGADO MAX ALEXANDER,VIRTUAL,GESTIÓN DE LA CADENA DE SUMINISTROS,414M,1,1085,5,41285642DIA,3340414M11085,AGOSTO,M,VIRTUAL,IV,VIRTUAL,(MARTES),(VIR 07:00-10:45),ASIGNADO,,PPH
3340,41285642,DIAZ DELGADO MAX ALEXANDER,VIRTUAL,Gestión de la cadena de Suministros,801N,1,1137,5,41285642DIA,3340801N11137,AGOSTO,N,VIRTUAL,IV,VIRTUAL,(MARTES),(VIR 19:00-22:45),ASIGNADO,,
3340,41285642,DIAZ DELGADO MAX ALEXANDER,VIRTUAL,Gestión de la cadena de Suministros,701N,2,1136,5,41285642DIA,3340701N21136,AGOSTO,N,VIRTUAL,IV,VIRTUAL,(JUEVES),(VIR 19:00-22:45),ASIGNADO,,
3338,46518332,DIAZ ROMERO RENATO ABEL,VIRTUAL,GUION AUDIOVISUAL,318N,2,476,10,46518332DIA,3338318N2476,AGOSTO,N,VIRTUAL,III,VIRTUAL,(LUNES)(MIÉRCOLES),(VIR 19:00-22:45)(VIR 19:00-22:45),ASIGNADO,,
3340,7252674,DULANTO CAMACHO FRESIA DELIA,PRC,EXPERIENCIA DEL CLIENTE,204M,2,216,10,7252674DUL,3340204M2216,AGOSTO,M,PRC,II,PRESENCIAL,(MARTES)(SABADO),(PRE 07:00-10:45)(PRE 07:00-10:45),ASIGNADO,,PTC IN
3340,7252674,DULANTO CAMACHO FRESIA DELIA,PRC,EXPERIENCIA DEL CLIENTE,201M,1,210,10,7252674DUL,3340201M1210,AGOSTO,M,PRC,II,PRESENCIAL,(MIÉRCOLES)(VIERNES),(PRE 07:00-10:45)(PRE 07:00-10:45),ASIGNADO,,PTC IN
3340,7252674,DULANTO CAMACHO FRESIA DELIA,PRC,EXPERIENCIA DEL CLIENTE,202M,1,213,10,7252674DUL,3340202M1213,AGOSTO,M,PRC,II,PRESENCIAL,(JUEVES)(SABADO),(PRE 07:00-10:45)(PRE 07:00-10:45),ASIGNADO,,PTC IN
3340,7252674,DULANTO CAMACHO FRESIA DELIA,PRC,EXPERIENCIA DEL CLIENTE,201N,1,211,10,7252674DUL,3340201N1211,AGOSTO,N,PRC,II,PRESENCIAL,(JUEVES)(SABADO),(PRE 19:00-22:45)(PRE 19:00-22:45),ASIGNADO,,
3338,70092982,DURAN DE LA FUENTE JORGE ALEJANDRO,VIRTUAL,CIERRE CONTABLE TRIBUTARIO,507M,1,1270,6,70092982DUR,3338507M11270,AGOSTO,M,VIRTUAL,V,VIRTUAL,(MARTES)(JUEVES),(VIR 08:30-10:00)(VIR 07:00-10:00),ASIGNADO,,PTC
3338,70092982,DURAN DE LA FUENTE JORGE ALEJANDRO,VIRTUAL,CONTABILIDAD TRIBUTARIA Y LABORAL,319M,2,2070,5,70092982DUR,3338319M22070,AGOSTO,M,VIRTUAL,III,VIRTUAL,(JUEVES),(VIR 07:00-10:45),ASIGNADO,,PTC
3338,70092982,DURAN DE LA FUENTE JORGE ALEJANDRO,VIRTUAL,CONSTITUCIÓN Y ORGANIZACIÓN DE EMPRESAS,424M,1,1098,4,70092982DUR,3338424M11098,AGOSTO,M,VIRTUAL,IV,VIRTUAL,(VIERNES),(VIR 07:00-10:00),ASIGNADO,,PTC
3338,70092982,DURAN DE LA FUENTE JORGE ALEJANDRO,VIRTUAL,CONTABILIDAD TRIBUTARIA Y LABORAL,306M,2,844,5,70092982DUR,3338306M2844,AGOSTO,M,VIRTUAL,III,VIRTUAL,(VIERNES),(VIR 07:00-10:45),ASIGNADO,,PTC
3338,70092982,DURAN DE LA FUENTE JORGE ALEJANDRO,ATE,SISTEMAS DE PROCESOS CONTABLES,305N,2,,10,70092982DUR,3338305N2,AGOSTO,N,ATE,III,PRESENCIAL,(LUNES)(JUEVES),(PRE 19:00-22:45)(PRE 19:00-22:45),ASIGNADO,,
3338,70092982,DURAN DE LA FUENTE JORGE ALEJANDRO,ATE,FORMULACIÓN DE ESTADOS FINANCIEROS,504N,1,,5,70092982DUR,3338504N1,AGOSTO,N,ATE,V,PRESENCIAL,(MARTES),(PRE 19:00-22:45),ASIGNADO,,
3338,70092982,DURAN DE LA FUENTE JORGE ALEJANDRO,VIRTUAL,CONSTITUCIÓN Y ORGANIZACIÓN DE EMPRESAS,402N,1,1093,4,70092982DUR,3338402N11093,AGOSTO,N,VIRTUAL,IV,VIRTUAL,(MIÉRCOLES),(VIR 19:00-22:00),ASIGNADO,,
3338,70092982,DURAN DE LA FUENTE JORGE ALEJANDRO,ATE,FORMULACIÓN DE ESTADOS FINANCIEROS,504N,1,1251,5,70092982DUR,3338504N11251,AGOSTO,N,ATE,V,PRESENCIAL,(VIERNES),(PRE 19:00-22:45),ASIGNADO,,
3339,70092982,DURAN DE LA FUENTE JORGE ALEJANDRO,VIRTUAL,CONTABILIDAD TRIBUTARIA Y LABORAL,302M,2,150,5,70092982DUR,3339302M2150,AGOSTO,M,VIRTUAL,III,VIRTUAL,(MIÉRCOLES),(VIR 07:00-10:45),ASIGNADO,,PTC
3339,70092982,DURAN DE LA FUENTE JORGE ALEJANDRO,VIRTUAL,SISTEMAS DE PROCESOS CONTABLES,302N,1,,5,70092982DUR,3339302N1,AGOSTO,N,VIRTUAL,III,VIRTUAL,(LUNES),(VIR 19:00-22:45),ASIGNADO,,
3339,70092982,DURAN DE LA FUENTE JORGE ALEJANDRO,VIRTUAL,CONTABILIDAD SUPERIOR,205N,2,136,5,70092982DUR,3339205N2136,AGOSTO,N,VIRTUAL,II,VIRTUAL,(MIÉRCOLES),(VIR 19:00-22:45),ASIGNADO,,
3338,10876429,ENRIQUEZ FERNANDEZ ROGGER,ATE,EMPRENDIMIENTO: MODELO DE NEGOCIO,405N,1,893,10,10876429ENR,3338405N1893,AGOSTO,N,ATE,IV,PRESENCIAL,(LUNES)(JUEVES),(PRE 19:00-22:45)(PRE 19:00-22:45),ASIGNADO,,
3338,29577627,ESCALANTE RODRIGUEZ SANDRA ROCIO,AQP,EMPRENDIMIENTO: MODELO DE NEGOCIO,417M,1,904,10,29577627ESC,3338417M1904,AGOSTO,M,AQP,IV,PRESENCIAL,(MARTES)(JUEVES),(PRE 07:00-10:45)(PRE 07:00-10:45),ASIGNADO,,PTC IN
3338,70312728,ESPINOZA CASO  ISRAEL ANDRES,VIRTUAL,FUNDAMENTOS DE LA PUBLICIDAD,128N,1,2008,10,70312728ESP,3338128N12008,AGOSTO,N,VIRTUAL,I,VIRTUAL,(MIÉRCOLES)(VIERNES),(VIR 19:00-22:45)(VIR 19:00-22:45),ASIGNADO,,
3338,46215816,ESPINOZA GONZALES ISIDRO OSCAR,NOR,FUNDAMENTOS DE COSTOS,213M,1,579,8,46215816ESP,3338213M1579,AGOSTO,M,NOR,II,PRESENCIAL,(VIERNES)(SABADO),(PRE 07:00-10:45)(PRE 08:30-10:45),ASIGNADO,,PPH
3338,41961286,ESPINOZA LOAYZA CRISTINA ROCIO,VIRTUAL,INGLÉS APLICADO A PROYECTOS EMPRESARIALES,405T,2,924,6,41961286ESP,3338405T2924,AGOSTO,T,VIRTUAL,IV,VIRTUAL,(LUNES),(VIR 14:30-19:00),ASIGNADO,,
3338,41961286,ESPINOZA LOAYZA CRISTINA ROCIO,NOR,INGLÉS APLICADO A PROYECTOS EMPRESARIALES,404T,2,1042,12,41961286ESP,3338404T21042,AGOSTO,T,NOR,IV,PRESENCIAL,(MIÉRCOLES)(VIERNES),(PRE 14:30-19:00)(PRE 14:30-19:00),ASIGNADO,,
3338,41961286,ESPINOZA LOAYZA CRISTINA ROCIO,VIRTUAL,INGLÉS PARA LA COMUNICACIÓN EN LOS NEGOCIOS,317N,1,442,8,41961286ESP,3338317N1442,AGOSTO,N,VIRTUAL,III,VIRTUAL,(MIÉRCOLES)(VIERNES),(VIR 19:00-22:00)(VIR 19:00-22:00),ASIGNADO,,
3338,41961286,ESPINOZA LOAYZA CRISTINA ROCIO,VIRTUAL,INGLÉS PARA LA COMUNICACIÓN EN LOS NEGOCIOS,316N,1,854,8,41961286ESP,3338316N1854,AGOSTO,N,VIRTUAL,III,VIRTUAL,(JUEVES)(SABADO),(VIR 19:00-22:00)(VIR 19:00-22:00),ASIGNADO,,
3338,16401768,ESPINOZA URBINA MARIA DE LOS ANGELES,VIRTUAL,ADMINISTRACIÓN DE NEGOCIOS,108M,2,1695,5,16401768ESP,3338108M21695,AGOSTO,M,VIRTUAL,I,VIRTUAL,(LUNES),(VIR 07:00-10:45),ASIGNADO,,PTD
3338,16401768,ESPINOZA URBINA MARIA DE LOS ANGELES,VIRTUAL,GESTIÓN DE CRÉDITOS Y COBRANZAS,401M,1,908,4,16401768ESP,3338401M1908,AGOSTO,M,VIRTUAL,IV,VIRTUAL,(MARTES),(VIR 07:00-10:00),ASIGNADO,,PTD
3338,16401768,ESPINOZA URBINA MARIA DE LOS ANGELES,VIRTUAL,ADMINISTRACIÓN DE NEGOCIOS,107M,2,1693,5,16401768ESP,3338107M21693,AGOSTO,M,VIRTUAL,I,VIRTUAL,(MARTES),(VIR 07:00-10:45),ASIGNADO,,PTD
3338,16401768,ESPINOZA URBINA MARIA DE LOS ANGELES,VIRTUAL,PORTAFOLIO DE PRODUCTOS Y SERVICIOS FINANCIEROS,426M,1,885,4,16401768ESP,3338426M1885,AGOSTO,M,VIRTUAL,IV,VIRTUAL,(MIÉRCOLES),(VIR 07:00-10:00),ASIGNADO,,PTD
3338,16401768,ESPINOZA URBINA MARIA DE LOS ANGELES,VIRTUAL,GESTIÓN DE CRÉDITOS Y COBRANZAS,421M,2,918,4,16401768ESP,3338421M2918,AGOSTO,M,VIRTUAL,IV,VIRTUAL,(MIÉRCOLES),(VIR 07:00-10:00),ASIGNADO,,PTD
3338,16401768,ESPINOZA URBINA MARIA DE LOS ANGELES,VIRTUAL,GESTIÓN DE CRÉDITOS Y COBRANZAS,409M,1,914,4,16401768ESP,3338409M1914,AGOSTO,M,VIRTUAL,IV,VIRTUAL,(JUEVES),(VIR 07:00-10:00),ASIGNADO,,PTD
3338,16401768,ESPINOZA URBINA MARIA DE LOS ANGELES,VIRTUAL,CONTROL INTERNO Y AUDITORÍA DE OPERACIONES,501M,2,1200,5,16401768ESP,3338501M21200,AGOSTO,M,VIRTUAL,V,VIRTUAL,(JUEVES),(VIR 07:00-10:45),ASIGNADO,,PTD
3338,16401768,ESPINOZA URBINA MARIA DE LOS ANGELES,VIRTUAL,PORTAFOLIO DE PRODUCTOS Y SERVICIOS FINANCIEROS,403T,1,875,4,16401768ESP,3338403T1875,AGOSTO,T,VIRTUAL,IV,VIRTUAL,(JUEVES),(VIR 14:30-17:30),ASIGNADO,,
3338,16401768,ESPINOZA URBINA MARIA DE LOS ANGELES,VIRTUAL,ADMINISTRACIÓN DE NEGOCIOS,117N,1,1708,5,16401768ESP,3338117N11708,AGOSTO,N,VIRTUAL,I,VIRTUAL,(LUNES),(VIR 19:00-22:45),ASIGNADO,,
3338,16401768,ESPINOZA URBINA MARIA DE LOS ANGELES,VIRTUAL,ADMINISTRACIÓN DE NEGOCIOS,110N,2,1699,5,16401768ESP,3338110N21699,AGOSTO,N,VIRTUAL,I,VIRTUAL,(LUNES),(VIR 19:00-22:45),ASIGNADO,,
3338,16401768,ESPINOZA URBINA MARIA DE LOS ANGELES,VIRTUAL,ADMINISTRACIÓN DE NEGOCIOS,122N,1,1718,5,16401768ESP,3338122N11718,AGOSTO,N,VIRTUAL,I,VIRTUAL,(MARTES),(VIR 19:00-22:45),ASIGNADO,,
3338,16401768,ESPINOZA URBINA MARIA DE LOS ANGELES,VIRTUAL,ADMINISTRACIÓN DE NEGOCIOS,113N,2,1703,5,16401768ESP,3338113N21703,AGOSTO,N,VIRTUAL,I,VIRTUAL,(MARTES),(VIR 19:00-22:45),ASIGNADO,,
3338,16401768,ESPINOZA URBINA MARIA DE LOS ANGELES,VIRTUAL,GESTIÓN DE CRÉDITOS Y COBRANZAS,407N,2,913,4,16401768ESP,3338407N2913,AGOSTO,N,VIRTUAL,IV,VIRTUAL,(MIÉRCOLES),(VIR 19:00-22:00),ASIGNADO,,
3338,16401768,ESPINOZA URBINA MARIA DE LOS ANGELES,VIRTUAL,CONTROL INTERNO Y AUDITORÍA DE OPERACIONES,510N,1,1205,5,16401768ESP,3338510N11205,AGOSTO,N,VIRTUAL,,VIRTUAL,(JUEVES),(VIR 19:00-22:45),ASIGNADO,,
3338,16401768,ESPINOZA URBINA MARIA DE LOS ANGELES,VIRTUAL,BANCA COMERCIAL,220N,1,313,5,16401768ESP,3338220N1313,AGOSTO,N,VIRTUAL,II,VIRTUAL,(VIERNES),(VIR 19:00-22:45),ASIGNADO,,
3338,16401768,ESPINOZA URBINA MARIA DE LOS ANGELES,VIRTUAL,ESTRATEGIA DE VENTAS,201N,1,486,4,16401768ESP,3338201N1486,AGOSTO,N,VIRTUAL,II,VIRTUAL,(SABADO),(VIR 19:00-22:00),ASIGNADO,,
3339,16401768,ESPINOZA URBINA MARIA DE LOS ANGELES,VIRTUAL,EVALUACIÓN DE CRÉDITOS,404N,2,188,5,16401768ESP,3339404N2188,AGOSTO,N,VIRTUAL,IV,VIRTUAL,(VIERNES),(VIR 19:00-22:45),ASIGNADO,,
3338,41490290,ESTRADA CUBAS MARIA ANGELICA,NOR,INGLÉS APLICADO A PROYECTOS EMPRESARIALES,412M,2,1048,12,41490290EST,3338412M21048,AGOSTO,M,NOR,IV,PRESENCIAL,(JUEVES)(SABADO),(PRE 07:00-11:30)(PRE 07:00-11:30),ASIGNADO,,PPH
3338,43431901,ESTRADA PONTE SANDIBELL,VIRTUAL,EVALUACIÓN DE CRÉDITOS,426M,1,348,5,43431901EST,3338426M1348,AGOSTO,M,VIRTUAL,IV,VIRTUAL,(LUNES),(VIR 07:00-10:45),ASIGNADO,,PTC
3338,43431901,ESTRADA PONTE SANDIBELL,NOR,EXPERIENCIA DEL CLIENTE,211M,1,543,10,43431901EST,3338211M1543,AGOSTO,M,NOR,II,PRESENCIAL,(MARTES)(VIERNES),(PRE 07:00-10:45)(PRE 07:00-10:45),ASIGNADO,,PTC
3338,43431901,ESTRADA PONTE SANDIBELL,NOR,EVALUACIÓN DE CRÉDITOS,410M,2,945,10,43431901EST,3338410M2945,AGOSTO,M,NOR,IV,PRESENCIAL,(MIÉRCOLES)(VIERNES),(PRE 07:00-10:45)(PRE 07:00-10:45),ASIGNADO,,PTC
3338,43431901,ESTRADA PONTE SANDIBELL,NOR,EXPERIENCIA DEL CLIENTE,212M,1,544,10,43431901EST,3338212M1544,AGOSTO,M,NOR,II,PRESENCIAL,(JUEVES)(SABADO),(PRE 07:00-10:45)(PRE 07:00-10:45),ASIGNADO,,PTC
3338,43431901,ESTRADA PONTE SANDIBELL,NOR,EXPERIENCIA FORMATIVA EN SITUACIÓN REAL DE TRABAJO,409M,2,961,2,43431901EST,3338409M2961,AGOSTO,M,NOR,IV,PRESENCIAL,(MARTES),(PRE 08:30-10:00),ASIGNADO,,
3338,43431901,ESTRADA PONTE SANDIBELL,VIRTUAL,SOLUCIONES FINANCIERAS CON SOPORTE TECNOLÓGICO,615N,2,1504,5,43431901EST,3338615N21504,AGOSTO,N,VIRTUAL,,VIRTUAL,(LUNES),(VIR 19:00-22:45),ASIGNADO,,
3338,43431901,ESTRADA PONTE SANDIBELL,VIRTUAL,CONTROL INTERNO Y AUDITORÍA DE OPERACIONES,506N,1,1204,5,43431901EST,3338506N11204,AGOSTO,N,VIRTUAL,V,VIRTUAL,(MARTES),(VIR 19:00-22:45),ASIGNADO,,
3338,43431901,ESTRADA PONTE SANDIBELL,VIRTUAL,ANÁLISIS DE LA INFORMACIÓN FINANCIERA,312N,2,327,8,43431901EST,3338312N2327,AGOSTO,N,VIRTUAL,III,VIRTUAL,(MARTES)(JUEVES),(VIR 19:00-22:00)(VIR 19:00-22:00),ASIGNADO,,
3338,43431901,ESTRADA PONTE SANDIBELL,VIRTUAL,SOLUCIONES FINANCIERAS CON SOPORTE TECNOLÓGICO,601N,2,1496,5,43431901EST,3338601N21496,AGOSTO,N,VIRTUAL,VI,VIRTUAL,(MIÉRCOLES),(VIR 19:00-22:45),ASIGNADO,,
3338,10238506,FALCON DELGADO LUIS ENRIQUE,VES,GESTIÓN DE COSTOS,319M,2,2068,8,10238506FAL,3338319M22068,AGOSTO,M,VES,III,PRESENCIAL,(LUNES)(VIERNES),(PRE 07:00-09:15)(PRE 07:00-10:45),ASIGNADO,,PTC IN
3338,10238506,FALCON DELGADO LUIS ENRIQUE,VIRTUAL,CONTABILIDAD,224N,1,369,4,10238506FAL,3338224N1369,AGOSTO,N,VIRTUAL,II,VIRTUAL,(VIERNES),(VIR 19:00-22:00),ASIGNADO,,
3334,6767581,FATACCIOLI GALLARDAY GIOVANNA CECILIA,PRC,EXPERIENCIA DEL CLIENTE,201N,2,53,10,6767581FAT,3334201N253,JUNIO,N,PRC,II,PRESENCIAL,(MIÉRCOLES)(SABADO),(PRE 19:00-22:45)(PRE 19:00-22:45),ASIGNADO,,
3336,6767581,FATACCIOLI GALLARDAY GIOVANNA CECILIA,PRC,EXPERIENCIA DEL CLIENTE,202N,2,34,10,6767581FAT,3336202N234,JUNIO,N,PRC,II,PRESENCIAL,(MARTES)(VIERNES),(PRE 19:00-22:45)(PRE 19:00-22:45),ASIGNADO,,
3338,6767581,FATACCIOLI GALLARDAY GIOVANNA CECILIA,PRC,EXPERIENCIA FORMATIVA EN SITUACIÓN REAL DE TRABAJO,601M,2,,2,6767581FAT,3338601M2,AGOSTO,M,PRC,VI,PRESENCIAL,(MIÉRCOLES),(PRE 07:00-08:30),ASIGNADO,,PPH
3338,6767581,FATACCIOLI GALLARDAY GIOVANNA CECILIA,PRC,EXPERIENCIA FORMATIVA EN SITUACIÓN REAL DE TRABAJO,201N,2,,2,6767581FAT,3338201N2,AGOSTO,N,PRC,II,PRESENCIAL,(JUEVES),(PRE 19:00-20:30),ASIGNADO,,
3338,43006829,FEDELI SAMANAMUD PABLO ANTONIO,VES,FUNDAMENTOS DE LA BANCA COMERCIAL,119M,1,1848,10,43006829FED,3338119M11848,AGOSTO,M,VES,I,PRESENCIAL,(LUNES)(SABADO),(PRE 07:00-10:45)(PRE 07:00-10:45),ASIGNADO,,PTC IN
3338,43006829,FEDELI SAMANAMUD PABLO ANTONIO,VES,BANCA COMERCIAL,228N,2,2019,10,43006829FED,3338228N22019,AGOSTO,N,VES,II,PRESENCIAL,(LUNES)(MIÉRCOLES),(PRE 19:00-22:45)(PRE 19:00-22:45),ASIGNADO,,
3338,48860125,FERNANDEZ GARCIA JAVIER,VES,GESTIÓN ADUANERA,431M,1,2117,10,48860125FER,3338431M12117,AGOSTO,M,VES,IV,PRESENCIAL,(LUNES)(MIÉRCOLES),(PRE 07:00-10:45)(PRE 07:00-10:45),ASIGNADO,,PTP
3338,48860125,FERNANDEZ GARCIA JAVIER,PRC,CONTROL DE DESPACHO,205M,2,616,10,48860125FER,3338205M2616,AGOSTO,M,PRC,II,PRESENCIAL,(LUNES)(JUEVES),(PRE 07:00-11:30)(PRE 07:00-10:00),ASIGNADO,,PTP
3338,48860125,FERNANDEZ GARCIA JAVIER,PRC,OPERATIVIDAD ADUANERA,204M,1,648,10,48860125FER,3338204M1648,AGOSTO,M,PRC,II,PRESENCIAL,(MARTES)(VIERNES),(PRE 07:00-10:45)(PRE 07:00-10:45),ASIGNADO,,PTP
3338,48860125,FERNANDEZ GARCIA JAVIER,VES,CONTROL DE DESPACHO,234M,2,2089,10,48860125FER,3338234M22089,AGOSTO,M,VES,II,PRESENCIAL,(MIÉRCOLES)(SABADO),(PRE 07:00-11:30)(PRE 08:30-11:30),ASIGNADO,,PTP
3338,48860125,FERNANDEZ GARCIA JAVIER,PRC,OPERATIVIDAD PORTUARIA,205M,1,660,10,48860125FER,3338205M1660,AGOSTO,M,PRC,II,PRESENCIAL,(JUEVES)(SABADO),(PRE 07:00-10:45)(PRE 07:00-10:45),ASIGNADO,,PTP
3338,48860125,FERNANDEZ GARCIA JAVIER,VES,EXPERIENCIA FORMATIVA EN SITUACIÓN REAL DE TRABAJO,634M,2,2124,2,48860125FER,3338634M22124,AGOSTO,M,VES,VI,PRESENCIAL,(SABADO),(PRE 07:00-08:30),ASIGNADO,,PTP
3338,48860125,FERNANDEZ GARCIA JAVIER,SJL,EXPERIENCIA FORMATIVA EN SITUACIÓN REAL DE TRABAJO,419M,2,1065,2,48860125FER,3338419M21065,AGOSTO,M,SJL,IV,PRESENCIAL,(MARTES),(PRE 08:30-10:00),ASIGNADO,,
3340,47359855,FERNANDEZ SANCHEZ DIEGO GONZALO,VIRTUAL,INVESTIGACIÓN DE MERCADO,217M,2,806,10,47359855FER,3340217M2806,AGOSTO,M,VIRTUAL,II,VIRTUAL,(LUNES)(JUEVES),(VIR 07:00-10:45)(VIR 07:00-10:45),ASIGNADO,,PTC
3340,47359855,FERNANDEZ SANCHEZ DIEGO GONZALO,VIRTUAL,METODOLOGÍA CUANTITATIVA,307M,1,502,6,47359855FER,3340307M1502,AGOSTO,M,VIRTUAL,III,VIRTUAL,(MIÉRCOLES)(SABADO),(VIR 07:00-09:15)(VIR 07:00-09:15),ASIGNADO,,PTC
3340,47359855,FERNANDEZ SANCHEZ DIEGO GONZALO,VIRTUAL,ÉTICA PROFESIONAL,508M,1,526,3,47359855FER,3340508M1526,AGOSTO,M,VIRTUAL,V,VIRTUAL,(VIERNES),(VIR 07:00-09:15),ASIGNADO,,PTC
3340,47359855,FERNANDEZ SANCHEZ DIEGO GONZALO,VIRTUAL,Ética Profesional,801N,1,1139,3,47359855FER,3340801N11139,AGOSTO,N,VIRTUAL,V,VIRTUAL,(JUEVES),(VIR 18:15-20:30),ASIGNADO,,
3340,47359855,FERNANDEZ SANCHEZ DIEGO GONZALO,VIRTUAL,INVESTIGACIÓN DE MERCADO,212N,2,805,10,47359855FER,3340212N2805,AGOSTO,N,VIRTUAL,II,VIRTUAL,(LUNES)(VIERNES),(VIR 19:00-22:45)(VIR 19:00-22:45),ASIGNADO,,
3340,47359855,FERNANDEZ SANCHEZ DIEGO GONZALO,VIRTUAL,METODOLOGÍA CUANTITATIVA,306N,1,501,6,47359855FER,3340306N1501,AGOSTO,N,VIRTUAL,III,VIRTUAL,(MARTES)(VIERNES),(VIR 19:00-21:15)(VIR 19:00-21:15),ASIGNADO,,
3340,9942594,FERNÁNDEZ SIALER CHRISTIAN MARTIN,PRC,COMUNICACIÓN ESTRATÉGICA,501M,1,341,10,9942594FER,3340501M1341,AGOSTO,M,PRC,V,PRESENCIAL,(LUNES)(VIERNES),(PRE 07:00-10:45)(PRE 07:00-10:45),ASIGNADO,,PPH
3340,9942594,FERNÁNDEZ SIALER CHRISTIAN MARTIN,PRC,FUNDAMENTOS DE MARKETING,105M,2,957,12,9942594FER,3340105M2957,AGOSTO,M,PRC,I,PRESENCIAL,(LUNES)(MIÉRCOLES),(PRE 07:00-11:30)(PRE 07:00-11:30),ASIGNADO,,PPH
3340,9942594,FERNÁNDEZ SIALER CHRISTIAN MARTIN,ATE,FUNDAMENTOS DE MARKETING,109M,1,962,12,9942594FER,3340109M1962,AGOSTO,M,ATE,I,PRESENCIAL,(MARTES)(JUEVES),(PRE 07:00-11:30)(PRE 07:00-11:30),ASIGNADO,,PPH
3340,9942594,FERNÁNDEZ SIALER CHRISTIAN MARTIN,PRC,COMUNICACIÓN ESTRATÉGICA,503M,2,344,10,9942594FER,3340503M2344,AGOSTO,M,PRC,V,PRESENCIAL,(JUEVES)(SABADO),(PRE 07:00-10:45)(PRE 07:00-10:45),ASIGNADO,,PPH
3338,41793272,"FERNÁNDEZ YACTAYO, JOSÉ LUIS",PRC,GESTIÓN DE COSTOS,302N,1,830,8,41793272FER,3338302N1830,AGOSTO,N,PRC,III,PRESENCIAL,(LUNES)(VIERNES),(PRE 19:00-22:45)(PRE 19:00-21:15),ASIGNADO,,
3338,41793272,"FERNÁNDEZ YACTAYO, JOSÉ LUIS",ATE,GESTIÓN Y PLANEAMIENTO TRIBUTARIO,405N,2,997,10,41793272FER,3338405N2997,AGOSTO,N,ATE,IV,PRESENCIAL,(LUNES)(SABADO),(PRE 19:00-22:45)(PRE 19:00-22:45),ASIGNADO,,
3338,41793272,"FERNÁNDEZ YACTAYO, JOSÉ LUIS",SJL,CONTABILIDAD DE ENTIDADES FINANCIERAS,511N,1,1246,8,41793272FER,3338511N11246,AGOSTO,N,SJL,V,PRESENCIAL,(JUEVES)(SABADO),(PRE 19:00-22:00)(PRE 19:00-22:00),ASIGNADO,,
3338,70430215,FERRER RODRIGUEZ YESMINA YESSELI,NOR,FUNDAMENTOS DE COSTOS,210N,1,577,8,70430215FER,3338210N1577,AGOSTO,N,NOR,II,PRESENCIAL,(MARTES)(SABADO),(PRE 19:00-22:45)(PRE 19:00-21:15),ASIGNADO,,
3338,70430215,FERRER RODRIGUEZ YESMINA YESSELI,VIRTUAL,CONTABILIDAD,223N,2,368,4,70430215FER,3338223N2368,AGOSTO,N,VIRTUAL,II,VIRTUAL,(VIERNES),(VIR 19:00-22:00),ASIGNADO,,
3340,41836742,FIGUEROA SEGUIL JORGE FABIAN,ATE,ANÁLISIS DE LA INFORMACIÓN FINANCIERA,302N,1,302,12,41836742FIG,3340302N1302,AGOSTO,N,ATE,III,PRESENCIAL,(MARTES)(VIERNES),(PRE 18:15-22:45)(PRE 18:15-22:45),ASIGNADO,,
3340,40597566,FIGUEROA VALENZUELA HELBER RAUL,AQP,EXPERIENCIAS FORMATIVAS EN SITUACIONES REALES DE TRABAJO,223M,2,689,2,40597566FIG,3340223M2689,AGOSTO,M,AQP,II,PRESENCIAL,(JUEVES),(PRE 07:00-08:30),ASIGNADO,,PPH
3340,40597566,FIGUEROA VALENZUELA HELBER RAUL,AQP,FUNDAMENTOS DE MARKETING,111M,,965,6,40597566FIG,3340111M965,AGOSTO,M,AQP,I,PRESENCIAL,(LUNES)(VIERNES),(PRE 08:30-10:45)(PRE 10:45-13:00),ASIGNADO,,
3340,40597566,FIGUEROA VALENZUELA HELBER RAUL,AQP,FUNDAMENTOS DE MARKETING,116M,1,959,12,40597566FIG,3340116M1959,AGOSTO,M,AQP,I,PRESENCIAL,(MIÉRCOLES)(SABADO),(PRE 08:30-13:00)(PRE 08:30-13:00),ASIGNADO,,
3338,41768946,FIGUEROA YNCA FERNANDO FREDY,ATE,EXPERIENCIA FORMATIVA EN SITUACIÓN REAL DE TRABAJO,407M,2,989,2,41768946FIG,3338407M2989,AGOSTO,M,ATE,IV,PRESENCIAL,(VIERNES),(PRE 08:30-10:00),ASIGNADO,,
3338,41768946,FIGUEROA YNCA FERNANDO FREDY,ATE,GESTIÓN DE COSTOS,305N,1,831,8,41768946FIG,3338305N1831,AGOSTO,N,ATE,III,PRESENCIAL,(LUNES)(JUEVES),(PRE 19:00-21:15)(PRE 19:00-22:45),ASIGNADO,,
3338,41768946,FIGUEROA YNCA FERNANDO FREDY,ATE,CONTABILIDAD DE ENTIDADES FINANCIERAS,504N,2,1242,8,41768946FIG,3338504N21242,AGOSTO,N,ATE,V,PRESENCIAL,(LUNES)(VIERNES),(PRE 19:00-22:00)(PRE 19:00-22:00),ASIGNADO,,
3338,41768946,FIGUEROA YNCA FERNANDO FREDY,ATE,SISTEMAS CONTABLES INTEGRADOS,405N,1,1006,10,41768946FIG,3338405N11006,AGOSTO,N,ATE,IV,PRESENCIAL,(MIÉRCOLES)(SABADO),(PRE 19:00-22:45)(PRE 19:00-22:45),ASIGNADO,,
3338,41768946,FIGUEROA YNCA FERNANDO FREDY,ATE,CONTABILIDAD SUPERIOR,206N,2,585,10,41768946FIG,3338206N2585,AGOSTO,N,ATE,II,PRESENCIAL,(MIÉRCOLES)(SABADO),(PRE 19:00-22:45)(PRE 19:00-22:45),ASIGNADO,,
3340,25567273,FLORES CABEZUDO ADOLFO HUGO,VIRTUAL,MARKETING,209M,2,241,4,25567273FLO,3340209M2241,AGOSTO,M,VIRTUAL,II,VIRTUAL,(MARTES),(VIR 07:00-10:00),ASIGNADO,,PTC
3340,25567273,FLORES CABEZUDO ADOLFO HUGO,VIRTUAL,ADMINISTRACIÓN DE NEGOCIOS,108M,1,871,5,25567273FLO,3340108M1871,AGOSTO,M,VIRTUAL,I,VIRTUAL,(MIÉRCOLES),(VIR 07:00-10:45),ASIGNADO,,PTC
3340,25567273,FLORES CABEZUDO ADOLFO HUGO,VIRTUAL,ADMINISTRACIÓN DE NEGOCIOS,116M,1,869,5,25567273FLO,3340116M1869,AGOSTO,M,VIRTUAL,I,VIRTUAL,(JUEVES),(VIR 07:00-10:45),ASIGNADO,,PTC
3340,25567273,FLORES CABEZUDO ADOLFO HUGO,VIRTUAL,ADMINISTRACIÓN DE NEGOCIOS,112M,2,876,5,25567273FLO,3340112M2876,AGOSTO,M,VIRTUAL,I,VIRTUAL,(JUEVES),(VIR 07:00-10:45),ASIGNADO,,PTC
3340,25567273,FLORES CABEZUDO ADOLFO HUGO,VIRTUAL,ADMINISTRACIÓN DE NEGOCIOS,109M,1,872,5,25567273FLO,3340109M1872,AGOSTO,M,VIRTUAL,I,VIRTUAL,(VIERNES),(VIR 07:00-10:45),ASIGNADO,,PTC
3340,25567273,FLORES CABEZUDO ADOLFO HUGO,VIRTUAL,ADMINISTRACIÓN DE NEGOCIOS,101M,2,865,5,25567273FLO,3340101M2865,AGOSTO,M,VIRTUAL,I,VIRTUAL,(VIERNES),(VIR 07:00-10:45),ASIGNADO,,PTC
3340,25567273,FLORES CABEZUDO ADOLFO HUGO,VIRTUAL,ADMINISTRACIÓN DE NEGOCIOS,106M,1,868,5,25567273FLO,3340106M1868,AGOSTO,M,VIRTUAL,I,VIRTUAL,(SABADO),(VIR 07:00-10:45),ASIGNADO,,PTC
3340,25567273,FLORES CABEZUDO ADOLFO HUGO,VIRTUAL,ADMINISTRACIÓN DE NEGOCIOS,116N,1,883,5,25567273FLO,3340116N1883,AGOSTO,N,VIRTUAL,I,VIRTUAL,(LUNES),(VIR 19:00-22:45),ASIGNADO,,
3340,25567273,FLORES CABEZUDO ADOLFO HUGO,VIRTUAL,Comunicación estratégica,701N,2,1129,5,25567273FLO,3340701N21129,AGOSTO,N,VIRTUAL,V,VIRTUAL,(MARTES),(VIR 19:00-22:45),ASIGNADO,,
3340,25567273,FLORES CABEZUDO ADOLFO HUGO,VIRTUAL,ADMINISTRACIÓN DE NEGOCIOS,115N,2,882,5,25567273FLO,3340115N2882,AGOSTO,N,VIRTUAL,I,VIRTUAL,(JUEVES),(VIR 19:00-22:45),ASIGNADO,,
3340,25567273,FLORES CABEZUDO ADOLFO HUGO,VIRTUAL,Marketing Estratégico,701N,2,1133,5,25567273FLO,3340701N21133,AGOSTO,N,VIRTUAL,VI,VIRTUAL,(SABADO),(VIR 19:00-22:45),ASIGNADO,,
3341,25567273,FLORES CABEZUDO ADOLFO HUGO,VIRTUAL,ADMINISTRACIÓN DE NEGOCIOS,101N,1,125,5,25567273FLO,3341101N1125,AGOSTO,N,VIRTUAL,I,VIRTUAL,(MIÉRCOLES)(VIERNES),(VIR 19:00-21:15)(VIR 19:00-20:30),ASIGNADO,,
3338,10472131,FLORES CASTILLO DE SORIANO CLIDER,PRC,EMPRENDIMIENTO: PROYECTO INTEGRADOR,604M,1,1417,12,10472131FLO,3338604M11417,AGOSTO,M,PRC,VI,PRESENCIAL,(MARTES)(VIERNES),(PRE 07:00-11:30)(PRE 07:00-11:30),ASIGNADO,,PTD
3338,10472131,FLORES CASTILLO DE SORIANO CLIDER,PRC,EMPRENDIMIENTO: CREATIVIDAD E INNOVACIÓN,301M,1,753,10,10472131FLO,3338301M1753,AGOSTO,M,PRC,III,PRESENCIAL,(MIÉRCOLES)(SABADO),(PRE 07:00-10:45)(PRE 07:00-10:45),ASIGNADO,,PTD
3338,10472131,FLORES CASTILLO DE SORIANO CLIDER,PRC,EMPRENDIMIENTO: MODELO DE NEGOCIO,401M,2,886,10,10472131FLO,3338401M2886,AGOSTO,M,PRC,IV,PRESENCIAL,(MIÉRCOLES)(SABADO),(PRE 07:00-10:45)(PRE 07:00-10:45),ASIGNADO,,PTD
3338,10472131,FLORES CASTILLO DE SORIANO CLIDER,VIRTUAL,EMPRENDIMIENTO: MODELO DE NEGOCIO,417N,2,343,6,10472131FLO,3338417N2343,AGOSTO,N,VIRTUAL,IV,VIRTUAL,(VIERNES),(VIR 18:15-22:45),ASIGNADO,,
3338,10472131,FLORES CASTILLO DE SORIANO CLIDER,VIRTUAL,EMPRENDIMIENTO: CREATIVIDAD E INNOVACIÓN,312N,1,331,8,10472131FLO,3338312N1331,AGOSTO,N,VIRTUAL,III,VIRTUAL,(MARTES)(JUEVES),(VIR 19:00-22:00)(VIR 19:00-22:00),ASIGNADO,,
3338,10472131,FLORES CASTILLO DE SORIANO CLIDER,PRC,EMPRENDIMIENTO: CREATIVIDAD E INNOVACIÓN,303N,2,762,10,10472131FLO,3338303N2762,AGOSTO,N,PRC,III,PRESENCIAL,(MARTES)(JUEVES),(PRE 19:00-22:45)(PRE 19:00-22:45),ASIGNADO,,
3339,10472131,FLORES CASTILLO DE SORIANO CLIDER,VIRTUAL,EMPRENDIMIENTO: MODELO DE NEGOCIO,402M,2,170,6,10472131FLO,3339402M2170,AGOSTO,M,VIRTUAL,IV,VIRTUAL,(LUNES),(VIR 07:00-11:30),ASIGNADO,,PTD
3339,10472131,FLORES CASTILLO DE SORIANO CLIDER,VIRTUAL,EMPRENDIMIENTO: PROYECTO INTEGRADOR,601N,2,112,6,10472131FLO,3339601N2112,AGOSTO,N,VIRTUAL,VI,VIRTUAL,(MIÉRCOLES),(VIR 18:15-22:45),ASIGNADO,,
3338,41588322,FLORES CUEVAS ROSARIO YANET,SJL,OPERACIONES Y LOGÍSTICA,225M,1,705,12,41588322FLO,3338225M1705,AGOSTO,M,SJL,II,PRESENCIAL,(MARTES)(JUEVES)(SABADO),(PRE 07:00-10:00)(PRE 07:00-10:00)(PRE 07:00-10:00),ASIGNADO,,PPH
3340,41588322,FLORES CUEVAS ROSARIO YANET,PRC,GESTIÓN DE PROCESOS DE MEJORA CONTINUA,402M,1,354,10,41588322FLO,3340402M1354,AGOSTO,M,PRC,IV,PRESENCIAL,(MIÉRCOLES)(VIERNES),(PRE 07:00-10:45)(PRE 07:00-10:45),ASIGNADO,,PPH
3338,7625551,FLORES ESPINOZA LEONCIO,VIRTUAL,PENSAMIENTO LÓGICO,121M,2,1779,6,7625551FLO,3338121M21779,AGOSTO,M,VIRTUAL,I,VIRTUAL,(LUNES)(MIÉRCOLES),(VIR 09:15-11:30)(VIR 09:15-11:30),ASIGNADO,,
3334,44438413,FLORES MUÑOZ RONY NAZARENO,VIRTUAL,PENSAMIENTO LÓGICO PARA LOS NEGOCIOS,101N,2,26,6,44438413FLO,3334101N226,JUNIO,N,VIRTUAL,I,VIRTUAL,(MARTES)(JUEVES),(VIR 19:00-21:15)(VIR 19:00-21:15),ASIGNADO,,
3338,44438413,FLORES MUÑOZ RONY NAZARENO,NOR,PENSAMIENTO LÓGICO,126M,1,1885,12,44438413FLO,3338126M11885,AGOSTO,M,NOR,I,PRESENCIAL,(LUNES)(JUEVES)(SABADO),(PRE 07:00-10:45)(PRE 08:30-10:00)(PRE 07:00-10:45),ASIGNADO,,PTP
3338,44438413,FLORES MUÑOZ RONY NAZARENO,NOR,PENSAMIENTO LÓGICO,109M,2,1858,12,44438413FLO,3338109M21858,AGOSTO,M,NOR,I,PRESENCIAL,(MARTES)(JUEVES)(SABADO),(PRE 07:00-10:45)(PRE 07:00-10:45)(PRE 07:00-08:30),ASIGNADO,,PTP
3338,44438413,FLORES MUÑOZ RONY NAZARENO,NOR,PENSAMIENTO LÓGICO,130N,2,1886,12,44438413FLO,3338130N21886,AGOSTO,N,NOR,I,PRESENCIAL,(MARTES)(JUEVES)(VIERNES),(PRE 19:00-22:45)(PRE 20:30-22:00)(PRE 19:00-22:45),ASIGNADO,,
3340,44438413,FLORES MUÑOZ RONY NAZARENO,VIRTUAL,PENSAMIENTO LÓGICO,108N,1,1040,6,44438413FLO,3340108N11040,AGOSTO,N,VIRTUAL,I,VIRTUAL,(LUNES)(MIÉRCOLES),(VIR 19:00-21:15)(VIR 19:00-21:15),ASIGNADO,,
3341,44438413,FLORES MUÑOZ RONY NAZARENO,VIRTUAL,PENSAMIENTO LÓGICO,102M,2,136,6,44438413FLO,3341102M2136,AGOSTO,M,VIRTUAL,I,VIRTUAL,(LUNES),(VIR 07:00-11:30),ASIGNADO,,PTP
3338,70583694,FLORES ROJAS FIORELLA STEFANY,VIRTUAL,MODELO DE NEGOCIOS DIGITALES,610N,1,1569,4,70583694FLO,3338610N11569,AGOSTO,N,VIRTUAL,VI,VIRTUAL,(VIERNES),(VIR 19:00-22:00),ASIGNADO,,
3338,70583694,FLORES ROJAS FIORELLA STEFANY,VIRTUAL,EXPERIENCIA FORMATIVA EN SITUACIÓN REAL DE TRABAJO,419N,2,449,2,70583694FLO,3338419N2449,AGOSTO,N,VIRTUAL,IV,VIRTUAL,(SABADO),(VIR 19:00-20:30),ASIGNADO,,
3338,40540065,FLORES VILLAFANA LIZ GRETTEL,PRC,SUPPLY CHAIN MANAGEMENT,404M,2,1082,10,40540065FLO,3338404M21082,AGOSTO,M,PRC,IV,PRESENCIAL,(MARTES)(JUEVES),(PRE 07:00-10:45)(PRE 07:00-10:45),ASIGNADO,,PPH
3338,40540065,FLORES VILLAFANA LIZ GRETTEL,PRC,GESTIÓN DE ALMACENES,604M,1,1447,8,40540065FLO,3338604M11447,AGOSTO,M,PRC,VI,PRESENCIAL,(MIÉRCOLES)(SABADO),(PRE 07:00-10:45)(PRE 07:00-09:15),ASIGNADO,,PPH
3338,40540065,FLORES VILLAFANA LIZ GRETTEL,VES,GESTIÓN DE ALMACENES,625N,1,2121,8,40540065FLO,3338625N12121,AGOSTO,N,VES,VI,PRESENCIAL,(LUNES)(JUEVES),(PRE 19:00-21:15)(PRE 19:00-22:45),ASIGNADO,,
3338,40540065,FLORES VILLAFANA LIZ GRETTEL,VES,EXPERIENCIA FORMATIVA EN SITUACIÓN REAL DE TRABAJO,230N,2,2091,2,40540065FLO,3338230N22091,AGOSTO,N,VES,II,PRESENCIAL,(MARTES),(PRE 19:00-20:30),ASIGNADO,,
3338,40540065,FLORES VILLAFANA LIZ GRETTEL,VES,OPERATIVIDAD PORTUARIA,230N,2,2100,10,40540065FLO,3338230N22100,AGOSTO,N,VES,II,PRESENCIAL,(JUEVES)(SABADO),(PRE 19:00-22:45)(PRE 19:00-22:45),ASIGNADO,,
3338,9995220,FRANCIA  ESPINOZA MAXIMO GUSTAVO,VES,HERRAMIENTAS DIGITALES PARA LOS NEGOCIOS,230N,2,2094,10,9995220FRA,3338230N22094,AGOSTO,N,VES,II,PRESENCIAL,(LUNES)(MIÉRCOLES),(PRE 19:00-22:45)(PRE 19:00-22:45),ASIGNADO,,
3338,9995220,FRANCIA  ESPINOZA MAXIMO GUSTAVO,PRC,HERRAMIENTAS DIGITALES E INTELIGENCIA ARTIFICIAL,102N,2,1930,12,9995220FRA,3338102N21930,AGOSTO,N,PRC,I,PRESENCIAL,(MARTES)(JUEVES)(VIERNES),(PRE 19:00-22:45)(PRE 20:30-22:00)(PRE 19:00-22:45),ASIGNADO,,
3338,9995220,FRANCIA  ESPINOZA MAXIMO GUSTAVO,PRC,HERRAMIENTAS DIGITALES PARA LOS NEGOCIOS,203N,1,636,10,9995220FRA,3338203N1636,AGOSTO,N,PRC,II,PRESENCIAL,(MIÉRCOLES)(VIERNES),(PRE 19:00-22:45)(PRE 19:00-22:45),ASIGNADO,,
3340,9995220,FRANCIA  ESPINOZA MAXIMO GUSTAVO,SJL,FUNDAMENTOS DE DESARROLLO DE SOFTWARE,103N,1,1015,10,9995220FRA,3340103N11015,AGOSTO,N,SJL,I,PRESENCIAL,(LUNES)(JUEVES),(PRE 19:00-22:45)(PRE 19:00-22:45),ASIGNADO,,
3338,9537966,FRANCIA ESPINOZA CARMEN CAROLINA ANTONIA,VIRTUAL,HERRAMIENTAS DIGITALES E INTELIGENCIA ARTIFICIAL,119M,1,1817,6,9537966FRA,3338119M11817,AGOSTO,M,VIRTUAL,I,VIRTUAL,(MARTES)(VIERNES),(VIR 07:00-08:30)(VIR 07:00-10:00),ASIGNADO,,PTC
3338,9537966,FRANCIA ESPINOZA CARMEN CAROLINA ANTONIA,VIRTUAL,HERRAMIENTAS DIGITALES E INTELIGENCIA ARTIFICIAL,109M,1,1803,6,9537966FRA,3338109M11803,AGOSTO,M,VIRTUAL,I,VIRTUAL,(MARTES)(JUEVES),(VIR 08:30-10:00)(VIR 07:00-10:00),ASIGNADO,,PTC
3339,9537966,FRANCIA ESPINOZA CARMEN CAROLINA ANTONIA,VIRTUAL,HERRAMIENTAS DIGITALES E INTELIGENCIA ARTIFICIAL,101M,2,226,6,9537966FRA,3339101M2226,AGOSTO,M,VIRTUAL,I,VIRTUAL,(MIÉRCOLES)(VIERNES),(VIR 07:00-10:00)(VIR 08:30-10:00),ASIGNADO,,PTC
3338,29279265,FRANCO CASAS HUMBERTO GUILLERMO,AQP,PENSAMIENTO LÓGICO,123M,1,1881,12,29279265FRA,3338123M11881,AGOSTO,M,AQP,I,PRESENCIAL,(LUNES)(JUEVES)(SABADO),(PRE 08:30-12:15)(PRE 08:30-10:00)(PRE 08:30-12:15),ASIGNADO,,
3334,71927525,FUERTES CASTRO MARILENA SILVIA,VIRTUAL,TALLER DE DESARROLLO GRÁFICO,204N,2,66,10,71927525FUE,3334204N266,JUNIO,N,VIRTUAL,II,VIRTUAL,(MIÉRCOLES)(VIERNES),(VIR 19:00-22:45)(VIR 19:00-22:45),ASIGNADO,,
3338,48450521,GABRIEL SEGAMA FRANK KENEDY,SJL,EMPRENDIMIENTO: MODELO DE NEGOCIO,422M,1,906,10,48450521GAB,3338422M1906,AGOSTO,M,SJL,IV,PRESENCIAL,(LUNES)(VIERNES),(PRE 07:00-10:45)(PRE 07:00-10:45),ASIGNADO,,PTC
3338,48450521,GABRIEL SEGAMA FRANK KENEDY,VIRTUAL,MODELO DE NEGOCIOS DIGITALES,606M,2,2014,5,48450521GAB,3338606M22014,AGOSTO,M,VIRTUAL,VI,VIRTUAL,(LUNES),(VIR 07:00-10:45),ASIGNADO,,PTC
3338,48450521,GABRIEL SEGAMA FRANK KENEDY,SJL,EMPRENDIMIENTO: MODELO DE NEGOCIO,421M,1,905,10,48450521GAB,3338421M1905,AGOSTO,M,SJL,IV,PRESENCIAL,(JUEVES)(SABADO),(PRE 07:00-10:45)(PRE 07:00-10:45),ASIGNADO,,PTC
3338,48450521,GABRIEL SEGAMA FRANK KENEDY,NOR,EMPRENDIMIENTO: PLAN DE DESARROLLO DEL NEGOCIO,506M,2,1152,10,48450521GAB,3338506M21152,AGOSTO,M,NOR,V,PRESENCIAL,(JUEVES)(SABADO),(PRE 07:00-10:45)(PRE 07:00-10:45),ASIGNADO,,PTC
3338,48450521,GABRIEL SEGAMA FRANK KENEDY,SJL,EXPERIENCIA FORMATIVA EN SITUACIÓN REAL DE TRABAJO,608T,2,1324,2,48450521GAB,3338608T21324,AGOSTO,T,SJL,VI,PRESENCIAL,(MIÉRCOLES),(PRE 14:30-16:00),ASIGNADO,,
3338,48450521,GABRIEL SEGAMA FRANK KENEDY,SJL,EMPRENDIMIENTO: MODELO DE NEGOCIO,405T,1,894,10,48450521GAB,3338405T1894,AGOSTO,T,SJL,IV,PRESENCIAL,(JUEVES)(SABADO),(PRE 14:30-18:15)(PRE 14:30-18:15),ASIGNADO,,
3338,48450521,GABRIEL SEGAMA FRANK KENEDY,SJL,EXPERIENCIA FORMATIVA EN SITUACIÓN REAL DE TRABAJO,405T,2,958,2,48450521GAB,3338405T2958,AGOSTO,T,SJL,IV,PRESENCIAL,(JUEVES),(PRE 14:30-16:00),ASIGNADO,,
3339,48450521,GABRIEL SEGAMA FRANK KENEDY,VIRTUAL,EMPRENDIMIENTO: CREATIVIDAD E INNOVACIÓN,301M,2,76,5,48450521GAB,3339301M276,AGOSTO,M,VIRTUAL,III,VIRTUAL,(VIERNES),(VIR 07:00-10:45),ASIGNADO,,PTC
3339,48450521,GABRIEL SEGAMA FRANK KENEDY,VIRTUAL,EMPRENDIMIENTO: MODELO DE NEGOCIO,402N,2,102,6,48450521GAB,3339402N2102,AGOSTO,N,VIRTUAL,IV,VIRTUAL,(LUNES),(VIR 18:15-22:45),ASIGNADO,,
3338,9810320,GALLARDO ENCISO ELIANA ALCIRA,VIRTUAL,CONSTITUCIÓN Y ORGANIZACIÓN DE EMPRESAS,403M,1,1094,4,9810320GAL,3338403M11094,AGOSTO,M,VIRTUAL,IV,VIRTUAL,(MARTES),(VIR 07:00-10:00),ASIGNADO,,PPH
3338,44181385,GALLEGOS CONDORI ÓSCAR VÍCTOR,VIRTUAL,TÉCNICAS Y ESTILOS GRÁFICOS,230M,1,2016,12,44181385GAL,3338230M12016,AGOSTO,M,VIRTUAL,II,VIRTUAL,(LUNES)(MIÉRCOLES)(SABADO),(VIR 07:00-10:00)(VIR 07:00-10:00)(VIR 07:00-10:00),ASIGNADO,,PTP
3338,44181385,GALLEGOS CONDORI ÓSCAR VÍCTOR,VIRTUAL,COMPOSICIÓN Y COLOR,127N,2,1999,12,44181385GAL,3338127N21999,AGOSTO,N,VIRTUAL,I,VIRTUAL,(LUNES)(MIÉRCOLES)(SABADO),(VIR 19:00-22:00)(VIR 19:00-22:00)(VIR 19:00-22:00),ASIGNADO,,
3342,44181385,GALLEGOS CONDORI ÓSCAR VÍCTOR,AQP,COMPOSICIÓN Y COLOR,102M,,,6,44181385GAL,3342102M,AGOSTO,M,AQP,I,PRESENCIAL,(MARTES)(JUEVES),(PRE 08:30-10:45)(PRE 08:30-10:45),ASIGNADO,,
3338,9765940,GALLEGOS ESPINOZA JAVIER RODRIGO,ATE,PLANEAMIENTO ESTRATÉGICO,504M,1,1169,12,9765940GAL,3338504M11169,AGOSTO,M,ATE,V,PRESENCIAL,(MIÉRCOLES)(SABADO),(PRE 07:00-11:30)(PRE 07:00-11:30),ASIGNADO,,PTC IN
3338,9765940,GALLEGOS ESPINOZA JAVIER RODRIGO,VIRTUAL,PLANEAMIENTO ESTRATÉGICO,N30N,1,,3,9765940GAL,3338N30N1,AGOSTO,N,VIRTUAL,VI,VIRTUAL,(MARTES),(VIR 19:00-21:15),ASIGNADO,,
3340,70372512,GALLEGOS RUIZ JULIO MOISES,NOR,EXPERIENCIA DEL CLIENTE,212M,1,722,8,70372512GAL,3340212M1722,AGOSTO,M,NOR,II,PRESENCIAL,(MARTES)(VIERNES),(PRE 07:00-10:00)(PRE 07:00-10:00),ASIGNADO,,PPH
3340,70372512,GALLEGOS RUIZ JULIO MOISES,SJL,EXPERIENCIA DEL CLIENTE,211N,1,226,10,70372512GAL,3340211N1226,AGOSTO,N,SJL,II,PRESENCIAL,(LUNES)(MIÉRCOLES),(PRE 19:00-22:45)(PRE 19:00-22:45),ASIGNADO,,
3338,45241446,GALLEGOS VALDIVIA DIANA RAQUEL,VIRTUAL,TALLER DE DISEÑO GRÁFICO PUBLICITARIO,231M,1,,10,45241446GAL,3338231M1,AGOSTO,M,VIRTUAL,II,VIRTUAL,(MIÉRCOLES)(SABADO),(VIR 07:00-10:45)(VIR 07:00-10:45),ASIGNADO,,PTP
3338,45241446,GALLEGOS VALDIVIA DIANA RAQUEL,AQP,EXPERIENCIA FORMATIVA EN SITUACIÓN REAL DE TRABAJO,418M,2,1142,2,45241446GAL,3338418M21142,AGOSTO,M,AQP,IV,PRESENCIAL,(MIÉRCOLES),(PRE 07:00-08:30),ASIGNADO,,PTP
3338,45241446,GALLEGOS VALDIVIA DIANA RAQUEL,VIRTUAL,PRUEBAS DE USUARIO,616D,2,2157,10,45241446GAL,3338616D22157,AGOSTO,D,VIRTUAL,VI,VIRTUAL,(MARTES)(SABADO),(VIR 10:45-14:30)(VIR 10:45-14:30),ASIGNADO,,
3338,45241446,GALLEGOS VALDIVIA DIANA RAQUEL,VIRTUAL,PRUEBAS DE USUARIO,622N,1,1651,10,45241446GAL,3338622N11651,AGOSTO,N,VIRTUAL,VI,VIRTUAL,(LUNES)(SABADO),(VIR 19:00-22:45)(VIR 19:00-22:45),ASIGNADO,,
3338,45241446,GALLEGOS VALDIVIA DIANA RAQUEL,VIRTUAL,MEDIOS NO TRADICIONALES,318N,2,473,8,45241446GAL,3338318N2473,AGOSTO,N,VIRTUAL,III,VIRTUAL,(JUEVES)(SABADO),(VIR 19:45-22:45)(VIR 19:45-22:45),ASIGNADO,,
3334,70180631,GALVEZ  VIZCARDO DIEGO ALONSO,VIRTUAL,COMUNICACIÓN Y GESTIÓN DE LA INFORMACIÓN,103M,2,33,5,70180631GAL,3334103M233,JUNIO,M,VIRTUAL,I,VIRTUAL,(MARTES),(VIR 07:00-10:45),ASIGNADO,,PTP
3334,70180631,GALVEZ  VIZCARDO DIEGO ALONSO,VIRTUAL,COMUNICACIÓN Y GESTIÓN DE LA INFORMACIÓN,101M,2,2,5,70180631GAL,3334101M22,JUNIO,M,VIRTUAL,I,VIRTUAL,(MIÉRCOLES),(VIR 07:00-10:45),ASIGNADO,,PTP
3334,70180631,GALVEZ  VIZCARDO DIEGO ALONSO,VIRTUAL,HERRAMIENTAS DIGITALES PARA LOS NEGOCIOS,202M,2,51,5,70180631GAL,3334202M251,JUNIO,M,VIRTUAL,II,VIRTUAL,(JUEVES),(VIR 07:00-10:45),ASIGNADO,,PTP
3338,70180631,GALVEZ  VIZCARDO DIEGO ALONSO,VIRTUAL,HERRAMIENTAS DIGITALES PARA LOS NEGOCIOS,227M,1,715,5,70180631GAL,3338227M1715,AGOSTO,M,VIRTUAL,II,VIRTUAL,(VIERNES),(VIR 07:00-10:45),ASIGNADO,,PTP
3338,70180631,GALVEZ  VIZCARDO DIEGO ALONSO,VIRTUAL,HERRAMIENTAS DIGITALES E INTELIGENCIA ARTIFICIAL,103N,2,1792,6,70180631GAL,3338103N21792,AGOSTO,N,VIRTUAL,I,VIRTUAL,(LUNES)(MIÉRCOLES),(VIR 19:00-22:00)(VIR 19:00-20:30),ASIGNADO,,
3338,70180631,GALVEZ  VIZCARDO DIEGO ALONSO,VIRTUAL,HERRAMIENTAS DIGITALES E INTELIGENCIA ARTIFICIAL,119N,2,1818,6,70180631GAL,3338119N21818,AGOSTO,N,VIRTUAL,I,VIRTUAL,(MARTES)(VIERNES),(VIR 19:00-20:30)(VIR 19:00-22:00),ASIGNADO,,
3338,45347717,GALVEZ SANCHEZ ALEJANDRA CAROLINA,SJL,TÉCNICAS TRADICIONALES,425M,2,1140,12,45347717GAL,3338425M21140,AGOSTO,M,SJL,IV,PRESENCIAL,(MIÉRCOLES)(VIERNES)(SABADO),(PRE 07:00-10:45)(PRE 07:00-09:15)(PRE 07:45-10:45),ASIGNADO,,PTP
3338,45347717,GALVEZ SANCHEZ ALEJANDRA CAROLINA,VIRTUAL,COMPOSICIÓN Y COLOR,129M,1,2000,12,45347717GAL,3338129M12000,AGOSTO,M,VIRTUAL,I,VIRTUAL,(MARTES)(JUEVES)(SABADO),(VIR 07:45-10:45)(VIR 07:45-10:45)(VIR 07:45-10:45),ASIGNADO,,
3342,45347717,GALVEZ SANCHEZ ALEJANDRA CAROLINA,VIRTUAL,CULTURA VISUAL,102M,,,5,45347717GAL,3342102M,AGOSTO,M,VIRTUAL,I,VIRTUAL,(LUNES),(VIR 07:00-10:45),ASIGNADO,,PTP
3340,8373473,GARAY VASQUEZ NELLY PAULA,VIRTUAL,PERSONAL BRANDING,601N,1,446,4,8373473GAR,3340601N1446,AGOSTO,N,VIRTUAL,VI,VIRTUAL,(MIÉRCOLES),(VIR 19:00-22:00),ASIGNADO,,
3340,8373473,GARAY VASQUEZ NELLY PAULA,VIRTUAL,DESARROLLO PROFESIONAL,116N,2,920,2,8373473GAR,3340116N2920,AGOSTO,N,VIRTUAL,I,VIRTUAL,(MIÉRCOLES),(VIR 19:00-20:30),ASIGNADO,,
3340,8373473,GARAY VASQUEZ NELLY PAULA,VIRTUAL,PERSONAL BRANDING,605N,1,454,4,8373473GAR,3340605N1454,AGOSTO,N,VIRTUAL,VI,VIRTUAL,(JUEVES),(VIR 19:00-22:00),ASIGNADO,,
3340,8373473,GARAY VASQUEZ NELLY PAULA,VIRTUAL,DESARROLLO PROFESIONAL,121N,1,925,2,8373473GAR,3340121N1925,AGOSTO,N,VIRTUAL,I,VIRTUAL,(LUNES),(VIR 20:30-22:00),ASIGNADO,,
3340,8373473,GARAY VASQUEZ NELLY PAULA,VIRTUAL,DESARROLLO PROFESIONAL,117N,,921,2,8373473GAR,3340117N921,AGOSTO,N,VIRTUAL,I,VIRTUAL,(MARTES),(VIR 21:15-22:45),ASIGNADO,,
3342,8373473,GARAY VASQUEZ NELLY PAULA,VIRTUAL,DESARROLLO PROFESIONAL,101M,,,2,8373473GAR,3342101M,AGOSTO,M,VIRTUAL,I,VIRTUAL,(MARTES),(VIR 09:15-10:45),ASIGNADO,,
3338,45871523,GARCÍA  CERVANTES ALBERTO GUILLERMO,VES,TÉCNICAS TRADICIONALES,432M,1,2153,12,45871523GAR,3338432M12153,AGOSTO,M,VES,IV,PRESENCIAL,(LUNES)(MIÉRCOLES)(VIERNES),(PRE 07:00-10:45)(PRE 07:45-10:45)(PRE 08:30-10:45),ASIGNADO,,PTC
3338,45871523,GARCÍA  CERVANTES ALBERTO GUILLERMO,VES,TÉCNICAS Y ESTILOS GRÁFICOS,236M,2,2131,10,45871523GAR,3338236M22131,AGOSTO,M,VES,II,PRESENCIAL,(LUNES)(MIÉRCOLES),(PRE 07:00-10:45)(PRE 07:00-10:45),ASIGNADO,,PTC
3338,45871523,GARCÍA  CERVANTES ALBERTO GUILLERMO,PRC,TÉCNICAS Y ESTILOS GRÁFICOS,207M,2,724,10,45871523GAR,3338207M2724,AGOSTO,M,PRC,II,PRESENCIAL,(MARTES)(JUEVES),(PRE 07:00-10:45)(PRE 07:00-10:45),ASIGNADO,,PTC
3338,45871523,GARCÍA  CERVANTES ALBERTO GUILLERMO,PRC,EXPERIENCIA FORMATIVA EN SITUACIÓN REAL DE TRABAJO,207M,2,,2,45871523GAR,3338207M2,AGOSTO,M,PRC,II,PRESENCIAL,(VIERNES),(PRE 08:30-10:00),ASIGNADO,,
3338,45871523,GARCÍA  CERVANTES ALBERTO GUILLERMO,VIRTUAL,TÉCNICAS Y ESTILOS GRÁFICOS,226N,1,728,12,45871523GAR,3338226N1728,AGOSTO,N,VIRTUAL,II,VIRTUAL,(LUNES)(MIÉRCOLES)(VIERNES),(VIR 19:00-22:00)(VIR 19:00-22:00)(VIR 19:00-22:00),ASIGNADO,,
3338,45871523,GARCÍA  CERVANTES ALBERTO GUILLERMO,VIRTUAL,REDACCIÓN Y STORYTELLING,128N,2,2006,8,45871523GAR,3338128N22006,AGOSTO,N,VIRTUAL,I,VIRTUAL,(MARTES)(JUEVES),(VIR 19:00-22:00)(VIR 19:00-22:00),ASIGNADO,,
3338,29648369,GARCIA HERRERA VICTOR HUGO,AQP,OPERATIVIDAD ADUANERA,218M,2,656,10,29648369GAR,3338218M2656,AGOSTO,M,AQP,II,PRESENCIAL,(LUNES)(MIÉRCOLES),(PRE 07:00-10:45)(PRE 07:00-10:45),ASIGNADO,,PPH
3338,29648369,GARCIA HERRERA VICTOR HUGO,AQP,ESTRTEGIAS DE COMERCIO INTERNACIONAL,615M,2,1444,8,29648369GAR,3338615M21444,AGOSTO,M,AQP,VI,PRESENCIAL,(MARTES)(JUEVES),(PRE 07:00-10:00)(PRE 07:00-10:00),ASIGNADO,,PPH
3338,29648369,GARCIA HERRERA VICTOR HUGO,AQP,GESTIÓN DE LA CALIDAD EN COMERCIO EXTERIOR,509M,1,1191,10,29648369GAR,3338509M11191,AGOSTO,M,AQP,V,PRESENCIAL,(JUEVES)(SABADO),(PRE 07:00-10:45)(PRE 07:00-10:45),ASIGNADO,,PPH
3338,29648369,GARCIA HERRERA VICTOR HUGO,AQP,EXPERIENCIA FORMATIVA EN SITUACIÓN REAL DE TRABAJO,615M,2,1468,2,29648369GAR,3338615M21468,AGOSTO,M,AQP,VI,PRESENCIAL,(SABADO),(PRE 07:00-08:30),ASIGNADO,,PPH
3338,45984096,GARCIA MALAGA DIANA FIORELLA,VIRTUAL,INGLÉS APLICADO A PROYECTOS EMPRESARIALES,416M,2,930,6,45984096GAR,3338416M2930,AGOSTO,M,VIRTUAL,IV,VIRTUAL,(SABADO),(VIR 07:00-11:30),ASIGNADO,,PPH
3338,40009791,GARCIA SALAS PABLO CESAR,VES,EXPERIENCIA DEL CLIENTE,228N,1,2025,10,40009791GAR,3338228N12025,AGOSTO,N,VES,II,PRESENCIAL,(LUNES)(SABADO),(PRE 19:00-22:45)(PRE 19:00-22:45),ASIGNADO,,
3338,40009791,GARCIA SALAS PABLO CESAR,VES,INNOVACIÓN Y DISEÑO CX,420N,2,2046,8,40009791GAR,3338420N22046,AGOSTO,N,VES,IV,PRESENCIAL,(LUNES)(VIERNES),(PRE 19:00-22:00)(PRE 19:00-22:00),ASIGNADO,,
3340,40009791,GARCIA SALAS PABLO CESAR,VES,EXPERIENCIA DEL CLIENTE,216N,1,1067,10,40009791GAR,3340216N11067,AGOSTO,N,VES,II,PRESENCIAL,(MIÉRCOLES)(VIERNES),(PRE 19:00-22:45)(PRE 19:00-22:45),ASIGNADO,,
3338,40058030,GARCIA SALAZAR EDUARDO ANTONIO,VES,BANCA COMERCIAL,232M,1,2020,10,40058030GAR,3338232M12020,AGOSTO,M,VES,II,PRESENCIAL,(LUNES)(MIÉRCOLES),(PRE 07:00-10:45)(PRE 07:00-10:45),ASIGNADO,,PTC
3338,40058030,GARCIA SALAZAR EDUARDO ANTONIO,VIRTUAL,NEGOCIACIÓN COMERCIAL,318M,2,2030,5,40058030GAR,3338318M22030,AGOSTO,M,VIRTUAL,III,VIRTUAL,(LUNES),(VIR 07:00-10:45),ASIGNADO,,PTC
3338,40058030,GARCIA SALAZAR EDUARDO ANTONIO,PRC,FUNDAMENTOS DE LA BANCA COMERCIAL,108M,1,1840,10,40058030GAR,3338108M11840,AGOSTO,M,PRC,I,PRESENCIAL,(MARTES)(VIERNES),(PRE 07:00-10:45)(PRE 07:00-10:45),ASIGNADO,,PTC
3338,40058030,GARCIA SALAZAR EDUARDO ANTONIO,NOR,DISEÑO DE NEGOCIOS DIGITALES PARA EL SECTOR FINANCIERO,611M,2,1308,8,40058030GAR,3338611M21308,AGOSTO,M,NOR,VI,PRESENCIAL,(MARTES)(MIÉRCOLES),(PRE 07:00-10:45)(PRE 08:30-10:45),ASIGNADO,,PTC
3338,40058030,GARCIA SALAZAR EDUARDO ANTONIO,VIRTUAL,PORTAFOLIO DE PRODUCTOS Y SERVICIOS FINANCIEROS,409M,2,879,4,40058030GAR,3338409M2879,AGOSTO,M,VIRTUAL,IV,VIRTUAL,(JUEVES),(VIR 07:00-10:00),ASIGNADO,,PTC
3338,40058030,GARCIA SALAZAR EDUARDO ANTONIO,PRC,EXPERIENCIA FORMATIVA EN SITUACIÓN REAL DE TRABAJO,201M,2,523,2,40058030GAR,3338201M2523,AGOSTO,M,PRC,II,PRESENCIAL,(VIERNES),(PRE 07:00-08:30),ASIGNADO,,PTC
3338,40058030,GARCIA SALAZAR EDUARDO ANTONIO,VIRTUAL,NEGOCIACIÓN COMERCIAL,306N,1,806,5,40058030GAR,3338306N1806,AGOSTO,N,VIRTUAL,III,VIRTUAL,(LUNES),(VIR 19:00-22:45),ASIGNADO,,
3338,40058030,GARCIA SALAZAR EDUARDO ANTONIO,VIRTUAL,NEGOCIACIÓN COMERCIAL,312N,2,808,5,40058030GAR,3338312N2808,AGOSTO,N,VIRTUAL,III,VIRTUAL,(LUNES),(VIR 19:00-22:45),ASIGNADO,,
3338,40058030,GARCIA SALAZAR EDUARDO ANTONIO,VIRTUAL,NEGOCIACIÓN COMERCIAL,310N,1,807,5,40058030GAR,3338310N1807,AGOSTO,N,VIRTUAL,III,VIRTUAL,(JUEVES),(VIR 19:00-22:45),ASIGNADO,,
3338,40058030,GARCIA SALAZAR EDUARDO ANTONIO,VIRTUAL,SOLUCIONES FINANCIERAS CON SOPORTE TECNOLÓGICO,608N,2,1500,5,40058030GAR,3338608N21500,AGOSTO,N,VIRTUAL,VI,VIRTUAL,(JUEVES),(VIR 19:00-22:45),ASIGNADO,,
3338,40058030,GARCIA SALAZAR EDUARDO ANTONIO,VIRTUAL,EXPERIENCIA FORMATIVA EN SITUACIÓN REAL DE TRABAJO,219N,2,323,2,40058030GAR,3338219N2323,AGOSTO,N,VIRTUAL,II,VIRTUAL,(MARTES),(VIR 20:30-22:00),ASIGNADO,,
3338,6771509,GARCÍA SANDOVAL JUAN ANTONIO,PRC,OPERACIONES Y LOGÍSTICA,204N,1,701,12,6771509GAR,3338204N1701,AGOSTO,N,PRC,II,PRESENCIAL,(LUNES)(MIÉRCOLES)(SABADO),(PRE 19:00-22:00)(PRE 19:00-22:00)(PRE 19:00-22:00),ASIGNADO,,
3340,6771509,GARCÍA SANDOVAL JUAN ANTONIO,VIRTUAL,ADMINISTRACIÓN DE OPERACIONES,501N,2,513,10,6771509GAR,3340501N2513,AGOSTO,N,VIRTUAL,V,VIRTUAL,(JUEVES)(SABADO),(VIR 19:00-22:45)(VIR 19:00-22:45),ASIGNADO,,
3338,40498785,GARCIA VEGA ANDREA ALEJANDRINA,VIRTUAL,ESTRATEGIAS DE FIDELIZACIÓN Y RETENCIÓN DE CLIENTES,506N,1,1214,5,40498785GAR,3338506N11214,AGOSTO,N,VIRTUAL,V,VIRTUAL,(VIERNES),(VIR 19:00-22:45),ASIGNADO,,
3340,42566580,GARIBAY CALDERÓN  GARRY PAUL,VIRTUAL,COMPORTAMIENTO DEL CONSUMIDOR,214M,2,681,5,42566580GAR,3340214M2681,AGOSTO,M,VIRTUAL,II,VIRTUAL,(SABADO),(VIR 07:00-10:45),ASIGNADO,,PTP
3340,42566580,GARIBAY CALDERÓN  GARRY PAUL,NOR,FUNDAMENTOS DE MARKETING,122N,1,976,12,42566580GAR,3340122N1976,AGOSTO,N,NOR,I,PRESENCIAL,(JUEVES)(SABADO),(PRE 18:15-22:45)(PRE 18:15-22:45),ASIGNADO,,
3340,42566580,GARIBAY CALDERÓN  GARRY PAUL,VIRTUAL,FUNDAMENTOS DE MARKETING,120N,1,1049,6,42566580GAR,3340120N11049,AGOSTO,N,VIRTUAL,I,VIRTUAL,(VIERNES),(VIR 18:15-22:45),ASIGNADO,,
3340,42566580,GARIBAY CALDERÓN  GARRY PAUL,VIRTUAL,MODELO DE NEGOCIOS DIGITALES,605N,1,467,5,42566580GAR,3340605N1467,AGOSTO,N,VIRTUAL,VI,VIRTUAL,(LUNES),(VIR 19:00-22:45),ASIGNADO,,
3340,42566580,GARIBAY CALDERÓN  GARRY PAUL,VIRTUAL,MARKETING,204N,2,238,4,42566580GAR,3340204N2238,AGOSTO,N,VIRTUAL,II,VIRTUAL,(LUNES),(VIR 19:00-22:00),ASIGNADO,,
3340,42566580,GARIBAY CALDERÓN  GARRY PAUL,VIRTUAL,MARKETING,205N,2,239,4,42566580GAR,3340205N2239,AGOSTO,N,VIRTUAL,II,VIRTUAL,(MARTES),(VIR 19:00-22:00),ASIGNADO,,
3340,42566580,GARIBAY CALDERÓN  GARRY PAUL,VIRTUAL,COMPORTAMIENTO DEL CONSUMIDOR,202N,2,675,5,42566580GAR,3340202N2675,AGOSTO,N,VIRTUAL,II,VIRTUAL,(JUEVES),(VIR 19:00-22:45),ASIGNADO,,
3340,42566580,GARIBAY CALDERÓN  GARRY PAUL,NOR,EXPERIENCIAS FORMATIVAS EN SITUACIONES REALES DE TRABAJO,206N,2,685,2,42566580GAR,3340206N2685,AGOSTO,N,NOR,II,PRESENCIAL,(MIÉRCOLES),(PRE 20:30-22:00),ASIGNADO,,
3338,40952834,GARRIAZO PINEDA ALEXANDER WENCESLAO,SJL,PENSAMIENTO LÓGICO,120N,2,1880,12,40952834GAR,3338120N21880,AGOSTO,N,SJL,I,PRESENCIAL,(LUNES)(MIÉRCOLES)(SABADO),(PRE 19:00-22:45)(PRE 19:00-22:45)(PRE 20:30-22:00),ASIGNADO,,
3338,44050681,GASTELO MISKULIN DELFO TOMISLAV,VIRTUAL,ESTRATEGIA DE VENTAS,211M,1,490,4,44050681GAS,3338211M1490,AGOSTO,M,VIRTUAL,II,VIRTUAL,(LUNES),(VIR 07:00-10:00),ASIGNADO,,PTC
3338,44050681,GASTELO MISKULIN DELFO TOMISLAV,VIRTUAL,SOLUCIONES FINANCIERAS CON SOPORTE TECNOLÓGICO,611M,2,1503,5,44050681GAS,3338611M21503,AGOSTO,M,VIRTUAL,VI,VIRTUAL,(LUNES),(VIR 07:00-10:45),ASIGNADO,,PTC
3338,44050681,GASTELO MISKULIN DELFO TOMISLAV,VIRTUAL,ESTRATEGIA DE VENTAS,232M,1,2018,4,44050681GAS,3338232M12018,AGOSTO,M,VIRTUAL,II,VIRTUAL,(MARTES),(VIR 07:00-10:00),ASIGNADO,,PTC
3338,44050681,GASTELO MISKULIN DELFO TOMISLAV,VIRTUAL,TRANSFORMACIÓN DIGITAL EN LOS NEGOCIOS FINANCIEROS,506M,2,1233,5,44050681GAS,3338506M21233,AGOSTO,M,VIRTUAL,V,VIRTUAL,(MIÉRCOLES),(VIR 07:00-10:45),ASIGNADO,,PTC
3338,44050681,GASTELO MISKULIN DELFO TOMISLAV,VIRTUAL,ESTRATEGIA DE VENTAS,208M,1,488,4,44050681GAS,3338208M1488,AGOSTO,M,VIRTUAL,II,VIRTUAL,(JUEVES),(VIR 07:00-10:00),ASIGNADO,,PTC
3338,44050681,GASTELO MISKULIN DELFO TOMISLAV,VIRTUAL,SOLUCIONES FINANCIERAS CON SOPORTE TECNOLÓGICO,601M,2,1495,5,44050681GAS,3338601M21495,AGOSTO,M,VIRTUAL,VI,VIRTUAL,(JUEVES),(VIR 07:00-10:45),ASIGNADO,,PTC
3338,44050681,GASTELO MISKULIN DELFO TOMISLAV,VIRTUAL,ESTRATEGIA DE VENTAS,224M,1,495,4,44050681GAS,3338224M1495,AGOSTO,M,VIRTUAL,II,VIRTUAL,(VIERNES),(VIR 07:00-10:00),ASIGNADO,,PTC
3338,44050681,GASTELO MISKULIN DELFO TOMISLAV,VIRTUAL,TRANSFORMACIÓN DIGITAL EN LOS NEGOCIOS FINANCIEROS,513M,2,1237,5,44050681GAS,3338513M21237,AGOSTO,M,VIRTUAL,V,VIRTUAL,(VIERNES),(VIR 07:00-10:45),ASIGNADO,,PTC
3338,44050681,GASTELO MISKULIN DELFO TOMISLAV,VIRTUAL,TRANSFORMACIÓN DIGITAL EN LOS NEGOCIOS FINANCIEROS,501M,1,1230,5,44050681GAS,3338501M11230,AGOSTO,M,VIRTUAL,V,VIRTUAL,(SABADO),(VIR 07:00-10:45),ASIGNADO,,PTC
3338,44050681,GASTELO MISKULIN DELFO TOMISLAV,VIRTUAL,SOLUCIONES FINANCIERAS CON SOPORTE TECNOLÓGICO,608T,2,1501,5,44050681GAS,3338608T21501,AGOSTO,T,VIRTUAL,VI,VIRTUAL,(MARTES),(VIR 14:30-18:15),ASIGNADO,,
3338,44050681,GASTELO MISKULIN DELFO TOMISLAV,VIRTUAL,INNOVACIÓN Y DISEÑO CX,416N,1,353,5,44050681GAS,3338416N1353,AGOSTO,N,VIRTUAL,IV,VIRTUAL,(MARTES),(VIR 19:00-22:45),ASIGNADO,,
3338,44050681,GASTELO MISKULIN DELFO TOMISLAV,VIRTUAL,TRANSFORMACIÓN DIGITAL EN LOS NEGOCIOS FINANCIEROS,510N,2,1235,5,44050681GAS,3338510N21235,AGOSTO,N,VIRTUAL,V,VIRTUAL,(MIÉRCOLES),(VIR 19:00-22:45),ASIGNADO,,
3338,44050681,GASTELO MISKULIN DELFO TOMISLAV,VIRTUAL,ESTRATEGIA DE VENTAS,228N,1,2017,4,44050681GAS,3338228N12017,AGOSTO,N,VIRTUAL,II,VIRTUAL,(VIERNES),(VIR 19:00-22:00),ASIGNADO,,
3341,9901115,GAVIDIA MEZA JOSE LUIS,VIRTUAL,CONTABILIDAD,201N,1,102,4,9901115GAV,3341201N1102,AGOSTO,N,VIRTUAL,II,VIRTUAL,(VIERNES),(VIR 19:00-22:00),ASIGNADO,,
3338,10614677,GODENZI ALEGRE HECTOR RICARDO,ATE,HERRAMIENTAS DIGITALES PARA LOS NEGOCIOS,207N,1,639,10,10614677GOD,3338207N1639,AGOSTO,N,ATE,II,PRESENCIAL,(LUNES)(MIÉRCOLES),(PRE 19:00-22:45)(PRE 19:00-22:45),ASIGNADO,,
3338,10614677,GODENZI ALEGRE HECTOR RICARDO,VIRTUAL,HERRAMIENTAS DIGITALES E INTELIGENCIA ARTIFICIAL,109N,2,1804,6,10614677GOD,3338109N21804,AGOSTO,N,VIRTUAL,I,VIRTUAL,(LUNES)(MIÉRCOLES),(VIR 19:00-22:00)(VIR 19:00-20:30),ASIGNADO,,
3338,10614677,GODENZI ALEGRE HECTOR RICARDO,VIRTUAL,HERRAMIENTAS DIGITALES E INTELIGENCIA ARTIFICIAL,126N,2,1828,6,10614677GOD,3338126N21828,AGOSTO,N,VIRTUAL,I,VIRTUAL,(MARTES)(JUEVES),(VIR 20:30-22:00)(VIR 19:00-22:00),ASIGNADO,,
3340,41371752,GOMEZ MOORE CARLOS ALFONSO,VIRTUAL,Administración de Operaciones,801N,1,1147,6,41371752GOM,3340801N11147,AGOSTO,N,VIRTUAL,V,VIRTUAL,(JUEVES)(SABADO),(VIR 18:15-20:30)(VIR 18:15-20:30),ASIGNADO,,
3336,71526615,GOMEZ VIDALON HAROLD BENITO,VIRTUAL,EXPERIENCIAS FORMATIVAS EN SITUACIONES REALES DE TRABAJO,202M,2,59,2,71526615GOM,3336202M259,JUNIO,M,VIRTUAL,II,VIRTUAL,(JUEVES),(VIR 07:00-08:30),ASIGNADO,,PPH
3338,71526615,GOMEZ VIDALON HAROLD BENITO,VIRTUAL,EXPERIENCIA FORMATIVA EN SITUACIÓN REAL DE TRABAJO,628M,2,404,2,71526615GOM,3338628M2404,AGOSTO,M,VIRTUAL,VI,VIRTUAL,(MIÉRCOLES),(VIR 08:30-10:00),ASIGNADO,,
3338,71526615,GOMEZ VIDALON HAROLD BENITO,VIRTUAL,OPERACIONES Y LOGÍSTICA,223N,2,381,8,71526615GOM,3338223N2381,AGOSTO,N,VIRTUAL,II,VIRTUAL,(MARTES)(JUEVES),(VIR 19:00-22:00)(VIR 19:00-22:00),ASIGNADO,,
3338,71526615,GOMEZ VIDALON HAROLD BENITO,VIRTUAL,EXPERIENCIA FORMATIVA EN SITUACIÓN REAL DE TRABAJO,223N,2,377,2,71526615GOM,3338223N2377,AGOSTO,N,VIRTUAL,II,VIRTUAL,(MIÉRCOLES),(VIR 20:30-22:00),ASIGNADO,,
3340,71526615,GOMEZ VIDALON HAROLD BENITO,NOR,PROCESOS EMPRESARIALES,210M,1,275,10,71526615GOM,3340210M1275,AGOSTO,M,NOR,II,PRESENCIAL,(LUNES)(MIÉRCOLES),(PRE 07:00-10:45)(PRE 07:00-10:45),ASIGNADO,,PPH
3340,71526615,GOMEZ VIDALON HAROLD BENITO,SJL,EXPERIENCIAS FORMATIVAS EN SITUACIONES REALES DE TRABAJO,410M,2,376,2,71526615GOM,3340410M2376,AGOSTO,M,SJL,IV,PRESENCIAL,(MARTES),(PRE 08:30-10:00),ASIGNADO,,
3340,71526615,GOMEZ VIDALON HAROLD BENITO,VIRTUAL,Gerencia estratégica,801N,1,1143,6,71526615GOM,3340801N11143,AGOSTO,N,VIRTUAL,VII,VIRTUAL,(JUEVES)(SABADO),(VIR 18:15-20:30)(VIR 18:15-20:30),ASIGNADO,,
3341,71526615,GOMEZ VIDALON HAROLD BENITO,VIRTUAL,EXPERIENCIAS FORMATIVAS EN SITUACIONES REALES DE TRABAJO,202N,2,112,2,71526615GOM,3341202N2112,AGOSTO,N,VIRTUAL,II,VIRTUAL,(LUNES),(VIR 19:00-20:30),ASIGNADO,,
3341,71526615,GOMEZ VIDALON HAROLD BENITO,VIRTUAL,EXPERIENCIAS FORMATIVAS EN SITUACIONES REALES DE TRABAJO,203N,2,113,2,71526615GOM,3341203N2113,AGOSTO,N,VIRTUAL,II,VIRTUAL,(LUNES),(VIR 20:30-22:00),ASIGNADO,,
3340,45338920,GONZALES CHOMBA WILFREDO RICARDO,SJL,DESARROLLO Y SOPORTE DE APLICACIONES MULTIPLATAFORMA,213M,1,737,10,45338920GON,3340213M1737,AGOSTO,M,SJL,II,PRESENCIAL,(MIÉRCOLES)(SABADO),(PRE 07:00-10:45)(PRE 07:00-10:45),ASIGNADO,,PPH
3334,42048882,GONZALES CONCHA RICARDO RODOLFO,VIRTUAL,ADMINISTRACIÓN DE NEGOCIOS,105N,2,75,4,42048882GON,3334105N275,JUNIO,N,VIRTUAL,I,VIRTUAL,(SABADO),(VIR 19:00-22:00),ASIGNADO,,
3342,42048882,GONZALES CONCHA RICARDO RODOLFO,AQP,PENSAMIENTO LÓGICO,101M,,,6,42048882GON,3342101M,AGOSTO,M,AQP,I,PRESENCIAL,(MIÉRCOLES)(VIERNES),(PRE 08:30-10:45)(PRE 08:30-10:45),ASIGNADO,,
3338,41899295,GONZALES IDROGO OSCAR FERNANDO,VIRTUAL,CIERRE CONTABLE TRIBUTARIO,507N,2,1271,6,41899295GON,3338507N21271,AGOSTO,N,VIRTUAL,V,VIRTUAL,(JUEVES)(SABADO),(VIR 19:00-22:00)(VIR 19:00-20:30),ASIGNADO,,
3338,41438598,GRANADOS SOLIS JULIO,SJL,EXPERIENCIA DEL CLIENTE,217N,1,569,10,41438598GRA,3338217N1569,AGOSTO,N,SJL,II,PRESENCIAL,(MARTES)(VIERNES),(PRE 19:00-22:45)(PRE 19:00-22:45),ASIGNADO,,
3338,41438598,GRANADOS SOLIS JULIO,SJL,EXPERIENCIA DEL CLIENTE,215N,2,567,10,41438598GRA,3338215N2567,AGOSTO,N,SJL,II,PRESENCIAL,(MARTES)(JUEVES),(PRE 19:00-22:45)(PRE 19:00-22:45),ASIGNADO,,
3338,41438598,GRANADOS SOLIS JULIO,SJL,EXPERIENCIA DEL CLIENTE,213N,2,609,10,41438598GRA,3338213N2609,AGOSTO,N,SJL,II,PRESENCIAL,(MIÉRCOLES)(SABADO),(PRE 19:00-22:45)(PRE 19:00-22:45),ASIGNADO,,
3340,41438598,GRANADOS SOLIS JULIO,SJL,EXPERIENCIA DEL CLIENTE,215M,1,228,10,41438598GRA,3340215M1228,AGOSTO,M,SJL,II,PRESENCIAL,(LUNES)(JUEVES),(PRE 07:00-10:45)(PRE 07:00-10:45),ASIGNADO,,PPH
3338,9258711,GUANILO ARANDA CLARA ELVADINA,PRC,PENSAMIENTO LÓGICO,131M,1,1887,12,9258711GUA,3338131M11887,AGOSTO,M,PRC,I,PRESENCIAL,(LUNES)(JUEVES)(SABADO),(PRE 08:30-10:00)(PRE 07:00-10:45)(PRE 07:00-10:45),ASIGNADO,,PTC IN
3338,9258711,GUANILO ARANDA CLARA ELVADINA,PRC,PENSAMIENTO LÓGICO,103N,2,1854,12,9258711GUA,3338103N21854,AGOSTO,N,PRC,I,PRESENCIAL,(MARTES)(JUEVES)(VIERNES),(PRE 19:00-22:45)(PRE 20:30-22:00)(PRE 19:00-22:45),ASIGNADO,,
3338,10139551,GUARDIA GARCIA JUAN LUIS,PRC,CONTROL DE DESPACHO,203N,2,614,10,10139551GUA,3338203N2614,AGOSTO,N,PRC,II,PRESENCIAL,(LUNES)(VIERNES),(PRE 18:15-22:45)(PRE 18:15-21:15),ASIGNADO,,
3338,10139551,GUARDIA GARCIA JUAN LUIS,PRC,EXPERIENCIA FORMATIVA EN SITUACIÓN REAL DE TRABAJO,403N,2,1055,2,10139551GUA,3338403N21055,AGOSTO,N,PRC,IV,PRESENCIAL,(JUEVES),(PRE 20:30-22:00),ASIGNADO,,
3340,9335213,GUERRERO LAZARO MARCO ANTONIO,ATE,PROCESOS EMPRESARIALES,204N,1,270,10,9335213GUE,3340204N1270,AGOSTO,N,ATE,II,PRESENCIAL,(MARTES)(JUEVES),(PRE 19:00-22:45)(PRE 19:00-22:45),ASIGNADO,,
3340,6769906,GUTIERREZ FLORES JENNY MILAGROS,AQP,PLANEAMIENTO ESTRATÉGICO,508M,1,330,12,6769906GUT,3340508M1330,AGOSTO,M,AQP,V,PRESENCIAL,(LUNES)(MIÉRCOLES),(PRE 07:00-11:30)(PRE 07:00-11:30),ASIGNADO,,PTC IN
3338,47724257,GUTIERREZ OYOLA ABIGAIL THALIA,NOR,SUPPLY CHAIN MANAGEMENT,409N,2,1086,10,47724257GUT,3338409N21086,AGOSTO,N,NOR,IV,PRESENCIAL,(MARTES)(JUEVES),(PRE 19:00-22:45)(PRE 19:00-22:45),ASIGNADO,,
3338,47724257,GUTIERREZ OYOLA ABIGAIL THALIA,NOR,GESTIÓN DE ALMACENES,611N,1,1452,8,47724257GUT,3338611N11452,AGOSTO,N,NOR,VI,PRESENCIAL,(MIÉRCOLES)(SABADO),(PRE 19:00-21:15)(PRE 19:00-22:45),ASIGNADO,,
3338,44700168,GUTIERREZ OYOLA NOHELIA CRISTINA,PRC,ESTRATEGIAS DE COMERCIO INTERNACIONAL,604M,2,1435,8,44700168GUT,3338604M21435,AGOSTO,M,PRC,VI,PRESENCIAL,(MARTES)(JUEVES),(PRE 07:00-10:00)(PRE 07:00-10:00),ASIGNADO,,PPH
3338,29213844,GUZMÁN AKAO HUGO ANÍBAL,AQP,ÉTICA EN LOS NEGOCIOS,509M,1,1185,6,29213844GUZ,3338509M11185,AGOSTO,M,AQP,V,PRESENCIAL,(LUNES)(MIÉRCOLES),(PRE 07:00-09:15)(PRE 09:15-11:30),ASIGNADO,,PTC
3338,29213844,GUZMÁN AKAO HUGO ANÍBAL,VIRTUAL,DESARROLLO PROFESIONAL,115M,1,1744,2,29213844GUZ,3338115M11744,AGOSTO,M,VIRTUAL,I,VIRTUAL,(MARTES),(VIR 07:00-08:30),ASIGNADO,,PTC
3338,29213844,GUZMÁN AKAO HUGO ANÍBAL,AQP,EXPERIENCIA FORMATIVA EN SITUACIÓN REAL DE TRABAJO,618M,2,1592,2,29213844GUZ,3338618M21592,AGOSTO,M,AQP,VI,PRESENCIAL,(MIÉRCOLES),(PRE 07:00-08:30),ASIGNADO,,PTC
3338,29213844,GUZMÁN AKAO HUGO ANÍBAL,AQP,DESARROLLO PROFESIONA,123M,2,1911,4,29213844GUZ,3338123M21911,AGOSTO,M,AQP,I,PRESENCIAL,(LUNES),(PRE 08:30-11:30),ASIGNADO,,
3338,29213844,GUZMÁN AKAO HUGO ANÍBAL,AQP,ADMINISTRACIÓN DE NEGOCIOS,123M,2,1898,10,29213844GUZ,3338123M21898,AGOSTO,M,AQP,I,PRESENCIAL,(MARTES)(JUEVES),(PRE 08:30-12:15)(PRE 08:30-12:15),ASIGNADO,,
3338,29213844,GUZMÁN AKAO HUGO ANÍBAL,VIRTUAL,ADMINISTRACIÓN DE PERSONAL,417N,2,1113,4,29213844GUZ,3338417N21113,AGOSTO,N,VIRTUAL,IV,VIRTUAL,(LUNES),(VIR 19:00-22:00),ASIGNADO,,
3338,29213844,GUZMÁN AKAO HUGO ANÍBAL,VIRTUAL,PLANEAMIENTO ESTRATÉGICO,515N,1,387,10,29213844GUZ,3338515N1387,AGOSTO,N,VIRTUAL,V,VIRTUAL,(MARTES)(JUEVES),(VIR 19:00-22:45)(VIR 19:00-22:45),ASIGNADO,,
3338,29213844,GUZMÁN AKAO HUGO ANÍBAL,VIRTUAL,ÉTICA EN LOS NEGOCIOS,514N,2,1263,3,29213844GUZ,3338514N21263,AGOSTO,N,VIRTUAL,V,VIRTUAL,(MARTES),(VIR 19:00-21:15),ASIGNADO,,
3338,29213844,GUZMÁN AKAO HUGO ANÍBAL,VIRTUAL,DESARROLLO PROFESIONAL,129N,1,1767,2,29213844GUZ,3338129N11767,AGOSTO,N,VIRTUAL,I,VIRTUAL,(MIÉRCOLES),(VIR 19:00-20:30),ASIGNADO,,
3338,29213844,GUZMÁN AKAO HUGO ANÍBAL,VIRTUAL,DESARROLLO PROFESIONAL,118N,2,1749,2,29213844GUZ,3338118N21749,AGOSTO,N,VIRTUAL,I,VIRTUAL,(MIÉRCOLES),(VIR 19:00-20:30),ASIGNADO,,
3338,29213844,GUZMÁN AKAO HUGO ANÍBAL,VIRTUAL,DESARROLLO PROFESIONAL-DNI-46151640-PORTILLA RICRA JACKELINE ANAID,127N,2,1763,2,29213844GUZ,3338127N21763,AGOSTO,N,VIRTUAL,I,VIRTUAL,(JUEVES),(VIR 19:00-20:30),ASIGNADO,,
3338,29213844,GUZMÁN AKAO HUGO ANÍBAL,VIRTUAL,DESARROLLO PROFESIONAL,107N,2,1733,2,29213844GUZ,3338107N21733,AGOSTO,N,VIRTUAL,I,VIRTUAL,(VIERNES),(VIR 20:30-22:00),ASIGNADO,,
3339,29213844,GUZMÁN AKAO HUGO ANÍBAL,VIRTUAL,DESARROLLO PROFESIONAL,103M,1,205,2,29213844GUZ,3339103M1205,AGOSTO,M,VIRTUAL,I,VIRTUAL,(VIERNES),(VIR 07:00-08:30),ASIGNADO,,PTC
3339,29213844,GUZMÁN AKAO HUGO ANÍBAL,VIRTUAL,DESARROLLO PROFESIONAL,101M,1,201,2,29213844GUZ,3339101M1201,AGOSTO,M,VIRTUAL,I,VIRTUAL,(VIERNES),(VIR 08:30-10:00),ASIGNADO,,
3339,29213844,GUZMÁN AKAO HUGO ANÍBAL,VIRTUAL,ADMINISTRACIÓN DE NEGOCIOS,102N,1,194,5,29213844GUZ,3339102N1194,AGOSTO,N,VIRTUAL,I,VIRTUAL,(LUNES)(VIERNES),(VIR 19:00-21:15)(VIR 19:00-20:30),ASIGNADO,,
3338,25623251,GUZMAN ESPINOZA WILLY CESAR,NOR,CONTABILIDAD,307M,2,791,10,25623251GUZ,3338307M2791,AGOSTO,M,NOR,III,PRESENCIAL,(MARTES)(VIERNES),(PRE 07:00-10:45)(PRE 07:00-10:45),ASIGNADO,,PTD
3338,25623251,GUZMAN ESPINOZA WILLY CESAR,NOR,CONTABILIDAD,211M,1,517,10,25623251GUZ,3338211M1517,AGOSTO,M,NOR,II,PRESENCIAL,(MIÉRCOLES)(SABADO),(PRE 07:00-10:45)(PRE 07:00-10:45),ASIGNADO,,PTD
3338,25623251,GUZMAN ESPINOZA WILLY CESAR,NOR,CONTABILIDAD,209N,1,516,10,25623251GUZ,3338209N1516,AGOSTO,N,NOR,II,PRESENCIAL,(LUNES)(SABADO),(PRE 19:00-22:45)(PRE 19:00-22:45),ASIGNADO,,
3338,25623251,GUZMAN ESPINOZA WILLY CESAR,NOR,ANÁLISIS E INTERPRETACIÓN DE ESTADOS FINANCIEROS,609N,2,1376,10,25623251GUZ,3338609N21376,AGOSTO,N,NOR,VI,PRESENCIAL,(MARTES)(VIERNES),(PRE 19:00-22:45)(PRE 19:00-22:45),ASIGNADO,,
3338,25623251,GUZMAN ESPINOZA WILLY CESAR,NOR,FORMULACIÓN DE ESTADOS FINANCIEROS,507N,1,1253,10,25623251GUZ,3338507N11253,AGOSTO,N,NOR,V,PRESENCIAL,(MIÉRCOLES)(VIERNES),(PRE 19:00-22:45)(PRE 19:00-22:45),ASIGNADO,,
3338,25623251,GUZMAN ESPINOZA WILLY CESAR,NOR,CONTABILIDAD,307N,2,792,10,25623251GUZ,3338307N2792,AGOSTO,N,NOR,III,PRESENCIAL,(JUEVES)(SABADO),(PRE 19:00-22:45)(PRE 19:00-22:45),ASIGNADO,,
3339,25623251,GUZMAN ESPINOZA WILLY CESAR,VIRTUAL,CONTABILIDAD,301M,1,80,5,25623251GUZ,3339301M180,AGOSTO,M,VIRTUAL,III,VIRTUAL,(LUNES),(VIR 07:00-10:45),ASIGNADO,,PTD
3339,25623251,GUZMAN ESPINOZA WILLY CESAR,VIRTUAL,NUEVAS TENDENCIAS EN CONTABILIDAD--1,C03M,2,245,2,25623251GUZ,3339C03M2245,AGOSTO,M,VIRTUAL,,VIRTUAL,(MIÉRCOLES),(VIR 07:00-08:30),ASIGNADO,,PTD
3339,25623251,GUZMAN ESPINOZA WILLY CESAR,VIRTUAL,EXPERIENCIA FORMATIVA EN SITUACIÓN REAL DE TRABAJO,202M,2,145,2,25623251GUZ,3339202M2145,AGOSTO,M,VIRTUAL,II,VIRTUAL,(LUNES),(VIR 08:30-10:00),ASIGNADO,,
3339,25623251,GUZMAN ESPINOZA WILLY CESAR,VIRTUAL,EXPERIENCIA FORMATIVA EN SITUACIÓN REAL DE TRABAJO,402M,2,175,2,25623251GUZ,3339402M2175,AGOSTO,M,VIRTUAL,IV,VIRTUAL,(MIÉRCOLES),(VIR 10:00-11:30),ASIGNADO,,
3339,25623251,GUZMAN ESPINOZA WILLY CESAR,VIRTUAL,CONTABILIDAD,301N,1,81,5,25623251GUZ,3339301N181,AGOSTO,N,VIRTUAL,III,VIRTUAL,(MARTES),(VIR 19:00-22:45),ASIGNADO,,
3339,25623251,GUZMAN ESPINOZA WILLY CESAR,VIRTUAL,EXPERIENCIA FORMATIVA EN SITUACIÓN REAL DE TRABAJO,203N,2,146,2,25623251GUZ,3339203N2146,AGOSTO,N,VIRTUAL,II,VIRTUAL,(LUNES),(VIR 19:45-21:15),ASIGNADO,,
3339,25623251,GUZMAN ESPINOZA WILLY CESAR,VIRTUAL,EXPERIENCIA FORMATIVA EN SITUACIÓN REAL DE TRABAJO,403N,2,176,2,25623251GUZ,3339403N2176,AGOSTO,N,VIRTUAL,IV,VIRTUAL,(LUNES),(VIR 21:15-22:45),ASIGNADO,,
3338,46446266,HEREDIA MENDOZA ERIC ALBERTO,VIRTUAL,GESTIÓN EMPRESARIAL BASADA EN BI,517M,2,1686,10,46446266HER,3338517M21686,AGOSTO,M,VIRTUAL,V,VIRTUAL,(LUNES)(JUEVES),(VIR 07:00-10:45)(VIR 07:00-10:45),ASIGNADO,,PTC
3338,46446266,HEREDIA MENDOZA ERIC ALBERTO,VIRTUAL,BIG DATA APLICADA A LOS NEGOCIOS,313M,1,817,5,46446266HER,3338313M1817,AGOSTO,M,VIRTUAL,III,VIRTUAL,(MIÉRCOLES),(VIR 07:00-10:45),ASIGNADO,,PTC
3338,46446266,HEREDIA MENDOZA ERIC ALBERTO,VIRTUAL,BIG DATA APLICADA A LOS NEGOCIOS,301M,1,812,5,46446266HER,3338301M1812,AGOSTO,M,VIRTUAL,III,VIRTUAL,(VIERNES),(VIR 07:00-10:45),ASIGNADO,,PTC
3338,46446266,HEREDIA MENDOZA ERIC ALBERTO,VIRTUAL,HERRAMIENTAS DIGITALES PARA LOS NEGOCIOS,203M,1,677,5,46446266HER,3338203M1677,AGOSTO,M,VIRTUAL,II,VIRTUAL,(SABADO),(VIR 07:00-10:45),ASIGNADO,,PTC
3338,46446266,HEREDIA MENDOZA ERIC ALBERTO,VIRTUAL,BIG DATA APLICADA A LOS NEGOCIOS,308N,1,814,5,46446266HER,3338308N1814,AGOSTO,N,VIRTUAL,III,VIRTUAL,(VIERNES),(VIR 19:00-22:45),ASIGNADO,,
3338,46446266,HEREDIA MENDOZA ERIC ALBERTO,VIRTUAL,BIG DATA APLICADA A LOS NEGOCIOS,317N,2,821,5,46446266HER,3338317N2821,AGOSTO,N,VIRTUAL,III,VIRTUAL,(VIERNES),(VIR 19:00-22:45),ASIGNADO,,
3338,46446266,HEREDIA MENDOZA ERIC ALBERTO,VIRTUAL,BIG DATA APLICADA A LOS NEGOCIOS,312N,2,816,5,46446266HER,3338312N2816,AGOSTO,N,VIRTUAL,III,VIRTUAL,(SABADO),(VIR 19:00-22:45),ASIGNADO,,
3339,46446266,HEREDIA MENDOZA ERIC ALBERTO,VIRTUAL,HERRAMIENTAS DIGITALES PARA LOS NEGOCIOS,202M,1,129,5,46446266HER,3339202M1129,AGOSTO,M,VIRTUAL,II,VIRTUAL,(LUNES),(VIR 07:00-10:45),ASIGNADO,,PTC
3339,46446266,HEREDIA MENDOZA ERIC ALBERTO,VIRTUAL,BIG DATA APLICADA A LOS NEGOCIOS,301N,2,71,5,46446266HER,3339301N271,AGOSTO,N,VIRTUAL,III,VIRTUAL,(MARTES),(VIR 19:00-22:45),ASIGNADO,,
3336,45689320,HERNANDEZ DIAZ GILBERTO,VIRTUAL,COMUNICACIÓN Y GESTIÓN DE LA INFORMACIÓN,101N,2,3,5,45689320HER,3336101N23,JUNIO,N,VIRTUAL,I,VIRTUAL,(MARTES),(VIR 19:00-22:45),ASIGNADO,,
3336,45689320,HERNANDEZ DIAZ GILBERTO,VIRTUAL,HERRAMIENTAS DIGITALES PARA LOS NEGOCIOS,204N,2,51,5,45689320HER,3336204N251,JUNIO,N,VIRTUAL,II,VIRTUAL,(SABADO),(VIR 19:00-22:45),ASIGNADO,,
3337,45689320,HERNANDEZ DIAZ GILBERTO,VIRTUAL,COMUNICACIÓN Y GESTIÓN DE LA INFORMACIÓN,101N,2,11,5,45689320HER,3337101N211,JUNIO,N,VIRTUAL,I,VIRTUAL,(MIÉRCOLES),(VIR 19:00-22:45),ASIGNADO,,
3338,45689320,HERNANDEZ DIAZ GILBERTO,VIRTUAL,HERRAMIENTAS DIGITALES E INTELIGENCIA ARTIFICIAL,129N,2,1834,6,45689320HER,3338129N21834,AGOSTO,N,VIRTUAL,I,VIRTUAL,(LUNES)(SABADO),(VIR 19:00-22:00)(VIR 19:00-20:30),ASIGNADO,,
3338,45689320,HERNANDEZ DIAZ GILBERTO,VIRTUAL,HERRAMIENTAS DIGITALES E INTELIGENCIA ARTIFICIAL,107N,2,1800,6,45689320HER,3338107N21800,AGOSTO,N,VIRTUAL,I,VIRTUAL,(MIÉRCOLES)(VIERNES),(VIR 19:00-22:00)(VIR 19:00-20:30),ASIGNADO,,
3338,45689320,HERNANDEZ DIAZ GILBERTO,VIRTUAL,HERRAMIENTAS DIGITALES E INTELIGENCIA ARTIFICIAL,111N,2,1806,6,45689320HER,3338111N21806,AGOSTO,N,VIRTUAL,I,VIRTUAL,(MARTES)(JUEVES),(VIR 20:30-22:00)(VIR 19:00-22:00),ASIGNADO,,
3334,43923822,HERRERA CARHUARICRA MICHAEL ALCIDES,VIRTUAL,RECURSOS HUMANOS,105N,2,79,5,43923822HER,3334105N279,JUNIO,N,VIRTUAL,I,VIRTUAL,(MARTES),(VIR 19:00-22:45),ASIGNADO,,
3338,43923822,HERRERA CARHUARICRA MICHAEL ALCIDES,VIRTUAL,RECURSOS HUMANOS,C04M,1,2166,2,43923822HER,3338C04M12166,AGOSTO,M,VIRTUAL,I,VIRTUAL,(JUEVES),(VIR 07:00-08:30),ASIGNADO,,PTP
3338,43923822,HERRERA CARHUARICRA MICHAEL ALCIDES,VIRTUAL,DESARROLLO PROFESIONAL,127M,1,1762,2,43923822HER,3338127M11762,AGOSTO,M,VIRTUAL,I,VIRTUAL,(SABADO),(VIR 07:00-08:30),ASIGNADO,,PTP
3338,43923822,HERRERA CARHUARICRA MICHAEL ALCIDES,SJL,DESARROLLO PROFESIONAL,116N,2,1910,4,43923822HER,3338116N21910,AGOSTO,N,SJL,I,PRESENCIAL,(MARTES),(PRE 19:00-22:00),ASIGNADO,,
3338,43923822,HERRERA CARHUARICRA MICHAEL ALCIDES,VIRTUAL,DESARROLLO PROFESIONAL,125N,2,1760,2,43923822HER,3338125N21760,AGOSTO,N,VIRTUAL,I,VIRTUAL,(SABADO),(VIR 19:00-20:30),ASIGNADO,,
3338,43923822,HERRERA CARHUARICRA MICHAEL ALCIDES,VIRTUAL,DESARROLLO PROFESIONAL,122N,2,1757,2,43923822HER,3338122N21757,AGOSTO,N,VIRTUAL,I,VIRTUAL,(JUEVES),(VIR 20:30-22:00),ASIGNADO,,
3339,43923822,HERRERA CARHUARICRA MICHAEL ALCIDES,VIRTUAL,DESARROLLO PROFESIONAL,106N,2,210,2,43923822HER,3339106N2210,AGOSTO,N,VIRTUAL,I,VIRTUAL,(VIERNES),(VIR 19:00-20:30),ASIGNADO,,
3340,43923822,HERRERA CARHUARICRA MICHAEL ALCIDES,VIRTUAL,ADMINISTRACIÓN DE PERSONAL,406M,2,533,5,43923822HER,3340406M2533,AGOSTO,M,VIRTUAL,IV,VIRTUAL,(SABADO),(VIR 07:00-10:45),ASIGNADO,,PTP
3341,43923822,HERRERA CARHUARICRA MICHAEL ALCIDES,VIRTUAL,ADMINISTRACIÓN DE PERSONAL,402N,1,56,5,43923822HER,3341402N156,AGOSTO,N,VIRTUAL,IV,VIRTUAL,(LUNES),(VIR 19:00-22:45),ASIGNADO,,
3341,43923822,HERRERA CARHUARICRA MICHAEL ALCIDES,VIRTUAL,DESARROLLO PROFESIONAL,101N,1,130,2,43923822HER,3341101N1130,AGOSTO,N,VIRTUAL,I,VIRTUAL,(VIERNES),(VIR 20:30-22:00),ASIGNADO,,
3342,43923822,HERRERA CARHUARICRA MICHAEL ALCIDES,ATE,DESARROLLO PROFESIONAL,101N,2,25,4,43923822HER,3342101N225,SETIEMBRE,N,ATE,I,PRESENCIAL,(MIÉRCOLES),(PRE 19:00-22:00),ASIGNADO,,
3338,29519660,HERRERA ESPINOZA ROCIO NOEMI,AQP,EMPRENDIMIENTO: PROYECTO INTEGRADOR,620M,1,,12,29519660HER,3338620M1,AGOSTO,M,AQP,VI,PRESENCIAL,(MARTES)(SABADO),(PRE 07:00-11:30)(PRE 07:00-11:30),ASIGNADO,,PTC IN
3338,29519660,HERRERA ESPINOZA ROCIO NOEMI,VIRTUAL,EMPRENDIMIENTO: PROYECTO INTEGRADOR,620N,1,399,6,29519660HER,3338620N1399,AGOSTO,N,VIRTUAL,VI,VIRTUAL,(MIÉRCOLES),(VIR 18:15-22:45),ASIGNADO,,
3338,29519660,HERRERA ESPINOZA ROCIO NOEMI,VIRTUAL,MODELO DE NEGOCIO,410N,1,1132,4,29519660HER,3338410N11132,AGOSTO,N,VIRTUAL,IV,VIRTUAL,(JUEVES),(VIR 19:00-22:00),ASIGNADO,,
3338,29519660,HERRERA ESPINOZA ROCIO NOEMI,VIRTUAL,CREATIVIDAD E INNOVACIÓN,316N,1,419,5,29519660HER,3338316N1419,AGOSTO,N,VIRTUAL,III,VIRTUAL,(VIERNES),(VIR 19:00-22:45),ASIGNADO,,
3337,48075720,HERRERA LEÓN SOFIA TIFANI,VIRTUAL,NUEVAS TENDENCIAS EN ADMINISTRACIÓN DE EMPRESAS,102N,2,9,4,48075720HER,3337102N29,JUNIO,N,VIRTUAL,I,VIRTUAL,(VIERNES),(VIR 19:00-22:00),ASIGNADO,,
3338,6547891,HIDALGO SANCHEZ WALDEMAR GUILLERMO,PRC,EMPRENDIMIENTO: PROYECTO INTEGRADOR,602N,1,1415,12,6547891HID,3338602N11415,AGOSTO,N,PRC,VI,PRESENCIAL,(MIÉRCOLES)(VIERNES),(PRE 18:15-22:45)(PRE 18:15-22:45),ASIGNADO,,
3338,6547891,HIDALGO SANCHEZ WALDEMAR GUILLERMO,VIRTUAL,CREATIVIDAD E INNOVACIÓN,318N,1,420,5,6547891HID,3338318N1420,AGOSTO,N,VIRTUAL,III,VIRTUAL,(MARTES),(VIR 19:00-22:45),ASIGNADO,,
3339,6547891,HIDALGO SANCHEZ WALDEMAR GUILLERMO,VIRTUAL,EMPRENDIMIENTO: PROYECTO INTEGRADOR,602N,2,113,6,6547891HID,3339602N2113,AGOSTO,N,VIRTUAL,VI,VIRTUAL,(LUNES),(VIR 18:15-22:45),ASIGNADO,,
3340,6547891,HIDALGO SANCHEZ WALDEMAR GUILLERMO,PRC,CREATIVIDAD E INNOVACIÓN,301M,2,310,8,6547891HID,3340301M2310,AGOSTO,M,PRC,III,PRESENCIAL,(JUEVES)(SABADO),(PRE 07:00-10:00)(PRE 07:00-10:00),ASIGNADO,,PTP
3341,6547891,HIDALGO SANCHEZ WALDEMAR GUILLERMO,VIRTUAL,METODOLOGÍAS ÁGILES PARA LA INNOVACIÓN,402N,2,65,5,6547891HID,3341402N265,AGOSTO,N,VIRTUAL,IV,VIRTUAL,(VIERNES),(VIR 19:00-22:45),ASIGNADO,,
3338,10268351,HIGINIO CHIMA ROBERT JOHN,VIRTUAL,OPERACIONES Y LOGÍSTICA,222N,1,380,8,10268351HIG,3338222N1380,AGOSTO,N,VIRTUAL,II,VIRTUAL,(LUNES)(SABADO),(VIR 19:00-22:00)(VIR 19:00-22:00),ASIGNADO,,
3340,10268351,HIGINIO CHIMA ROBERT JOHN,AQP,GESTIÓN DE PROCESOS DE MEJORA CONTINUA,412M,1,364,10,10268351HIG,3340412M1364,AGOSTO,M,AQP,IV,PRESENCIAL,(LUNES)(JUEVES),(PRE 07:00-10:45)(PRE 07:00-10:45),ASIGNADO,,PPH
3340,10268351,HIGINIO CHIMA ROBERT JOHN,AQP,EXPERIENCIAS FORMATIVAS EN SITUACIONES REALES DE TRABAJO,412M,2,378,2,10268351HIG,3340412M2378,AGOSTO,M,AQP,IV,PRESENCIAL,(SABADO),(PRE 08:30-10:00),ASIGNADO,,
3341,10268351,HIGINIO CHIMA ROBERT JOHN,VIRTUAL,GESTIÓN DE PROCESOS DE MEJORA CONTINUA,403N,2,69,5,10268351HIG,3341403N269,AGOSTO,N,VIRTUAL,IV,VIRTUAL,(VIERNES),(VIR 19:00-22:45),ASIGNADO,,
3338,6644363,HINOJOSA BENAVIDES JORGE ALBERTO,PRC,EMPRENDIMIENTO: PLAN DE DESARROLLO DEL NEGOCIO,501M,1,1145,10,6644363HIN,3338501M11145,AGOSTO,M,PRC,V,PRESENCIAL,(MARTES)(VIERNES),(PRE 07:00-10:45)(PRE 07:00-10:45),ASIGNADO,,PTP
3338,6644363,HINOJOSA BENAVIDES JORGE ALBERTO,NOR,EMPRENDIMIENTO: MODELO DE NEGOCIO,404T,1,1029,10,6644363HIN,3338404T11029,AGOSTO,T,NOR,IV,PRESENCIAL,(LUNES)(VIERNES),(PRE 14:30-18:15)(PRE 14:30-18:15),ASIGNADO,,
3340,6644363,HINOJOSA BENAVIDES JORGE ALBERTO,PRC,PLAN DE DESARROLLO DE NEGOCIO DE TI,503M,2,784,10,6644363HIN,3340503M2784,AGOSTO,M,PRC,V,PRESENCIAL,(MARTES)(VIERNES),(PRE 07:00-10:45)(PRE 07:00-10:45),ASIGNADO,,PTP
3339,42375114,HUAMAN CABRERA DANIEL HANS,VIRTUAL,HERRAMIENTAS DIGITALES PARA LOS NEGOCIOS,202N,1,54,5,42375114HUA,3339202N154,AGOSTO,N,VIRTUAL,II,VIRTUAL,(VIERNES),(VIR 19:00-22:45),ASIGNADO,,
3340,42375114,HUAMAN CABRERA DANIEL HANS,NOR,DESARROLLO Y SOPORTE DE APLICACIONES MULTIPLATAFORMA,207N,1,734,10,42375114HUA,3340207N1734,AGOSTO,N,NOR,II,PRESENCIAL,(LUNES)(MIÉRCOLES),(PRE 19:00-22:45)(PRE 19:00-22:45),ASIGNADO,,
3340,42375114,HUAMAN CABRERA DANIEL HANS,VIRTUAL,IMPLEMENTACIÓN DE SOLUCIONES INNOVADORAS,604N,2,613,6,42375114HUA,3340604N2613,AGOSTO,N,VIRTUAL,VI,VIRTUAL,(MIÉRCOLES)(VIERNES),(VIR 20:30-22:45)(VIR 19:00-21:15),ASIGNADO,,
3338,72247355,HUAMAN ROMERO MARCOS ROLANDO,SJL,"COTIZACIONES, PRECIOS Y COSTOS DE SERVICIOS LOGÍSTICOS",420M,1,1025,10,72247355HUA,3338420M11025,AGOSTO,M,SJL,IV,PRESENCIAL,(MARTES)(VIERNES),(PRE 07:00-10:45)(PRE 07:00-10:45),ASIGNADO,,PPH
3338,72247355,HUAMAN ROMERO MARCOS ROLANDO,NOR,EXPERIENCIA FORMATIVA EN SITUACIÓN REAL DE TRABAJO,613M,2,1466,2,72247355HUA,3338613M21466,AGOSTO,M,NOR,VI,PRESENCIAL,(VIERNES),(PRE 07:00-08:30),ASIGNADO,,PPH
3338,72247355,HUAMAN ROMERO MARCOS ROLANDO,NOR,EXPERIENCIA FORMATIVA EN SITUACIÓN REAL DE TRABAJO,211N,2,630,2,72247355HUA,3338211N2630,AGOSTO,N,NOR,II,PRESENCIAL,(SABADO),(PRE 18:15-19:45),ASIGNADO,,
3339,72247355,HUAMAN ROMERO MARCOS ROLANDO,VIRTUAL,GESTIÓN DE ALMACENES,601N,1,121,6,72247355HUA,3339601N1121,AGOSTO,N,VIRTUAL,VI,VIRTUAL,(LUNES)(MIÉRCOLES),(VIR 19:00-20:30)(VIR 19:00-22:00),ASIGNADO,,
3338,25739640,HUAMAN ROMERO MIGUEL ANGEL,PRC,EXPERIENCIA DEL CLIENTE,204M,1,604,10,25739640HUA,3338204M1604,AGOSTO,M,PRC,II,PRESENCIAL,(LUNES)(MIÉRCOLES),(PRE 07:00-10:45)(PRE 07:00-10:45),ASIGNADO,,PTC
3338,25739640,HUAMAN ROMERO MIGUEL ANGEL,SJL,TOMA DE DECISIONES ESTRATÉGICAS,624M,2,1349,10,25739640HUA,3338624M21349,AGOSTO,M,SJL,VI,PRESENCIAL,(LUNES)(JUEVES),(PRE 07:00-10:45)(PRE 07:00-10:45),ASIGNADO,,PTC
3338,25739640,HUAMAN ROMERO MIGUEL ANGEL,SJL,FUNDAMENTOS DE LA BANCA COMERCIAL,117M,1,1846,10,25739640HUA,3338117M11846,AGOSTO,M,SJL,I,PRESENCIAL,(MARTES)(JUEVES),(PRE 07:00-10:45)(PRE 07:00-10:45),ASIGNADO,,PTC
3338,25739640,HUAMAN ROMERO MIGUEL ANGEL,SJL,BANCA COMERCIAL,224M,2,509,10,25739640HUA,3338224M2509,AGOSTO,M,SJL,II,PRESENCIAL,(MIÉRCOLES)(SABADO),(PRE 07:00-10:45)(PRE 07:00-10:45),ASIGNADO,,PTC
3338,25739640,HUAMAN ROMERO MIGUEL ANGEL,VIRTUAL,BANCA COMERCIAL,228M,2,314,5,25739640HUA,3338228M2314,AGOSTO,M,VIRTUAL,II,VIRTUAL,(VIERNES),(VIR 07:00-10:45),ASIGNADO,,PTC
3338,25739640,HUAMAN ROMERO MIGUEL ANGEL,VIRTUAL,CONTROL INTERNO Y AUDITORÍA DE OPERACIONES,513N,2,1208,5,25739640HUA,3338513N21208,AGOSTO,N,VIRTUAL,V,VIRTUAL,(LUNES),(VIR 19:00-22:45),ASIGNADO,,
3338,25739640,HUAMAN ROMERO MIGUEL ANGEL,PRC,EXPERIENCIA DEL CLIENTE,201N,1,537,10,25739640HUA,3338201N1537,AGOSTO,N,PRC,II,PRESENCIAL,(MIÉRCOLES)(JUEVES),(PRE 19:00-22:45)(PRE 19:00-22:45),ASIGNADO,,
3338,40222576,HUAMAN VALER ABRAHAM,NOR,GESTIÓN DE PROCESOS DE MEJORA CONTINUA,414M,2,1126,10,40222576HUA,3338414M21126,AGOSTO,M,NOR,IV,PRESENCIAL,(JUEVES)(SABADO),(PRE 07:00-10:45)(PRE 07:00-10:45),ASIGNADO,,PPH
3340,40222576,HUAMAN VALER ABRAHAM,NOR,PROCESOS EMPRESARIALES,205N,1,271,10,40222576HUA,3340205N1271,AGOSTO,N,NOR,II,PRESENCIAL,(MARTES)(VIERNES),(PRE 19:00-22:45)(PRE 19:00-22:45),ASIGNADO,,
3336,10654634,HUAMANI  PAJUELO  ABEL ARTURO,PRC,EXPERIENCIAS FORMATIVAS EN SITUACIONES REALES DE TRABAJO,202N,2,,2,10654634HUA,3336202N2,JUNIO,N,PRC,II,PRESENCIAL,(JUEVES),(PRE 20:30-22:00),ASIGNADO,,
3337,10654634,HUAMANI  PAJUELO  ABEL ARTURO,VIRTUAL,EXPERIENCIAS FORMATIVAS EN SITUACIONES REALES DE TRABAJO,202N,2,29,2,10654634HUA,3337202N229,JUNIO,N,VIRTUAL,II,VIRTUAL,(LUNES),(VIR 19:00-20:30),ASIGNADO,,
3337,10654634,HUAMANI  PAJUELO  ABEL ARTURO,VIRTUAL,EXPERIENCIAS FORMATIVAS EN SITUACIONES REALES DE TRABAJO,201N,2,28,2,10654634HUA,3337201N228,JUNIO,N,VIRTUAL,II,VIRTUAL,(LUNES),(VIR 20:30-22:00),ASIGNADO,,
3340,10654634,HUAMANI  PAJUELO  ABEL ARTURO,VES,PROCESOS EMPRESARIALES,224M,1,1074,10,10654634HUA,3340224M11074,AGOSTO,M,VES,II,PRESENCIAL,(LUNES)(JUEVES),(PRE 07:00-10:45)(PRE 07:00-10:45),ASIGNADO,,TCXH
3340,10654634,HUAMANI  PAJUELO  ABEL ARTURO,PRC,PROCESOS EMPRESARIALES,202M,1,269,10,10654634HUA,3340202M1269,AGOSTO,M,PRC,II,PRESENCIAL,(MARTES)(MIÉRCOLES),(PRE 07:00-10:45)(PRE 07:00-10:45),ASIGNADO,,TCXH
3340,10654634,HUAMANI  PAJUELO  ABEL ARTURO,VES,GESTIÓN DE PROCESOS DE MEJORA CONTINUA,414M,2,1087,10,10654634HUA,3340414M21087,AGOSTO,M,VES,IV,PRESENCIAL,(MARTES)(VIERNES),(PRE 07:00-10:45)(PRE 07:00-10:45),ASIGNADO,,TCXH
3340,10654634,HUAMANI  PAJUELO  ABEL ARTURO,PRC,EXPERIENCIAS FORMATIVAS EN SITUACIONES REALES DE TRABAJO-DNI,201M,2,282,2,10654634HUA,3340201M2282,AGOSTO,M,PRC,II,PRESENCIAL,(JUEVES),(PRE 07:00-08:30),ASIGNADO,,TCXH
3340,10654634,HUAMANI  PAJUELO  ABEL ARTURO,PRC,EXPERIENCIAS FORMATIVAS EN SITUACIONES REALES DE TRABAJO,203M,2,286,2,10654634HUA,3340203M2286,AGOSTO,M,PRC,II,PRESENCIAL,(SABADO),(PRE 07:00-08:30),ASIGNADO,,TCXH
3340,10654634,HUAMANI  PAJUELO  ABEL ARTURO,PRC,EXPERIENCIAS FORMATIVAS EN SITUACIONES REALES DE TRABAJO,202M,2,,2,10654634HUA,3340202M2,AGOSTO,M,PRC,II,PRESENCIAL,(JUEVES),(PRE 08:30-10:00),ASIGNADO,,
3338,44652759,HUAMANI LOPEZ JAKELINE JANETH,SJL,INGLÉS PARA LA COMUNICACIÓN EN LOS NEGOCIOS,312M,2,779,12,44652759HUA,3338312M2779,AGOSTO,M,SJL,III,PRESENCIAL,(LUNES)(MIÉRCOLES),(PRE 07:00-11:30)(PRE 07:00-11:30),ASIGNADO,,PPH
3338,42646061,HUARAG JAUREGUI RAUL GUSTAVO,NOR,EMPRENDIMIENTO: PROYECTO INTEGRADOR,611M,1,,12,42646061HUA,3338611M1,AGOSTO,M,NOR,VI,PRESENCIAL,(LUNES)(JUEVES),(PRE 07:00-11:30)(PRE 07:00-11:30),ASIGNADO,,PTP
3338,42646061,HUARAG JAUREGUI RAUL GUSTAVO,NOR,EMPRENDIMIENTO: MODELO DE NEGOCIO,410M,2,899,10,42646061HUA,3338410M2899,AGOSTO,M,NOR,IV,PRESENCIAL,(LUNES)(SABADO),(PRE 07:00-10:45)(PRE 07:00-10:45),ASIGNADO,,PTP
3338,42646061,HUARAG JAUREGUI RAUL GUSTAVO,VIRTUAL,EMPRENDIMIENTO: PLAN DE DESARROLLO DEL NEGOCIO,517M,1,341,8,42646061HUA,3338517M1341,AGOSTO,M,VIRTUAL,V,VIRTUAL,(MARTES)(VIERNES),(VIR 07:00-10:00)(VIR 07:00-10:00),ASIGNADO,,PTP
3338,42646061,HUARAG JAUREGUI RAUL GUSTAVO,NOR,EMPRENDIMIENTO: CREATIVIDAD E INNOVACIÓN,307M,1,766,10,42646061HUA,3338307M1766,AGOSTO,M,NOR,III,PRESENCIAL,(MIÉRCOLES)(SABADO),(PRE 07:00-10:45)(PRE 07:00-10:45),ASIGNADO,,PTP
3338,42646061,HUARAG JAUREGUI RAUL GUSTAVO,NOR,EMPRENDIMIENTO: MODELO DE NEGOCIO,409M,2,898,10,42646061HUA,3338409M2898,AGOSTO,M,NOR,IV,PRESENCIAL,(MIÉRCOLES)(VIERNES),(PRE 07:00-10:45)(PRE 07:00-10:45),ASIGNADO,,PTP
3338,42646061,HUARAG JAUREGUI RAUL GUSTAVO,VIRTUAL,EMPRENDIMIENTO: PLAN DE DESARROLLO DEL NEGOCIO,514N,2,339,8,42646061HUA,3338514N2339,AGOSTO,N,VIRTUAL,V,VIRTUAL,(MIÉRCOLES)(VIERNES),(VIR 19:00-22:00)(VIR 19:00-22:00),ASIGNADO,,
3338,8992566,HUARCAYA ALMEYDA REMIGIO SANTO,VES,HERRAMIENTAS DIGITALES E INTELIGENCIA ARTIFICIAL,112M,1,1933,12,8992566HUA,3338112M11933,AGOSTO,M,VES,I,PRESENCIAL,(MARTES)(JUEVES)(VIERNES),(PRE 07:00-10:45)(PRE 08:30-10:00)(PRE 07:00-10:45),ASIGNADO,,PPH
3338,8992566,HUARCAYA ALMEYDA REMIGIO SANTO,VES,HERRAMIENTAS DIGITALES PARA LOS NEGOCIOS,235M,2,2096,10,8992566HUA,3338235M22096,AGOSTO,M,VES,II,PRESENCIAL,(MIÉRCOLES)(VIERNES),(PRE 07:00-10:45)(PRE 07:00-10:45),ASIGNADO,,PPH
3338,7320490,HUAROTO MUÑOZ MIGUEL ANGEL,SJL,SISTEMAS DE PROCESOS CONTABLES,314M,1,841,10,7320490HUA,3338314M1841,AGOSTO,M,SJL,III,PRESENCIAL,(LUNES)(MIÉRCOLES),(PRE 07:00-10:45)(PRE 07:00-10:45),ASIGNADO,,PTP
3338,7320490,HUAROTO MUÑOZ MIGUEL ANGEL,SJL,SISTEMAS CONTABLES INTEGRADOS,424M,2,1012,10,7320490HUA,3338424M21012,AGOSTO,M,SJL,IV,PRESENCIAL,(LUNES)(MIÉRCOLES),(PRE 07:00-10:45)(PRE 07:00-10:45),ASIGNADO,,PTP
3339,7320490,HUAROTO MUÑOZ MIGUEL ANGEL,VIRTUAL,SISTEMAS CONTABLES INTEGRADOS,402M,2,173,5,7320490HUA,3339402M2173,AGOSTO,M,VIRTUAL,IV,VIRTUAL,(VIERNES),(VIR 07:00-10:45),ASIGNADO,,PTP
3340,7320490,HUAROTO MUÑOZ MIGUEL ANGEL,VIRTUAL,COSTOS Y PRESUPUESTOS,304M,2,491,5,7320490HUA,3340304M2491,AGOSTO,M,VIRTUAL,III,VIRTUAL,(SABADO),(VIR 07:00-10:45),ASIGNADO,,PTP
3340,7320490,HUAROTO MUÑOZ MIGUEL ANGEL,VIRTUAL,Dirección Financiera,802N,1,1121,6,7320490HUA,3340802N11121,AGOSTO,N,VIRTUAL,VII,VIRTUAL,(SABADO),(VIR 18:15-22:45),ASIGNADO,,
3338,7632316,HUASUPOMA FUENTES RIVERA LUCY DEL CARMEN,VIRTUAL,MODELO DE NEGOCIO,425M,1,1133,4,7632316HUA,3338425M11133,AGOSTO,M,VIRTUAL,IV,VIRTUAL,(JUEVES),(VIR 07:00-10:00),ASIGNADO,,PTC IN
3340,44724216,HUERTAS DAMIAN JOHNATAN JOSE,NOR,PRICING: ESTRTEGIAS DE PRECIO,407M,2,594,10,44724216HUE,3340407M2594,AGOSTO,M,NOR,IV,PRESENCIAL,(LUNES)(MIÉRCOLES),(PRE 07:00-10:45)(PRE 07:00-10:45),ASIGNADO,,PPH
3340,44724216,HUERTAS DAMIAN JOHNATAN JOSE,NOR,INVSTIGACIÓN DE MERCADO,206N,1,692,14,44724216HUE,3340206N1692,AGOSTO,N,NOR,II,PRESENCIAL,(LUNES)(JUEVES)(SABADO),(PRE 19:00-22:00)(PRE 19:00-22:45)(PRE 19:00-22:45),ASIGNADO,,
3338,77481002,HUISA DETQUIZAN TATIANA KIMBERLY,VES,USABILIDAD,616D,1,2160,8,77481002HUI,3338616D12160,AGOSTO,D,VES,VI,PRESENCIAL,(MARTES)(JUEVES),(PRE 11:30-14:30)(PRE 11:30-14:30),ASIGNADO,,
3338,45215964,HUISA LAGOS JESSICA GIANINA,VIRTUAL,CONTABILIDAD GUBERNAMENTAL,403M,1,1106,5,45215964HUI,3338403M11106,AGOSTO,M,VIRTUAL,IV,VIRTUAL,(VIERNES),(VIR 07:00-10:45),ASIGNADO,,PPH
3340,45215964,HUISA LAGOS JESSICA GIANINA,VIRTUAL,COSTOS Y PRESUPUESTOS,312M,2,1078,5,45215964HUI,3340312M21078,AGOSTO,M,VIRTUAL,III,VIRTUAL,(JUEVES),(VIR 07:00-10:45),ASIGNADO,,PPH
3338,44548526,IBAÑEZ NAVARRO RENZO JACOB,VIRTUAL,GESTIÓN DE EQUIPOS,419N,1,450,4,44548526IBA,3338419N1450,AGOSTO,N,VIRTUAL,IV,VIRTUAL,(LUNES),(VIR 19:00-22:00),ASIGNADO,,
3338,44548526,IBAÑEZ NAVARRO RENZO JACOB,VIRTUAL,DISEÑO E IMPLEMENTACIÓN DE ESTRATEGIAS COMERCIALES-DNI,419N,2,447,8,44548526IBA,3338419N2447,AGOSTO,N,VIRTUAL,IV,VIRTUAL,(MIÉRCOLES)(VIERNES),(VIR 19:00-22:00)(VIR 19:00-22:00),ASIGNADO,,
3340,44548526,IBAÑEZ NAVARRO RENZO JACOB,VIRTUAL,MARKETING ESTRATÉGICO,601N,1,471,5,44548526IBA,3340601N1471,AGOSTO,N,VIRTUAL,VI,VIRTUAL,(JUEVES),(VIR 19:00-22:45),ASIGNADO,,
3340,17966165,IBAÑEZ SANTOS EDWIN JAVIER,PRC,GESTIÓN DE PROCESOS DE MEJORA CONTINUA,401M,1,351,10,17966165IBA,3340401M1351,AGOSTO,M,PRC,IV,PRESENCIAL,(LUNES)(VIERNES),(PRE 07:00-10:45)(PRE 07:00-10:45),ASIGNADO,,PPH
3338,8738713,IÑIGUEZ CASTRO EDUARDO FELIPE,SJL,EVALUACIÓN DE CRÉDITOS,405T,1,941,10,8738713IÑI,3338405T1941,AGOSTO,T,SJL,IV,PRESENCIAL,(LUNES)(MIÉRCOLES),(PRE 14:30-18:15)(PRE 14:30-18:15),ASIGNADO,,
3338,8738713,IÑIGUEZ CASTRO EDUARDO FELIPE,SJL,EXPERIENCIA FORMATIVA EN SITUACIÓN REAL DE TRABAJO,412N,2,,2,8738713IÑI,3338412N2,AGOSTO,N,SJL,IV,PRESENCIAL,(SABADO),(PRE 19:00-20:30),ASIGNADO,,
3338,8738713,IÑIGUEZ CASTRO EDUARDO FELIPE,SJL,EXPERIENCIA FORMATIVA EN SITUACIÓN REAL DE TRABAJO,413N,2,,2,8738713IÑI,3338413N2,AGOSTO,N,SJL,IV,PRESENCIAL,(SABADO),(PRE 20:30-22:00),ASIGNADO,,
3340,8738713,IÑIGUEZ CASTRO EDUARDO FELIPE,NOR,ANÁLISIS DE LA INFORMACIÓN FINANCIERA,303N,1,304,12,8738713IÑI,3340303N1304,AGOSTO,N,NOR,III,PRESENCIAL,(MARTES)(SABADO),(PRE 18:15-22:45)(PRE 18:15-22:45),ASIGNADO,,
3340,8738713,IÑIGUEZ CASTRO EDUARDO FELIPE,VIRTUAL,Análisis de la Información Financiera,701N,2,1128,6,8738713IÑI,3340701N21128,AGOSTO,N,VIRTUAL,III,VIRTUAL,(MARTES)(JUEVES),(VIR 19:00-21:15)(VIR 19:00-21:15),ASIGNADO,,
3338,40818388,IPANAQUE AGUILAR ROSA,SJL,OPERACIONES Y LOGÍSTICA,215N,1,703,12,40818388IPA,3338215N1703,AGOSTO,N,SJL,II,PRESENCIAL,(MARTES)(JUEVES)(SABADO),(PRE 19:00-22:00)(PRE 19:00-22:00)(PRE 19:00-22:00),ASIGNADO,,
3338,47309680,IPANAQUE PINGO GISELA ISABEL,VIRTUAL,TIPOGRAFÍA Y LETTERING,129M,2,2004,8,47309680IPA,3338129M22004,AGOSTO,M,VIRTUAL,I,VIRTUAL,(MIÉRCOLES)(VIERNES),(VIR 07:45-10:45)(VIR 07:45-10:45),ASIGNADO,,
3338,43904902,ISIDRO AMAO MARIANELA INES,SJL,FUNDAMENTOS DE COSTOS,217N,1,580,8,43904902ISI,3338217N1580,AGOSTO,N,SJL,II,PRESENCIAL,(LUNES)(JUEVES),(PRE 19:00-22:45)(PRE 20:30-22:45),ASIGNADO,,
3338,40404922,ISLA POVIS OPPERT ERICSSON,VIRTUAL,PLANEAMIENTO ESTRATÉGICO,517M,1,388,10,40404922ISL,3338517M1388,AGOSTO,M,VIRTUAL,V,VIRTUAL,(MIÉRCOLES)(SABADO),(VIR 07:00-10:45)(VIR 07:00-10:45),ASIGNADO,,PTC IN
3338,40404922,ISLA POVIS OPPERT ERICSSON,VIRTUAL,PLANEAMIENTO ESTRATÉGICO,N31N,2,,3,40404922ISL,3338N31N2,AGOSTO,N,VIRTUAL,V,VIRTUAL,(LUNES),(VIR 19:00-21:15),ASIGNADO,,
3338,40404922,ISLA POVIS OPPERT ERICSSON,PRC,ADMINISTRACIÓN DE NEGOCIOS,102N,1,1891,10,40404922ISL,3338102N11891,AGOSTO,N,PRC,I,PRESENCIAL,(JUEVES)(SABADO),(PRE 19:00-22:45)(PRE 19:00-22:45),ASIGNADO,,
3338,45956322,JIMENEZ ARAUJO VERA LUCIA,PRC,TIPOGRAFÍA Y LETTERING,105N,1,1970,4,45956322JIM,3338105N11970,AGOSTO,N,PRC,I,PRESENCIAL,(LUNES),(PRE 19:00-22:00),ASIGNADO,,
3338,45956322,JIMENEZ ARAUJO VERA LUCIA,VIRTUAL,TIPOGRAFÍA Y LETTERING,126N,2,2002,8,45956322JIM,3338126N22002,AGOSTO,N,VIRTUAL,I,VIRTUAL,(LUNES)(VIERNES),(VIR 19:00-22:00)(VIR 19:00-22:00),ASIGNADO,,
3338,45956322,JIMENEZ ARAUJO VERA LUCIA,PRC,TIPOGRAFÍA Y LETTERING,105N,1,,4,45956322JIM,3338105N1,AGOSTO,N,PRC,I,PRESENCIAL,(SABADO),(PRE 19:00-22:00),ASIGNADO,,
3340,10808976,JIMÉNEZ CASTILLO CHRISTIAN ALBERT,VIRTUAL,Dirección de Operaciones,804N,1,1162,6,10808976JIM,3340804N11162,AGOSTO,N,VIRTUAL,VIII,VIRTUAL,(JUEVES),(VIR 18:15-22:45),ASIGNADO,,
3338,44166253,JOYO PONCE GISELA,ATE,OPERATIVIDAD PORTUARIA,207N,1,661,10,44166253JOY,3338207N1661,AGOSTO,N,ATE,II,PRESENCIAL,(MARTES)(VIERNES),(PRE 19:00-22:45)(PRE 19:00-22:45),ASIGNADO,,
3338,44166253,JOYO PONCE GISELA,ATE,SUPPLY CHAIN MANAGEMENT,406N,2,1084,10,44166253JOY,3338406N21084,AGOSTO,N,ATE,IV,PRESENCIAL,(JUEVES)(SABADO),(PRE 19:00-22:45)(PRE 19:00-22:45),ASIGNADO,,
3338,44166253,JOYO PONCE GISELA,ATE,EXPERIENCIA FORMATIVA EN SITUACIÓN REAL DE TRABAJO,406N,2,,2,44166253JOY,3338406N2,AGOSTO,N,ATE,IV,PRESENCIAL,(MARTES),(PRE 20:30-22:00),ASIGNADO,,
3339,44166253,JOYO PONCE GISELA,VIRTUAL,CONTROL DE DESPACHO,202N,1,60,5,44166253JOY,3339202N160,AGOSTO,N,VIRTUAL,II,VIRTUAL,(MIÉRCOLES),(VIR 19:00-22:45),ASIGNADO,,
3340,44166253,JOYO PONCE GISELA,VIRTUAL,GESTIÓN DE LA CADENA DE SUMINISTROS,408N,2,1084,5,44166253JOY,3340408N21084,AGOSTO,N,VIRTUAL,IV,VIRTUAL,(VIERNES),(VIR 19:00-22:45),ASIGNADO,,
3338,41271863,JUARES GOMEZ FREDDY FREMER,NOR,EMPRENDIMIENTO: MODELO DE NEGOCIO,413M,1,1035,10,41271863JUA,3338413M11035,AGOSTO,M,NOR,IV,PRESENCIAL,(LUNES)(VIERNES),(PRE 07:00-10:45)(PRE 07:00-10:45),ASIGNADO,,PTP
3338,41271863,JUARES GOMEZ FREDDY FREMER,NOR,EMPRENDIMIENTO: MODELO DE NEGOCIO,412M,1,1034,10,41271863JUA,3338412M11034,AGOSTO,M,NOR,IV,PRESENCIAL,(MARTES)(JUEVES),(PRE 07:00-10:45)(PRE 07:00-10:45),ASIGNADO,,PTP
3338,41271863,JUARES GOMEZ FREDDY FREMER,SJL,EMPRENDIMIENTO: PROYECTO INTEGRADOR,623M,2,1366,12,41271863JUA,3338623M21366,AGOSTO,M,SJL,VI,PRESENCIAL,(JUEVES)(SABADO),(PRE 07:00-11:30)(PRE 07:00-11:30),ASIGNADO,,PTP
3338,41271863,JUARES GOMEZ FREDDY FREMER,PRC,EMPRENDIMIENTO: PLAN DE DESARROLLO DEL NEGOCIO,502N,2,1147,10,41271863JUA,3338502N21147,AGOSTO,N,PRC,V,PRESENCIAL,(LUNES)(VIERNES),(PRE 19:00-22:45)(PRE 19:00-22:45),ASIGNADO,,
3338,41271863,JUARES GOMEZ FREDDY FREMER,NOR,EMPRENDIMIENTO: CREATIVIDAD E INNOVACIÓN,308N,1,767,10,41271863JUA,3338308N1767,AGOSTO,N,NOR,III,PRESENCIAL,(MARTES)(JUEVES),(PRE 19:00-22:45)(PRE 19:00-22:45),ASIGNADO,,
3339,41271863,JUARES GOMEZ FREDDY FREMER,VIRTUAL,EMPRENDIMIENTO: CREATIVIDAD E INNOVACIÓN,301N,2,77,5,41271863JUA,3339301N277,AGOSTO,N,VIRTUAL,III,VIRTUAL,(SABADO),(VIR 19:00-22:45),ASIGNADO,,
3334,8203277,JUSTO DEL MAR CARLOS ANTONIO VICTOR,VIRTUAL,ESTRATEGIA DE VENTAS,202M,2,49,4,8203277JUS,3334202M249,JUNIO,M,VIRTUAL,I,VIRTUAL,(MIÉRCOLES),(VIR 07:00-10:00),ASIGNADO,,PPH
3338,41702602,LAM PUMA SADITH TERI,PRC,INGLÉS PARA LA COMUNICACIÓN EN LOS NEGOCIOS,302M,2,772,12,41702602LAM,3338302M2772,AGOSTO,M,PRC,III,PRESENCIAL,(MARTES)(JUEVES),(PRE 07:00-11:30)(PRE 07:00-11:30),ASIGNADO,,PPH
3338,10587504,LANDEO GARCIA CATHERINE GISSELLE,PRC,EXPERIENCIA DEL CLIENTE,206M,2,561,10,10587504LAN,3338206M2561,AGOSTO,M,PRC,II,PRESENCIAL,(MARTES)(SABADO),(PRE 07:00-10:45)(PRE 07:00-10:45),ASIGNADO,,PTC IN
3338,10587504,LANDEO GARCIA CATHERINE GISSELLE,PRC,INNOVACIÓN Y DISEÑO CX,401M,1,969,8,10587504LAN,3338401M1969,AGOSTO,M,PRC,IV,PRESENCIAL,(JUEVES)(SABADO),(PRE 07:00-10:00)(PRE 07:00-10:00),ASIGNADO,,PTC IN
3338,10587504,LANDEO GARCIA CATHERINE GISSELLE,VIRTUAL,INNOVACIÓN Y DISEÑO CX,426M,1,354,5,10587504LAN,3338426M1354,AGOSTO,M,VIRTUAL,IV,VIRTUAL,(VIERNES),(VIR 07:00-10:45),ASIGNADO,,PTC IN
3338,10587504,LANDEO GARCIA CATHERINE GISSELLE,VIRTUAL,DISEÑO DE NEGOCIOS DIGITALES PARA EL SECTOR FINANCIERO,619N,2,356,5,10587504LAN,3338619N2356,AGOSTO,N,VIRTUAL,VI,VIRTUAL,(MIÉRCOLES),(VIR 19:00-22:45),ASIGNADO,,
3338,43646232,LARA CASTRO NATALY DEL CARMEN,VIRTUAL,INGLÉS APLICADO A PROYECTOS EMPRESARIALES,403T,2,923,6,43646232LAR,3338403T2923,AGOSTO,T,VIRTUAL,IV,VIRTUAL,(VIERNES),(VIR 14:30-19:00),ASIGNADO,,
3334,17530603,LARREA TELLO EDUARDO MARTIN,VIRTUAL,NUEVAS TENDENCIAS EN ADMINISTRACIÓN DE EMPRESAS,103M,2,36,4,17530603LAR,3334103M236,JUNIO,M,VIRTUAL,I,VIRTUAL,(JUEVES),(VIR 07:00-10:00),ASIGNADO,,PPH
3340,17530603,LARREA TELLO EDUARDO MARTIN,VIRTUAL,LIDERAZGO ESTRATÉGICO,410M,1,552,5,17530603LAR,3340410M1552,AGOSTO,M,VIRTUAL,IV,VIRTUAL,(VIERNES),(VIR 07:00-10:45),ASIGNADO,,PPH
3340,17530603,LARREA TELLO EDUARDO MARTIN,VIRTUAL,EXPERIENCIA DEL CLIENTE,212N,1,801,5,17530603LAR,3340212N1801,AGOSTO,N,VIRTUAL,II,VIRTUAL,(MARTES),(VIR 19:00-22:45),ASIGNADO,,
3340,17530603,LARREA TELLO EDUARDO MARTIN,VIRTUAL,EXPERIENCIA DEL CLIENTE,214N,1,828,4,17530603LAR,3340214N1828,AGOSTO,N,VIRTUAL,II,VIRTUAL,(MIÉRCOLES),(VIR 19:00-22:00),ASIGNADO,,
3341,17530603,LARREA TELLO EDUARDO MARTIN,VIRTUAL,EXPERIENCIA DEL CLIENTE,203N,1,94,5,17530603LAR,3341203N194,AGOSTO,N,VIRTUAL,II,VIRTUAL,(LUNES),(VIR 19:00-22:45),ASIGNADO,,
3338,25772840,LAURIE GOMEZ CARMEN ELSA IGNACIA,PRC,CONTABILIDAD,201M,1,510,10,25772840LAU,3338201M1510,AGOSTO,M,PRC,II,PRESENCIAL,(LUNES)(SABADO),(PRE 07:00-10:45)(PRE 07:00-10:45),ASIGNADO,,PTD
3338,25772840,LAURIE GOMEZ CARMEN ELSA IGNACIA,PRC,CONTABILIDAD,206M,1,692,8,25772840LAU,3338206M1692,AGOSTO,M,PRC,II,PRESENCIAL,(MARTES)(JUEVES),(PRE 07:00-10:00)(PRE 07:00-10:00),ASIGNADO,,PTD
3338,25772840,LAURIE GOMEZ CARMEN ELSA IGNACIA,PRC,CÁLCULO FINANCIERO Y TRIBUTARIO PARA DECLARACIÓN JURADA ANUAL,602M,2,1384,10,25772840LAU,3338602M21384,AGOSTO,M,PRC,VI,PRESENCIAL,(MARTES)(JUEVES),(PRE 07:00-10:45)(PRE 07:00-10:45),ASIGNADO,,PTD
3338,25772840,LAURIE GOMEZ CARMEN ELSA IGNACIA,PRC,FUNDAMENTOS DE COSTOS,203M,2,574,8,25772840LAU,3338203M2574,AGOSTO,M,PRC,II,PRESENCIAL,(MIÉRCOLES)(SABADO),(PRE 07:00-10:45)(PRE 08:30-10:45),ASIGNADO,,PTD
3338,25772840,LAURIE GOMEZ CARMEN ELSA IGNACIA,PRC,EXPERIENCIA FORMATIVA EN SITUACIÓN REAL DE TRABAJO,203M,2,594,2,25772840LAU,3338203M2594,AGOSTO,M,PRC,II,PRESENCIAL,(VIERNES),(PRE 10:00-11:30),ASIGNADO,,
3338,25772840,LAURIE GOMEZ CARMEN ELSA IGNACIA,PRC,CONTABILIDAD,201N,1,511,10,25772840LAU,3338201N1511,AGOSTO,N,PRC,II,PRESENCIAL,(LUNES)(VIERNES),(PRE 19:00-22:45)(PRE 19:00-22:45),ASIGNADO,,
3338,25772840,LAURIE GOMEZ CARMEN ELSA IGNACIA,VIRTUAL,COSTOS Y PRESUPUESTOS,304N,2,868,5,25772840LAU,3338304N2868,AGOSTO,N,VIRTUAL,III,VIRTUAL,(LUNES),(VIR 19:00-22:45),ASIGNADO,,
3338,25772840,LAURIE GOMEZ CARMEN ELSA IGNACIA,PRC,FUNDAMENTOS DE COSTOS,202N,1,573,8,25772840LAU,3338202N1573,AGOSTO,N,PRC,II,PRESENCIAL,(MARTES)(JUEVES),(PRE 19:00-21:15)(PRE 19:00-22:45),ASIGNADO,,
3338,25772840,LAURIE GOMEZ CARMEN ELSA IGNACIA,VIRTUAL,CONTROL Y VALORIZACIÓN DE INVENTARIOS,202N,1,669,4,25772840LAU,3338202N1669,AGOSTO,N,VIRTUAL,II,VIRTUAL,(MIÉRCOLES),(VIR 19:00-22:00),ASIGNADO,,
3338,25772840,LAURIE GOMEZ CARMEN ELSA IGNACIA,PRC,FORMULACIÓN DE ESTADOS FINANCIEROS,502N,2,1250,10,25772840LAU,3338502N21250,AGOSTO,N,PRC,V,PRESENCIAL,(MIÉRCOLES)(JUEVES),(PRE 19:00-22:45)(PRE 19:00-22:45),ASIGNADO,,
3339,25772840,LAURIE GOMEZ CARMEN ELSA IGNACIA,VIRTUAL,CONTABILIDAD SUPERIOR,203N,2,134,5,25772840LAU,3339203N2134,AGOSTO,N,VIRTUAL,II,VIRTUAL,(VIERNES),(VIR 19:00-22:45),ASIGNADO,,
3338,43511048,LAZO TORRES GELMITH KARIN,NOR,INDICADORES PARA RRHH,414M,1,1128,10,43511048LAZ,3338414M11128,AGOSTO,M,NOR,IV,PRESENCIAL,(LUNES)(JUEVES),(PRE 07:00-10:45)(PRE 07:00-10:45),ASIGNADO,,PTP
3338,43511048,LAZO TORRES GELMITH KARIN,VIRTUAL,ESTRATEGIAS DE MOTIVACIÓN Y CLIMA ORGANIZACIONAL,N13M,2,,3,43511048LAZ,3338N13M2,AGOSTO,M,VIRTUAL,VI,VIRTUAL,(LUNES),(VIR 07:00-09:15),ASIGNADO,,PTP
3338,43511048,LAZO TORRES GELMITH KARIN,VIRTUAL,DESARROLLO PROFESIONAL,109M,1,1736,2,43511048LAZ,3338109M11736,AGOSTO,M,VIRTUAL,I,VIRTUAL,(MARTES),(VIR 07:00-08:30),ASIGNADO,,PTP
3338,43511048,LAZO TORRES GELMITH KARIN,PRC,DESARROLLO PROFESIONAL,110M,2,1905,4,43511048LAZ,3338110M21905,AGOSTO,M,PRC,I,PRESENCIAL,(MARTES),(PRE 07:00-10:00),ASIGNADO,,PTP
3338,43511048,LAZO TORRES GELMITH KARIN,VIRTUAL,DESARROLLO PROFESIONAL,117M,1,1746,2,43511048LAZ,3338117M11746,AGOSTO,M,VIRTUAL,I,VIRTUAL,(MIÉRCOLES),(VIR 07:00-08:30),ASIGNADO,,PTP
3338,43511048,LAZO TORRES GELMITH KARIN,VIRTUAL,DESARROLLO PROFESIONAL,131M,2,1770,2,43511048LAZ,3338131M21770,AGOSTO,M,VIRTUAL,I,VIRTUAL,(MIÉRCOLES),(VIR 07:00-08:30),ASIGNADO,,PTP
3338,43511048,LAZO TORRES GELMITH KARIN,VIRTUAL,DESARROLLO PROFESIONAL,113N,1,1742,2,43511048LAZ,3338113N11742,AGOSTO,N,VIRTUAL,I,VIRTUAL,(MARTES),(VIR 19:00-20:30),ASIGNADO,,
3338,43511048,LAZO TORRES GELMITH KARIN,VIRTUAL,DESARROLLO PROFESIONAL,120N,1,1753,2,43511048LAZ,3338120N11753,AGOSTO,N,VIRTUAL,I,VIRTUAL,(JUEVES),(VIR 19:00-20:30),ASIGNADO,,
3338,43511048,LAZO TORRES GELMITH KARIN,VIRTUAL,DESARROLLO PROFESIONAL,117N,2,1747,2,43511048LAZ,3338117N21747,AGOSTO,N,VIRTUAL,I,VIRTUAL,(LUNES),(VIR 20:30-22:00),ASIGNADO,,
3338,43511048,LAZO TORRES GELMITH KARIN,VIRTUAL,DESARROLLO PROFESIONAL,119N,2,1751,2,43511048LAZ,3338119N21751,AGOSTO,N,VIRTUAL,I,VIRTUAL,(MARTES),(VIR 20:30-22:00),ASIGNADO,,
3338,43511048,LAZO TORRES GELMITH KARIN,VIRTUAL,DESARROLLO PROFESIONAL,108N,1,1735,2,43511048LAZ,3338108N11735,AGOSTO,N,VIRTUAL,I,VIRTUAL,(MIÉRCOLES),(VIR 20:30-22:00),ASIGNADO,,
3338,43511048,LAZO TORRES GELMITH KARIN,VIRTUAL,DESARROLLO PROFESIONAL,103N,1,1725,2,43511048LAZ,3338103N11725,AGOSTO,N,VIRTUAL,I,VIRTUAL,(LUNES),(VIR 21:15-22:45),ASIGNADO,,
3339,43511048,LAZO TORRES GELMITH KARIN,VIRTUAL,DESARROLLO PROFESIONAL,102N,1,204,2,43511048LAZ,3339102N1204,AGOSTO,N,VIRTUAL,I,VIRTUAL,(VIERNES),(VIR 20:30-22:00),ASIGNADO,,
3340,43511048,LAZO TORRES GELMITH KARIN,VIRTUAL,DESARROLLO PROFESIONAL,109M,2,906,2,43511048LAZ,3340109M2906,AGOSTO,M,VIRTUAL,I,VIRTUAL,(JUEVES),(VIR 07:00-08:30),ASIGNADO,,PTP
3340,43511048,LAZO TORRES GELMITH KARIN,VIRTUAL,Recursos Humanos,701N,2,1114,5,43511048LAZ,3340701N21114,AGOSTO,N,VIRTUAL,I,VIRTUAL,(MIÉRCOLES),(VIR 19:00-22:45),ASIGNADO,,
3338,40268695,LEON ALVARADO MELISSA RUTH,VIRTUAL,PENSAMIENTO LÓGICO,104M,2,1772,6,40268695LEO,3338104M21772,AGOSTO,M,VIRTUAL,I,VIRTUAL,(LUNES)(VIERNES),(VIR 07:00-09:15)(VIR 07:00-09:15),ASIGNADO,,TCxH
3340,9831368,LEON CAPCHA JOSE ROMULO,ATE,ANÁLISIS DE LA INFORMACIÓN FINANCIERA,303M,1,303,12,9831368LEO,3340303M1303,AGOSTO,M,ATE,III,PRESENCIAL,(MARTES)(VIERNES),(PRE 07:00-11:30)(PRE 07:00-11:30),ASIGNADO,,PTC IN
3340,9831368,LEON CAPCHA JOSE ROMULO,PRC,ANÁLISIS DE LA INFORMACIÓN FINANCIERA,301M,1,301,12,9831368LEO,3340301M1301,AGOSTO,M,PRC,III,PRESENCIAL,(JUEVES)(SABADO),(PRE 07:00-11:30)(PRE 07:00-11:30),ASIGNADO,,PTC IN
3338,41648136,LEON ROMAN FERNANDO GONZALO,NOR,BANCA COMERCIAL,211M,2,504,10,41648136LEO,3338211M2504,AGOSTO,M,NOR,II,PRESENCIAL,(LUNES)(MIÉRCOLES),(PRE 07:00-10:45)(PRE 07:00-10:45),ASIGNADO,,PTC
3338,41648136,LEON ROMAN FERNANDO GONZALO,SJL,EVALUACIÓN DE CRÉDITOS,422M,1,950,10,41648136LEO,3338422M1950,AGOSTO,M,SJL,IV,PRESENCIAL,(MIÉRCOLES)(SABADO),(PRE 07:00-10:45)(PRE 07:00-10:45),ASIGNADO,,PTC
3338,41648136,LEON ROMAN FERNANDO GONZALO,VIRTUAL,PORTAFOLIO DE PRODUCTOS Y SERVICIOS FINANCIEROS,405T,1,876,4,41648136LEO,3338405T1876,AGOSTO,T,VIRTUAL,IV,VIRTUAL,(MARTES),(VIR 14:30-17:30),ASIGNADO,,
3338,41648136,LEON ROMAN FERNANDO GONZALO,VIRTUAL,EVALUACIÓN DE CRÉDITOS,415N,1,346,5,41648136LEO,3338415N1346,AGOSTO,N,VIRTUAL,IV,VIRTUAL,(LUNES),(VIR 19:00-22:45),ASIGNADO,,
3338,41648136,LEON ROMAN FERNANDO GONZALO,PRC,BANCA COMERCIA,201N,2,498,10,41648136LEO,3338201N2498,AGOSTO,N,PRC,II,PRESENCIAL,(LUNES)(SABADO),(PRE 19:00-22:45)(PRE 19:00-22:45),ASIGNADO,,
3338,41648136,LEON ROMAN FERNANDO GONZALO,SJL,EVALUACIÓN DE CRÉDITOS,412N,2,946,10,41648136LEO,3338412N2946,AGOSTO,N,SJL,IV,PRESENCIAL,(MIÉRCOLES)(VIERNES),(PRE 19:00-22:45)(PRE 19:00-22:45),ASIGNADO,,
3338,41648136,LEON ROMAN FERNANDO GONZALO,VIRTUAL,PORTAFOLIO DE PRODUCTOS Y SERVICIOS FINANCIEROS,415N,1,881,4,41648136LEO,3338415N1881,AGOSTO,N,VIRTUAL,IV,VIRTUAL,(SABADO),(VIR 19:00-22:00),ASIGNADO,,
3339,41648136,LEON ROMAN FERNANDO GONZALO,VIRTUAL,EXPERIENCIA DEL CLIENTE,204N,1,139,5,41648136LEO,3339204N1139,AGOSTO,N,VIRTUAL,II,VIRTUAL,(MIÉRCOLES),(VIR 19:00-22:45),ASIGNADO,,
3339,41648136,LEON ROMAN FERNANDO GONZALO,VIRTUAL,EXPERIENCIA DEL CLIENTE,203N,1,138,5,41648136LEO,3339203N1138,AGOSTO,N,VIRTUAL,II,VIRTUAL,(VIERNES),(VIR 19:00-22:45),ASIGNADO,,
3340,41574213,LINARES GARCÍA EVELYN MARGOT,AQP,PLAN DE DESARROLLO DEL NEGOCIO,508M,2,339,8,41574213LIN,3340508M2339,AGOSTO,M,AQP,V,PRESENCIAL,(LUNES)(JUEVES),(PRE 07:00-10:00)(PRE 07:00-10:00),ASIGNADO,,PPH
3340,41574213,LINARES GARCÍA EVELYN MARGOT,AQP,PROYECTO INTEGRADOR,616M,2,394,12,41574213LIN,3340616M2394,AGOSTO,M,AQP,VI,PRESENCIAL,(MIÉRCOLES)(VIERNES),(PRE 07:00-11:30)(PRE 07:00-11:30),ASIGNADO,,PPH
3340,41574213,LINARES GARCÍA EVELYN MARGOT,AQP,CREATIVIDAD E INNOVACIÓN,308N,1,320,8,41574213LIN,3340308N1320,AGOSTO,N,AQP,III,PRESENCIAL,(MARTES)(VIERNES),(PRE 18:15-21:15)(PRE 19:00-22:00),ASIGNADO,,
3340,41574213,LINARES GARCÍA EVELYN MARGOT,VIRTUAL,PLAN DE DESARROLLO DE NEGOCIO DE TI,507N,1,837,5,41574213LIN,3340507N1837,AGOSTO,N,VIRTUAL,V,VIRTUAL,(JUEVES),(VIR 19:00-22:45),ASIGNADO,,
3340,41776741,LINARES LINARES DYANE JENNIFER BENITA,VIRTUAL,ALGORITMOS PARA LA SOLUCIÓN DE PROBLEMAS,219M,1,823,5,41776741LIN,3340219M1823,AGOSTO,M,VIRTUAL,II,VIRTUAL,(MARTES),(VIR 07:00-10:45),ASIGNADO,,PTC
3340,41776741,LINARES LINARES DYANE JENNIFER BENITA,VIRTUAL,TÉCNICAS DE PRUEBAS DE SOFTWARE,302M,1,775,5,41776741LIN,3340302M1775,AGOSTO,M,VIRTUAL,III,VIRTUAL,(MIÉRCOLES),(VIR 07:00-10:45),ASIGNADO,,PTC
3340,41776741,LINARES LINARES DYANE JENNIFER BENITA,VIRTUAL,TÉCNICAS DE PRUEBAS DE SOFTWARE,308M,2,777,5,41776741LIN,3340308M2777,AGOSTO,M,VIRTUAL,III,VIRTUAL,(MIÉRCOLES),(VIR 07:00-10:45),ASIGNADO,,PTC
3340,41776741,LINARES LINARES DYANE JENNIFER BENITA,VIRTUAL,DESARROLLO Y SOPORTE DE APLICACIONES MULTIPLATAFORMA,219M,1,826,5,41776741LIN,3340219M1826,AGOSTO,M,VIRTUAL,II,VIRTUAL,(JUEVES),(VIR 07:00-10:45),ASIGNADO,,PTC
3340,41776741,LINARES LINARES DYANE JENNIFER BENITA,VIRTUAL,"INFRAESTRUCTURAS, PLATAFORMAS Y SERVICIOS DE TECNOLOGÍAS DE LA INFORMACIÓN",206M,2,699,5,41776741LIN,3340206M2699,AGOSTO,M,VIRTUAL,II,VIRTUAL,(JUEVES),(VIR 07:00-10:45),ASIGNADO,,PTC
3340,41776741,LINARES LINARES DYANE JENNIFER BENITA,VIRTUAL,"INFRAESTRUCTURAS, PLATAFORMAS Y SERVICIOS DE TECNOLOGÍAS DE LA INFORMACIÓN",212M,2,702,5,41776741LIN,3340212M2702,AGOSTO,M,VIRTUAL,II,VIRTUAL,(VIERNES),(VIR 07:00-10:45),ASIGNADO,,PTC
3340,41776741,LINARES LINARES DYANE JENNIFER BENITA,VIRTUAL,FUNDAMENTOS DE DESARROLLO DE SOFTWARE,108N,1,1034,9,41776741LIN,3340108N11034,AGOSTO,N,VIRTUAL,I,VIRTUAL,(MARTES)(JUEVES)(SABADO),(VIR 19:00-21:15)(VIR 19:00-21:15)(VIR 19:00-21:15),ASIGNADO,,
3340,41776741,LINARES LINARES DYANE JENNIFER BENITA,VIRTUAL,TÉCNICAS DE PRUEBAS DE SOFTWARE,305N,2,776,5,41776741LIN,3340305N2776,AGOSTO,N,VIRTUAL,III,VIRTUAL,(MIÉRCOLES),(VIR 19:00-22:45),ASIGNADO,,
3340,41776741,LINARES LINARES DYANE JENNIFER BENITA,VIRTUAL,"INFRAESTRUCTURAS, PLATAFORMAS Y SERVICIOS DE TECNOLOGÍAS DE LA INFORMACIÓN",208N,2,701,5,41776741LIN,3340208N2701,AGOSTO,N,VIRTUAL,II,VIRTUAL,(JUEVES),(VIR 19:00-22:45),ASIGNADO,,
3340,41776741,LINARES LINARES DYANE JENNIFER BENITA,VIRTUAL,"INFRAESTRUCTURAS, PLATAFORMAS Y SERVICIOS DE TECNOLOGÍAS DE LA INFORMACIÓN",207N,2,700,5,41776741LIN,3340207N2700,AGOSTO,N,VIRTUAL,II,VIRTUAL,(VIERNES),(VIR 19:00-22:45),ASIGNADO,,
3341,41776741,LINARES LINARES DYANE JENNIFER BENITA,VIRTUAL,HERRAMIENTAS DIGITALES E INTELIGENCIA ARTIFICIAL,103N,1,148,6,41776741LIN,3341103N1148,AGOSTO,N,VIRTUAL,I,VIRTUAL,(MIÉRCOLES)(VIERNES),(VIR 19:00-22:00)(VIR 20:30-22:00),ASIGNADO,,
3340,30676797,LIRA MAMANI ELIZABETH JULIA,VIRTUAL,HERRAMIENTAS DIGITALES E INTELIGENCIA ARTIFICIAL,117N,,1008,3,30676797LIR,3340117N1008,AGOSTO,N,VIRTUAL,I,VIRTUAL,(LUNES),(VIR 19:00-21:15),ASIGNADO,,
3340,30676797,LIRA MAMANI ELIZABETH JULIA,VIRTUAL,HERRAMIENTAS DIGITALES E INTELIGENCIA ARTIFICIAL,116N,1,1007,6,30676797LIR,3340116N11007,AGOSTO,N,VIRTUAL,I,VIRTUAL,(MIÉRCOLES)(VIERNES),(VIR 19:00-22:00)(VIR 20:30-22:00),ASIGNADO,,
3340,30676797,LIRA MAMANI ELIZABETH JULIA,VIRTUAL,HERRAMIENTAS DIGITALES E INTELIGENCIA ARTIFICIAL,110N,1,996,6,30676797LIR,3340110N1996,AGOSTO,N,VIRTUAL,I,VIRTUAL,(MARTES)(JUEVES),(VIR 20:30-22:00)(VIR 19:00-22:00),ASIGNADO,,
3340,30676797,LIRA MAMANI ELIZABETH JULIA,VIRTUAL,HERRAMIENTAS DIGITALES E INTELIGENCIA ARTIFICIAL,111N,2,998,6,30676797LIR,3340111N2998,AGOSTO,N,VIRTUAL,I,VIRTUAL,(MARTES)(JUEVES),(VIR 20:30-22:00)(VIR 19:00-22:00),ASIGNADO,,
3340,45604027,LLAJARUNA TELLES ROBERTO ALONZO,AQP,ANÁLISIS DE LA INFORMACIÓN FINANCIERA,308N,2,308,12,45604027LLA,3340308N2308,AGOSTO,N,AQP,III,PRESENCIAL,(LUNES)(JUEVES)(SABADO),(PRE 19:00-22:00)(PRE 19:00-22:00)(PRE 19:00-22:00),ASIGNADO,,
3338,40599489,LLONTOP DE LOS SANTOS DIANA MINERVA,PRC,PLANEAMIENTO ESTRATÉGICO,501N,1,1165,12,40599489LLO,3338501N11165,AGOSTO,N,PRC,V,PRESENCIAL,(MARTES)(VIERNES),(PRE 18:15-22:45)(PRE 18:15-22:45),ASIGNADO,,
3338,40599489,LLONTOP DE LOS SANTOS DIANA MINERVA,VIRTUAL,LIDERAZGO COLABORATIVO PARA LA SOLUCIÓN DE PROBLEMAS,608N,2,1514,3,40599489LLO,3338608N21514,AGOSTO,N,VIRTUAL,VI,VIRTUAL,(VIERNES),(VIR 19:00-21:15),ASIGNADO,,
3340,40599489,LLONTOP DE LOS SANTOS DIANA MINERVA,VIRTUAL,TOMA DE DECISIONES ESTRATÉGICAS,613M,2,849,5,40599489LLO,3340613M2849,AGOSTO,M,VIRTUAL,VI,VIRTUAL,(SABADO),(VIR 07:00-10:45),ASIGNADO,,PPH
3340,40599489,LLONTOP DE LOS SANTOS DIANA MINERVA,VIRTUAL,Liderazgo estratégico,701N,1,1117,5,40599489LLO,3340701N11117,AGOSTO,N,VIRTUAL,IV,VIRTUAL,(LUNES),(VIR 19:00-22:45),ASIGNADO,,
3340,40599489,LLONTOP DE LOS SANTOS DIANA MINERVA,VIRTUAL,LIDERAZGO ESTRATÉGICO,408N,1,1088,5,40599489LLO,3340408N11088,AGOSTO,N,VIRTUAL,IV,VIRTUAL,(MIÉRCOLES),(VIR 19:00-22:45),ASIGNADO,,
3338,9779359,LLONTOP ROJAS MYRIAN MAGDALENA,SJL,CONTABILIDAD,215N,1,693,8,9779359LLO,3338215N1693,AGOSTO,N,SJL,II,PRESENCIAL,(LUNES)(MIÉRCOLES),(PRE 19:00-22:00)(PRE 19:00-22:00),ASIGNADO,,
3338,9779359,LLONTOP ROJAS MYRIAN MAGDALENA,SJL,EXPERIENCIA FORMATIVA EN SITUACIÓN REAL DE TRABAJO,414N,2,992,2,9779359LLO,3338414N2992,AGOSTO,N,SJL,IV,PRESENCIAL,(LUNES),(PRE 19:00-20:30),ASIGNADO,,
3338,9779359,LLONTOP ROJAS MYRIAN MAGDALENA,SJL,EXPERIENCIA FORMATIVA EN SITUACIÓN REAL DE TRABAJO,617N,2,1410,2,9779359LLO,3338617N21410,AGOSTO,N,SJL,VI,PRESENCIAL,(MIÉRCOLES),(PRE 19:00-20:30),ASIGNADO,,
3338,9779359,LLONTOP ROJAS MYRIAN MAGDALENA,SJL,EXPERIENCIA FORMATIVA EN SITUACIÓN REAL DE TRABAJO,217N,2,600,2,9779359LLO,3338217N2600,AGOSTO,N,SJL,II,PRESENCIAL,(LUNES),(PRE 20:30-22:00),ASIGNADO,,
3340,8729922,LOAYZA MARTINEZ MARITZA IVONNE,PRC,PENSAMIENTO LÓGICO,121N,2,953,12,8729922LOA,3340121N2953,AGOSTO,N,PRC,I,PRESENCIAL,(MARTES)(MIÉRCOLES)(SABADO),(PRE 19:00-22:45)(PRE 19:00-22:45)(PRE 20:30-22:00),ASIGNADO,,
3338,9190618,LOAYZA REYES WALBIN EDGARDO,PRC,EXPERIENCIA DEL CLIENTE,203M,2,559,10,9190618LOA,3338203M2559,AGOSTO,M,PRC,II,PRESENCIAL,(LUNES)(JUEVES),(PRE 07:00-10:45)(PRE 07:00-10:45),ASIGNADO,,PPH
3338,9190618,LOAYZA REYES WALBIN EDGARDO,VES,EXPERIENCIA DEL CLIENTE,232M,2,2026,10,9190618LOA,3338232M22026,AGOSTO,M,VES,II,PRESENCIAL,(MARTES)(VIERNES),(PRE 07:00-10:45)(PRE 07:00-10:45),ASIGNADO,,PPH
3340,9190618,LOAYZA REYES WALBIN EDGARDO,VES,EXPERIENCIA DEL CLIENTE,225M,1,1103,8,9190618LOA,3340225M11103,AGOSTO,M,VES,II,PRESENCIAL,(LUNES)(MIÉRCOLES),(PRE 07:00-10:00)(PRE 07:00-10:00),ASIGNADO,,PPH
3340,9190618,LOAYZA REYES WALBIN EDGARDO,PRC,EXPERIENCIA DEL CLIENTE,203M,1,215,10,9190618LOA,3340203M1215,AGOSTO,M,PRC,II,PRESENCIAL,(MARTES)(SABADO),(PRE 07:00-10:45)(PRE 07:00-10:45),ASIGNADO,,PPH
3338,29379916,LOPE ROJAS PERCY SALVADOR,AQP,FORMULACIÓN DE ESTADOS FINANCIEROS,511M,2,1254,10,29379916LOP,3338511M21254,AGOSTO,M,AQP,V,PRESENCIAL,(LUNES)(VIERNES),(PRE 07:00-10:45)(PRE 07:00-10:45),ASIGNADO,,PTP
3338,29379916,LOPE ROJAS PERCY SALVADOR,AQP,DINÁMICA DEL PLAN CONTABLE,113M,1,,10,29379916LOP,3338113M1,AGOSTO,M,AQP,I,PRESENCIAL,(LUNES)(MIÉRCOLES),(PRE 08:30-12:15)(PRE 08:30-12:15),ASIGNADO,,
3338,29379916,LOPE ROJAS PERCY SALVADOR,AQP,EXPERIENCIA FORMATIVA EN SITUACIÓN REAL DE TRABAJO,417M,2,993,2,29379916LOP,3338417M2993,AGOSTO,M,AQP,IV,PRESENCIAL,(MIÉRCOLES),(PRE 08:30-10:00),ASIGNADO,,
3338,29379916,LOPE ROJAS PERCY SALVADOR,VIRTUAL,CONTROL INTERNO,502N,1,1276,5,29379916LOP,3338502N11276,AGOSTO,N,VIRTUAL,V,VIRTUAL,(LUNES)(MIÉRCOLES),(VIR 19:00-21:15)(VIR 19:00-20:30),ASIGNADO,,
3341,29379916,LOPE ROJAS PERCY SALVADOR,VIRTUAL,CONTABILIDAD,203N,2,104,4,29379916LOP,3341203N2104,AGOSTO,N,VIRTUAL,II,VIRTUAL,(MIÉRCOLES),(VIR 19:00-22:00),ASIGNADO,,
3340,29223562,LOPEZ ARENAS HECTOR ANTONIO,AQP,ANÁLISIS DE LA INFORMACIÓN FINANCIERA,310M,1,309,12,29223562LOP,3340310M1309,AGOSTO,M,AQP,III,PRESENCIAL,(JUEVES)(SABADO),(PRE 07:00-11:30)(PRE 07:00-11:30),ASIGNADO,,PPH
3334,9623259,LOPEZ PEDEMONTE JEANETTE,VIRTUAL,EXPERIENCIA FORMATIVA EN SITUACIÓN REAL DE TRABAJO,204N,2,69,2,9623259LOP,3334204N269,JUNIO,N,VIRTUAL,II,VIRTUAL,(SABADO),(VIR 20:30-22:00),ASIGNADO,,
3338,45816237,LOZA ARISTA LESLY GIULIANA,VIRTUAL,TIPOGRAFÍA Y LETTERING,127N,1,2003,8,45816237LOZ,3338127N12003,AGOSTO,N,VIRTUAL,I,VIRTUAL,(LUNES)(VIERNES),(VIR 19:00-22:00)(VIR 19:00-22:00),ASIGNADO,,
3338,45816237,LOZA ARISTA LESLY GIULIANA,VIRTUAL,DIBUJO DIGITAL VECTORIAL,128N,2,1994,10,45816237LOZ,3338128N21994,AGOSTO,N,VIRTUAL,I,VIRTUAL,(LUNES)(VIERNES),(VIR 19:00-22:45)(VIR 19:00-22:45),ASIGNADO,,
3338,45816237,LOZA ARISTA LESLY GIULIANA,VIRTUAL,EDICIÓN DIGITAL,225N,1,411,8,45816237LOZ,3338225N1411,AGOSTO,N,VIRTUAL,II,VIRTUAL,(MARTES)(JUEVES),(VIR 19:00-22:00)(VIR 19:00-22:00),ASIGNADO,,
3338,45816237,LOZA ARISTA LESLY GIULIANA,VIRTUAL,EXPERIENCIA FORMATIVA EN SITUACIÓN REAL DE TRABAJO,N33N,2,,2,45816237LOZ,3338N33N2,AGOSTO,N,VIRTUAL,VI,VIRTUAL,(SABADO),(VIR 19:00-20:30),ASIGNADO,,
3338,45816237,LOZA ARISTA LESLY GIULIANA,VIRTUAL,EXPERIENCIA FORMATIVA EN SITUACIÓN REAL DE TRABAJO,225N,2,416,2,45816237LOZ,3338225N2416,AGOSTO,N,VIRTUAL,II,VIRTUAL,(JUEVES),(VIR 20:30-22:00),ASIGNADO,,
3338,45816237,LOZA ARISTA LESLY GIULIANA,VIRTUAL,EXPERIENCIA FORMATIVA EN SITUACIÓN REAL DE TRABAJO,622N,2,,2,45816237LOZ,3338622N2,AGOSTO,N,VIRTUAL,VI,VIRTUAL,(SABADO),(VIR 20:30-22:00),ASIGNADO,,
3337,70315314,LOZADA MEDINA GUSTAVO JESUS,VIRTUAL,MARKETING,201N,2,22,4,70315314LOZ,3337201N222,JUNIO,N,VIRTUAL,II,VIRTUAL,(VIERNES),(VIR 19:00-22:00),ASIGNADO,,
3338,40217427,LOZANO ROCA MARKO MARTIN,NOR,PENSAMIENTO LÓGICO,118N,1,1876,12,40217427LOZ,3338118N11876,AGOSTO,N,NOR,I,PRESENCIAL,(MARTES)(JUEVES)(VIERNES),(PRE 19:00-22:45)(PRE 20:30-22:00)(PRE 19:00-22:45),ASIGNADO,,
3338,40217427,LOZANO ROCA MARKO MARTIN,NOR,PENSAMIENTO LÓGICO,113N,2,1866,12,40217427LOZ,3338113N21866,AGOSTO,N,NOR,I,PRESENCIAL,(LUNES)(JUEVES)(SABADO),(PRE 20:30-22:00)(PRE 19:00-22:45)(PRE 19:00-22:45),ASIGNADO,,
3337,42385934,LUNA CABRERA KATRIN ANGELA,VIRTUAL,RECURSOS HUMANOS,101N,2,19,5,42385934LUN,3337101N219,JUNIO,N,VIRTUAL,I,VIRTUAL,(LUNES)(VIERNES),(VIR 19:00-20:30)(VIR 19:00-21:15),ASIGNADO,,
3338,42385934,LUNA CABRERA KATRIN ANGELA,VIRTUAL,LIDERAZGO COLABORATIVO PARA LA SOLUCIÓN DE PROBLEMAS,632M,2,2049,3,42385934LUN,3338632M22049,AGOSTO,M,VIRTUAL,VI,VIRTUAL,(LUNES),(VIR 07:00-09:15),ASIGNADO,,PTC IN
3338,42385934,LUNA CABRERA KATRIN ANGELA,VIRTUAL,DESARROLLO PROFESIONAL,113M,1,1741,2,42385934LUN,3338113M11741,AGOSTO,M,VIRTUAL,I,VIRTUAL,(MARTES),(VIR 07:00-08:30),ASIGNADO,,PTC IN
3338,42385934,LUNA CABRERA KATRIN ANGELA,VIRTUAL,DESARROLLO PROFESIONAL,108M,1,1734,2,42385934LUN,3338108M11734,AGOSTO,M,VIRTUAL,I,VIRTUAL,(MIÉRCOLES),(VIR 07:00-08:30),ASIGNADO,,PTC IN
3338,42385934,LUNA CABRERA KATRIN ANGELA,VIRTUAL,DESARROLLO PROFESIONAL,119M,1,1750,2,42385934LUN,3338119M11750,AGOSTO,M,VIRTUAL,I,VIRTUAL,(MARTES),(VIR 08:30-10:00),ASIGNADO,,
3338,42385934,LUNA CABRERA KATRIN ANGELA,VIRTUAL,DESARROLLO PROFESIONAL,112N,1,1740,2,42385934LUN,3338112N11740,AGOSTO,N,VIRTUAL,I,VIRTUAL,(MARTES),(VIR 19:00-20:30),ASIGNADO,,
3338,42385934,LUNA CABRERA KATRIN ANGELA,VIRTUAL,DESARROLLO PROFESIONAL,111N,2,1739,2,42385934LUN,3338111N21739,AGOSTO,N,VIRTUAL,I,VIRTUAL,(MARTES),(VIR 19:00-20:30),ASIGNADO,,
3338,42385934,LUNA CABRERA KATRIN ANGELA,VIRTUAL,DESARROLLO PROFESIONAL,110N,1,1738,2,42385934LUN,3338110N11738,AGOSTO,N,VIRTUAL,I,VIRTUAL,(MIÉRCOLES),(VIR 19:00-20:30),ASIGNADO,,
3338,42385934,LUNA CABRERA KATRIN ANGELA,VIRTUAL,DESARROLLO PROFESIONAL,121N,1,1755,2,42385934LUN,3338121N11755,AGOSTO,N,VIRTUAL,I,VIRTUAL,(MARTES),(VIR 20:30-22:00),ASIGNADO,,
3339,42385934,LUNA CABRERA KATRIN ANGELA,VIRTUAL,DESARROLLO PROFESIONAL,104N,2,208,2,42385934LUN,3339104N2208,AGOSTO,N,VIRTUAL,I,VIRTUAL,(SABADO),(VIR 19:00-20:30),ASIGNADO,,
3340,42911986,LUQUE GARCIA DE BARREDA MARIA DEL PILAR,AQP,EXPERIENCIA DEL CLIENTE,201T,1,212,10,42911986LUQ,3340201T1212,AGOSTO,T,AQP,II,PRESENCIAL,(LUNES)(JUEVES),(PRE 14:30-18:15)(PRE 14:30-18:15),ASIGNADO,,
3340,42911986,LUQUE GARCIA DE BARREDA MARIA DEL PILAR,AQP,EXPERIENCIA DEL CLIENTE,215N,1,229,10,42911986LUQ,3340215N1229,AGOSTO,N,AQP,II,PRESENCIAL,(MIÉRCOLES)(SABADO),(PRE 18:15-22:00)(PRE 18:15-22:00),ASIGNADO,,
3340,9385329,"MAGUIÑA BALLON, ANDRE ARMEL",VIRTUAL,METODOLOGÍA CUANTITATIVA,310M,1,504,6,9385329MAG,3340310M1504,AGOSTO,M,VIRTUAL,III,VIRTUAL,(LUNES)(VIERNES),(VIR 07:00-09:15)(VIR 07:00-09:15),ASIGNADO,,PTC
3340,9385329,"MAGUIÑA BALLON, ANDRE ARMEL",VIRTUAL,METODOLOGÍA CUANTITATIVA,302M,2,496,6,9385329MAG,3340302M2496,AGOSTO,M,VIRTUAL,III,VIRTUAL,(LUNES)(MIÉRCOLES),(VIR 07:00-09:15)(VIR 07:00-09:15),ASIGNADO,,PTC
3340,9385329,"MAGUIÑA BALLON, ANDRE ARMEL",VIRTUAL,METODOLOGÍA CUANTITATIVA,305M,1,500,6,9385329MAG,3340305M1500,AGOSTO,M,VIRTUAL,III,VIRTUAL,(MIÉRCOLES)(SABADO),(VIR 07:00-09:15)(VIR 07:00-09:15),ASIGNADO,,PTC
3340,9385329,"MAGUIÑA BALLON, ANDRE ARMEL",VIRTUAL,ÉTICA PROFESIONAL,501N,1,521,3,9385329MAG,3340501N1521,AGOSTO,N,VIRTUAL,V,VIRTUAL,(MIÉRCOLES),(VIR 19:00-21:15),ASIGNADO,,
3340,9385329,"MAGUIÑA BALLON, ANDRE ARMEL",VIRTUAL,ÉTICA PROFESIONAL,508N,2,527,3,9385329MAG,3340508N2527,AGOSTO,N,VIRTUAL,V,VIRTUAL,(SABADO),(VIR 19:00-21:15),ASIGNADO,,
3341,9385329,"MAGUIÑA BALLON, ANDRE ARMEL",VIRTUAL,INTRODUCCIÓN A LA INVESTIGACIÓN,C01N,2,150,6,9385329MAG,3341C01N2150,AGOSTO,N,VIRTUAL,I,VIRTUAL,(MIÉRCOLES),(VIR 18:15-22:45),ASIGNADO,,
3338,6792337,MAGUIÑA PRUDENCIO EGEL GODOFREDO,SJL,PENSAMIENTO LÓGICO,104N,2,1855,12,6792337MAG,3338104N21855,AGOSTO,N,SJL,I,PRESENCIAL,(MARTES)(JUEVES)(SABADO),(PRE 19:00-22:45)(PRE 19:00-22:45)(PRE 19:00-20:30),ASIGNADO,,
3338,6792337,MAGUIÑA PRUDENCIO EGEL GODOFREDO,PRC,PENSAMIENTO LÓGICO,119N,1,1878,12,6792337MAG,3338119N11878,AGOSTO,N,PRC,I,PRESENCIAL,(MIÉRCOLES)(VIERNES)(SABADO),(PRE 19:00-22:45)(PRE 19:00-22:45)(PRE 20:30-22:00),ASIGNADO,,
3338,46069339,MAMANI ROQUE EDUARDO LUIS,AQP,SISTEMAS CONTABLES INTEGRADOS,417M,1,1011,10,46069339MAM,3338417M11011,AGOSTO,M,AQP,IV,PRESENCIAL,(LUNES)(MIÉRCOLES),(PRE 07:00-10:45)(PRE 07:00-10:45),ASIGNADO,,PTC
3338,46069339,MAMANI ROQUE EDUARDO LUIS,VIRTUAL,PENSAMIENTO LÓGICO,105M,2,1773,6,46069339MAM,3338105M21773,AGOSTO,M,VIRTUAL,I,VIRTUAL,(LUNES)(MIÉRCOLES),(VIR 07:00-09:15)(VIR 07:00-09:15),ASIGNADO,,PTC
3338,46069339,MAMANI ROQUE EDUARDO LUIS,AQP,SISTEMAS DE PROCESOS CONTABLES,310M,1,839,10,46069339MAM,3338310M1839,AGOSTO,M,AQP,III,PRESENCIAL,(JUEVES)(VIERNES),(PRE 07:00-10:45)(PRE 07:00-10:45),ASIGNADO,,PTC
3338,46069339,MAMANI ROQUE EDUARDO LUIS,AQP,EXPERIENCIA FORMATIVA EN SITUACIÓN REAL DE TRABAJO,220M,2,601,2,46069339MAM,3338220M2601,AGOSTO,M,AQP,II,PRESENCIAL,(JUEVES),(PRE 07:00-08:30),ASIGNADO,,PTC
3338,46069339,MAMANI ROQUE EDUARDO LUIS,AQP,PENSAMIENTO LÓGICO,113M,2,1865,12,46069339MAM,3338113M21865,AGOSTO,M,AQP,I,PRESENCIAL,(MARTES)(JUEVES)(VIERNES),(PRE 08:30-12:15)(PRE 08:30-12:15)(PRE 08:30-10:00),ASIGNADO,,
3338,46069339,MAMANI ROQUE EDUARDO LUIS,AQP,EXPERIENCIA FORMATIVA EN SITUACIÓN REAL DE TRABAJO,212N,2,598,2,46069339MAM,3338212N2598,AGOSTO,N,AQP,II,PRESENCIAL,(VIERNES),(PRE 18:15-19:45),ASIGNADO,,
3338,46069339,MAMANI ROQUE EDUARDO LUIS,VIRTUAL,PENSAMIENTO LÓGICO,109N,1,1778,6,46069339MAM,3338109N11778,AGOSTO,N,VIRTUAL,I,VIRTUAL,(LUNES)(MIÉRCOLES),(VIR 19:00-21:15)(VIR 19:00-21:15),ASIGNADO,,
3338,46069339,MAMANI ROQUE EDUARDO LUIS,VIRTUAL,PENSAMIENTO LÓGICO,108N,2,1777,6,46069339MAM,3338108N21777,AGOSTO,N,VIRTUAL,I,VIRTUAL,(LUNES)(MIÉRCOLES),(VIR 19:00-21:15)(VIR 19:00-21:15),ASIGNADO,,
3339,46069339,MAMANI ROQUE EDUARDO LUIS,VIRTUAL,ANÁLISIS E INTERPRETACIÓN DE ESTADOS FINANCIEROS,602N,1,182,6,46069339MAM,3339602N1182,AGOSTO,N,VIRTUAL,VI,VIRTUAL,(VIERNES),(VIR 18:15-22:45),ASIGNADO,,
3338,10760110,MAMANI TIPULA ERNESTO ELIAS,NOR,PENSAMIENTO LÓGICO,115N,1,1870,12,10760110MAM,3338115N11870,AGOSTO,N,NOR,I,PRESENCIAL,(LUNES)(JUEVES)(SABADO),(PRE 19:00-22:45)(PRE 19:00-20:30)(PRE 19:00-22:45),ASIGNADO,,
3338,10760110,MAMANI TIPULA ERNESTO ELIAS,NOR,PENSAMIENTO LÓGICO,112N,2,1864,12,10760110MAM,3338112N21864,AGOSTO,N,NOR,I,PRESENCIAL,(LUNES)(MIÉRCOLES)(VIERNES),(PRE 19:00-20:30)(PRE 19:00-22:45)(PRE 19:00-22:45),ASIGNADO,,
3338,40782389,MANRIQUE QUENAYA ROMMY ZARELLA,VIRTUAL,PRESENTACIÓN Y SUSTENTO DE CONCEPTOS PUBLICITARIOS,231M,2,471,8,40782389MAN,3338231M2471,AGOSTO,M,VIRTUAL,II,VIRTUAL,(MARTES)(JUEVES),(VIR 07:45-10:45)(VIR 07:45-10:45),ASIGNADO,,
3338,40641792,MANRIQUE SILVA JOSE LUIS,SJL,EMPRENDIMIENTO: PROYECTO INTEGRADOR,622M,2,1432,12,40641792MAN,3338622M21432,AGOSTO,M,SJL,VI,PRESENCIAL,(LUNES)(MIÉRCOLES),(PRE 07:00-11:30)(PRE 07:00-11:30),ASIGNADO,,PTD
3338,40641792,MANRIQUE SILVA JOSE LUIS,VIRTUAL,EMPRENDIMIENTO: MODELO DE NEGOCIO,426M,1,345,6,40641792MAN,3338426M1345,AGOSTO,M,VIRTUAL,IV,VIRTUAL,(JUEVES),(VIR 07:00-11:30),ASIGNADO,,PTD
3338,40641792,MANRIQUE SILVA JOSE LUIS,NOR,EMPRENDIMIENTO: PLAN DE DESARROLLO DEL NEGOCIO,508M,1,1156,10,40641792MAN,3338508M11156,AGOSTO,M,NOR,V,PRESENCIAL,(VIERNES)(SABADO),(PRE 07:00-10:45)(PRE 07:00-10:45),ASIGNADO,,PTD
3338,40641792,MANRIQUE SILVA JOSE LUIS,NOR,EMPRENDIMIENTO: MODELO DE NEGOCIO,409N,1,1032,10,40641792MAN,3338409N11032,AGOSTO,N,NOR,IV,PRESENCIAL,(LUNES)(VIERNES),(PRE 19:00-22:45)(PRE 19:00-22:45),ASIGNADO,,
3338,40641792,MANRIQUE SILVA JOSE LUIS,NOR,EMPRENDIMIENTO: PLAN DE DESARROLLO DEL NEGOCIO,506N,2,1153,10,40641792MAN,3338506N21153,AGOSTO,N,NOR,V,PRESENCIAL,(LUNES)(SABADO),(PRE 19:00-22:45)(PRE 19:00-22:45),ASIGNADO,,
3338,40641792,MANRIQUE SILVA JOSE LUIS,NOR,EMPRENDIMIENTO: MODELO DE NEGOCIO,407N,1,896,10,40641792MAN,3338407N1896,AGOSTO,N,NOR,IV,PRESENCIAL,(MARTES)(JUEVES),(PRE 19:00-22:45)(PRE 19:00-22:45),ASIGNADO,,
3338,40641792,MANRIQUE SILVA JOSE LUIS,NOR,LIDERAZGO COLABORATIVO PARA LA SOLUCIÓN DE PROBLEMAS,611N,2,1488,6,40641792MAN,3338611N21488,AGOSTO,N,NOR,VI,PRESENCIAL,(MARTES)(JUEVES),(PRE 19:00-21:15)(PRE 20:30-22:45),ASIGNADO,,
3338,40641792,MANRIQUE SILVA JOSE LUIS,VIRTUAL,IMPACTO AMBIENTAL DE LOS NEGOCIOS,N32N,1,,3,40641792MAN,3338N32N1,AGOSTO,N,VIRTUAL,V,VIRTUAL,(MIÉRCOLES),(VIR 19:00-21:15),ASIGNADO,,
3339,40641792,MANRIQUE SILVA JOSE LUIS,VIRTUAL,EMPRENDIMIENTO: MODELO DE NEGOCIO,401M,2,100,6,40641792MAN,3339401M2100,AGOSTO,M,VIRTUAL,IV,VIRTUAL,(VIERNES),(VIR 07:00-11:30),ASIGNADO,,PTD
3340,47575545,Manrique Torreblanca Felipe Edgardo,AQP,PROCESOS EMPRESARIALES,220M,1,280,10,47575545MAN,3340220M1280,AGOSTO,M,AQP,II,PRESENCIAL,(LUNES)(JUEVES),(PRE 07:00-10:45)(PRE 07:00-10:45),ASIGNADO,,PTC
3340,47575545,Manrique Torreblanca Felipe Edgardo,VIRTUAL,PERSONAL BRANDING,604M,2,453,4,47575545MAN,3340604M2453,AGOSTO,M,VIRTUAL,VI,VIRTUAL,(LUNES),(VIR 07:00-10:00),ASIGNADO,,PTC
3340,47575545,Manrique Torreblanca Felipe Edgardo,AQP,PROCESOS EMPRESARIALES,221M,1,281,10,47575545MAN,3340221M1281,AGOSTO,M,AQP,II,PRESENCIAL,(MIÉRCOLES)(SABADO),(PRE 07:00-10:45)(PRE 07:00-10:45),ASIGNADO,,PTC
3340,47575545,Manrique Torreblanca Felipe Edgardo,AQP,LIDERAZGO ESTRATÉGICO,413M,2,588,10,47575545MAN,3340413M2588,AGOSTO,M,AQP,IV,PRESENCIAL,(MIÉRCOLES)(VIERNES),(PRE 07:00-10:45)(PRE 07:00-10:45),ASIGNADO,,PTC
3340,47575545,Manrique Torreblanca Felipe Edgardo,AQP,EXPERIENCIAS FORMATIVAS EN SITUACIONES REALES DE TRABAJO,221M,2,299,2,47575545MAN,3340221M2299,AGOSTO,M,AQP,II,PRESENCIAL,(JUEVES),(PRE 08:30-10:00),ASIGNADO,,
3340,47575545,Manrique Torreblanca Felipe Edgardo,AQP,PROCESOS EMPRESARIALES,215N,1,278,10,47575545MAN,3340215N1278,AGOSTO,N,AQP,II,PRESENCIAL,(LUNES)(MARTES),(PRE 18:15-22:00)(PRE 18:15-22:00),ASIGNADO,,
3340,47575545,Manrique Torreblanca Felipe Edgardo,VIRTUAL,EXPERIENCIAS FORMATIVAS EN SITUACIONES REALES DE TRABAJO,406N,2,582,2,47575545MAN,3340406N2582,AGOSTO,N,VIRTUAL,IV,VIRTUAL,(LUNES),(VIR 19:00-20:30),ASIGNADO,,
3340,47575545,Manrique Torreblanca Felipe Edgardo,VIRTUAL,ADMINISTRACIÓN DE NEGOCIOS,120N,2,887,5,47575545MAN,3340120N2887,AGOSTO,N,VIRTUAL,I,VIRTUAL,(SABADO),(VIR 19:00-22:45),ASIGNADO,,
3340,47575545,Manrique Torreblanca Felipe Edgardo,VIRTUAL,EXPERIENCIAS FORMATIVAS EN SITUACIONES REALES DE TRABAJO,608N,2,622,2,47575545MAN,3340608N2622,AGOSTO,N,VIRTUAL,VI,VIRTUAL,(JUEVES),(VIR 21:15-22:45),ASIGNADO,,
3341,47575545,Manrique Torreblanca Felipe Edgardo,VIRTUAL,PROCESOS EMPRESARIALES,202N,2,108,5,47575545MAN,3341202N2108,AGOSTO,N,VIRTUAL,II,VIRTUAL,(MIÉRCOLES),(VIR 19:00-22:45),ASIGNADO,,
3340,6623018,MANRIQUE ZAMALLOA JOSE SANTIAGO,PRC,PLANEAMIENTO ESTRATÉGICO,501M,1,323,12,6623018MAN,3340501M1323,AGOSTO,M,PRC,V,PRESENCIAL,(JUEVES)(SABADO),(PRE 07:00-11:30)(PRE 07:00-11:30),ASIGNADO,,PTC IN
3340,6623018,MANRIQUE ZAMALLOA JOSE SANTIAGO,PRC,PLANEAMIENTO ESTRATÉGICO,501N,1,324,12,6623018MAN,3340501N1324,AGOSTO,N,PRC,V,PRESENCIAL,(LUNES)(VIERNES),(PRE 18:15-22:45)(PRE 18:15-22:45),ASIGNADO,,
3340,6623018,MANRIQUE ZAMALLOA JOSE SANTIAGO,VIRTUAL,Planeamiento Estratégico,801N,2,1146,6,6623018MAN,3340801N21146,AGOSTO,N,VIRTUAL,V,VIRTUAL,(MARTES),(VIR 18:15-22:45),ASIGNADO,,
3341,6623018,MANRIQUE ZAMALLOA JOSE SANTIAGO,VIRTUAL,PLANEAMIENTO ESTRATÉGICO,501N,2,44,5,6623018MAN,3341501N244,AGOSTO,N,VIRTUAL,V,VIRTUAL,(MIÉRCOLES),(VIR 19:00-22:45),ASIGNADO,,
3338,46497232,MANTARI RAMOS MARA ANGELICA,NOR,TALLER DE DESARROLLO GRÁFICO,217M,1,720,12,46497232MAN,3338217M1720,AGOSTO,M,NOR,II,PRESENCIAL,(MIÉRCOLES)(VIERNES),(PRE 07:00-11:30)(PRE 07:00-11:30),ASIGNADO,,PTP
3338,46497232,MANTARI RAMOS MARA ANGELICA,NOR,EXPERIENCIA FORMATIVA EN SITUACIÓN REAL DE TRABAJO,217M,2,736,2,46497232MAN,3338217M2736,AGOSTO,M,NOR,II,PRESENCIAL,(VIERNES),(PRE 07:00-08:30),ASIGNADO,,PTP
3338,46497232,MANTARI RAMOS MARA ANGELICA,NOR,DIBUJO DIGITAL VECTORIAL,127M,2,1946,10,46497232MAN,3338127M21946,AGOSTO,M,NOR,I,PRESENCIAL,(MARTES)(JUEVES),(PRE 10:45-14:30)(PRE 10:45-14:30),ASIGNADO,,
3338,46497232,MANTARI RAMOS MARA ANGELICA,VIRTUAL,DIBUJO DIGITAL VECTORIAL,129N,1,,10,46497232MAN,3338129N1,AGOSTO,N,VIRTUAL,I,VIRTUAL,(LUNES)(VIERNES),(VIR 19:00-22:45)(VIR 19:00-22:45),ASIGNADO,,
3338,46497232,MANTARI RAMOS MARA ANGELICA,VIRTUAL,CULTURA VISUAL,125N,2,1959,10,46497232MAN,3338125N21959,AGOSTO,N,VIRTUAL,I,VIRTUAL,(LUNES)(MIÉRCOLES),(VIR 19:00-22:45)(VIR 19:00-22:45),ASIGNADO,,
3338,46497232,MANTARI RAMOS MARA ANGELICA,NOR,EXPERIENCIA FORMATIVA EN SITUACIÓN REAL DE TRABAJO,410N,2,1141,2,46497232MAN,3338410N21141,AGOSTO,N,NOR,IV,PRESENCIAL,(VIERNES),(PRE 19:00-20:30),ASIGNADO,,
3338,6696779,MARAVI ZEGARRA RONALD ENRIQUE,SJL,PLANEAMIENTO ESTRATÉGICO,513M,1,1174,12,6696779MAR,3338513M11174,AGOSTO,M,SJL,V,PRESENCIAL,(JUEVES)(SABADO),(PRE 07:00-11:30)(PRE 07:00-11:30),ASIGNADO,,PTC IN
3338,6696779,MARAVI ZEGARRA RONALD ENRIQUE,SJL,PLANEAMIENTO ESTRATÉGICO,510N,1,1173,12,6696779MAR,3338510N11173,AGOSTO,N,SJL,V,PRESENCIAL,(LUNES)(VIERNES),(PRE 18:15-22:45)(PRE 18:15-22:45),ASIGNADO,,
3340,6155930,MARIN VARGAS OSWALDO MANUEL MARTIN,NOR,CONTABILIDAD,209M,1,256,8,6155930MAR,3340209M1256,AGOSTO,M,NOR,II,PRESENCIAL,(JUEVES)(SABADO),(PRE 07:00-10:00)(PRE 07:00-10:00),ASIGNADO,,PTC IN
3338,7436260,MARMANILLO SANTANA JORGE LUIS,SJL,BIG DATA APLICADA A LOS NEGOCIOS,312M,1,787,10,7436260MAR,3338312M1787,AGOSTO,M,SJL,III,PRESENCIAL,(LUNES)(VIERNES),(PRE 07:00-10:45)(PRE 07:00-10:45),ASIGNADO,,PTC IN
3338,7436260,MARMANILLO SANTANA JORGE LUIS,SJL,HERRAMIENTAS DIGITALES PARA LOS NEGOCIOS,222M,1,646,10,7436260MAR,3338222M1646,AGOSTO,M,SJL,II,PRESENCIAL,(MIÉRCOLES)(SABADO),(PRE 07:00-10:45)(PRE 07:00-10:45),ASIGNADO,,PTC IN
3338,7436260,MARMANILLO SANTANA JORGE LUIS,SJL,HERRAMIENTAS DIGITALES E INTELIGENCIA ARTIFICIAL,111M,2,1932,12,7436260MAR,3338111M21932,AGOSTO,M,SJL,I,PRESENCIAL,(LUNES)(JUEVES)(SABADO),(PRE 08:30-10:00)(PRE 07:00-10:45)(PRE 07:00-10:45),ASIGNADO,,PTC IN
3338,7436260,MARMANILLO SANTANA JORGE LUIS,NOR,HERRAMIENTAS DIGITALES E INTELIGENCIA ARTIFICIAL,115N,1,1935,12,7436260MAR,3338115N11935,AGOSTO,N,NOR,I,PRESENCIAL,(MARTES)(JUEVES)(VIERNES),(PRE 19:00-22:45)(PRE 20:30-22:00)(PRE 19:00-22:45),ASIGNADO,,
3338,7436260,MARMANILLO SANTANA JORGE LUIS,NOR,BIG DATA APLICADA A LOS NEGOCIOS,307N,2,784,10,7436260MAR,3338307N2784,AGOSTO,N,NOR,III,PRESENCIAL,(MARTES)(VIERNES),(PRE 19:00-22:45)(PRE 19:00-22:45),ASIGNADO,,
3338,40774582,MARQUEZ MILUSSICH REYNALDO RONAL,SJL,EMPRENDIMIENTO: PROYECTO INTEGRADOR,625M,1,1433,12,40774582MAR,3338625M11433,AGOSTO,M,SJL,VI,PRESENCIAL,(MARTES)(VIERNES),(PRE 07:00-11:30)(PRE 07:00-11:30),ASIGNADO,,PTP
3338,40774582,MARQUEZ MILUSSICH REYNALDO RONAL,PRC,EMPRENDIMIENTO: CREATIVIDAD E INNOVACIÓN,302N,1,761,10,40774582MAR,3338302N1761,AGOSTO,N,PRC,III,PRESENCIAL,(MIÉRCOLES)(SABADO),(PRE 19:00-22:45)(PRE 19:00-22:45),ASIGNADO,,
3340,40774582,MARQUEZ MILUSSICH REYNALDO RONAL,SJL,METODOLOGÍAS ÁGILES PARA LA INNOVACIÓN,409M,1,591,8,40774582MAR,3340409M1591,AGOSTO,M,SJL,IV,PRESENCIAL,(LUNES)(JUEVES),(PRE 07:00-10:00)(PRE 07:00-10:00),ASIGNADO,,PTP
3340,40774582,MARQUEZ MILUSSICH REYNALDO RONAL,SJL,PROYECTO INTEGRADOR,610M,2,393,12,40774582MAR,3340610M2393,AGOSTO,M,SJL,VI,PRESENCIAL,(MARTES)(JUEVES),(PRE 07:00-11:30)(PRE 07:00-11:30),ASIGNADO,,PTP
3340,40774582,MARQUEZ MILUSSICH REYNALDO RONAL,PRC,PROYECTO INTEGRADOR,601M,2,380,12,40774582MAR,3340601M2380,AGOSTO,M,PRC,VI,PRESENCIAL,(MIÉRCOLES)(VIERNES),(PRE 07:00-11:30)(PRE 07:00-11:30),ASIGNADO,,PTP
3341,40774582,MARQUEZ MILUSSICH REYNALDO RONAL,VIRTUAL,CREATIVIDAD E INNOVACIÓN,302N,2,38,5,40774582MAR,3341302N238,AGOSTO,N,VIRTUAL,III,VIRTUAL,(LUNES),(VIR 19:00-22:45),ASIGNADO,,
3338,41066835,MARROQUIN PACHECO RUTH,VIRTUAL,INGLÉS APLICADO A PROYECTOS EMPRESARIALES,405M,2,1119,6,41066835MAR,3338405M21119,AGOSTO,M,VIRTUAL,IV,VIRTUAL,(LUNES)(MIÉRCOLES),(VIR 07:00-09:15)(VIR 07:00-09:15),ASIGNADO,,PPH
3338,41066835,MARROQUIN PACHECO RUTH,VIRTUAL,INGLÉS APLICADO A PROYECTOS EMPRESARIALES,411M,2,1102,6,41066835MAR,3338411M21102,AGOSTO,M,VIRTUAL,IV,VIRTUAL,(MARTES)(JUEVES),(VIR 07:00-09:15)(VIR 07:00-09:15),ASIGNADO,,PPH
3338,41159072,MARTEL ACOSTA CESAR RONALD,VES,EMPRENDIMIENTO: MODELO DE NEGOCIO,420N,1,2035,10,41159072MAR,3338420N12035,AGOSTO,N,VES,IV,PRESENCIAL,(MIÉRCOLES)(VIERNES),(PRE 19:00-22:45)(PRE 19:00-22:45),ASIGNADO,,
3340,41159072,MARTEL ACOSTA CESAR RONALD,SJL,PROYECTO INTEGRADOR,605N,2,391,12,41159072MAR,3340605N2391,AGOSTO,N,SJL,VI,PRESENCIAL,(LUNES)(VIERNES),(PRE 18:15-22:45)(PRE 18:15-22:45),ASIGNADO,,
3336,47585002,MARTÍNEZ  ESPINAL FIORELLA ELIZABETH,SJL,EXPERIENCIA DEL CLIENTE,203N,2,35,10,47585002MAR,3336203N235,JUNIO,N,SJL,II,PRESENCIAL,(MIÉRCOLES)(VIERNES),(PRE 19:00-22:45)(PRE 19:00-22:45),ASIGNADO,,
3340,47585002,MARTÍNEZ  ESPINAL FIORELLA ELIZABETH,ATE,EXPERIENCIA DEL CLIENTE,207M,1,220,10,47585002MAR,3340207M1220,AGOSTO,M,ATE,II,PRESENCIAL,(MIÉRCOLES)(VIERNES),(PRE 07:00-10:45)(PRE 07:00-10:45),ASIGNADO,,PPH
3335,41480891,MARTINEZ ALEGRE LUIS ARTURO,VIRTUAL,PENSAMIENTO LÓGICO PARA LOS NEGOCIOS,103N,2,16,6,41480891MAR,3335103N216,JUNIO,N,VIRTUAL,I,VIRTUAL,(LUNES),(VIR 18:15-22:45),ASIGNADO,,
3338,41480891,MARTINEZ ALEGRE LUIS ARTURO,ATE,PENSAMIENTO LÓGICO,117N,1,1874,12,41480891MAR,3338117N11874,AGOSTO,N,ATE,I,PRESENCIAL,(MARTES)(MIÉRCOLES)(SABADO),(PRE 19:00-22:45)(PRE 20:30-22:00)(PRE 19:00-22:45),ASIGNADO,,
3338,41480891,MARTINEZ ALEGRE LUIS ARTURO,VIRTUAL,PENSAMIENTO LÓGICO,106N,2,1775,6,41480891MAR,3338106N21775,AGOSTO,N,VIRTUAL,I,VIRTUAL,(MARTES)(VIERNES),(VIR 19:00-21:15)(VIR 19:00-21:15),ASIGNADO,,
3338,41480891,MARTINEZ ALEGRE LUIS ARTURO,VIRTUAL,PENSAMIENTO LÓGICO,121N,2,1780,6,41480891MAR,3338121N21780,AGOSTO,N,VIRTUAL,I,VIRTUAL,(JUEVES)(SABADO),(VIR 19:00-21:15)(VIR 19:00-21:15),ASIGNADO,,
3341,41480891,MARTINEZ ALEGRE LUIS ARTURO,VIRTUAL,PENSAMIENTO LÓGICO,103N,2,138,6,41480891MAR,3341103N2138,AGOSTO,N,VIRTUAL,I,VIRTUAL,(MIÉRCOLES),(VIR 18:15-22:45),ASIGNADO,,
3338,76246891,MARTINEZ MOLINA MALENA ANDREA,PRC,INGLÉS PARA LA COMUNICACIÓN EN LOS NEGOCIOS,303N,2,773,12,76246891MAR,3338303N2773,AGOSTO,N,PRC,III,PRESENCIAL,(LUNES)(VIERNES),(PRE 18:15-22:45)(PRE 18:15-22:45),ASIGNADO,,
3338,76246891,MARTINEZ MOLINA MALENA ANDREA,NOR,INGLÉS PARA NEGOCIOS INTERNACIONALES,508N,1,1196,10,76246891MAR,3338508N11196,AGOSTO,N,NOR,V,PRESENCIAL,(MIÉRCOLES)(VIERNES),(PRE 19:00-22:45)(PRE 19:00-22:45),ASIGNADO,,
3338,40379888,MARTINEZ SAN MIGUEL CESAR ERNESTO,SJL,EMPRENDIMIENTO: MODELO DE NEGOCIO,419M,1,1037,10,40379888MAR,3338419M11037,AGOSTO,M,SJL,IV,PRESENCIAL,(MARTES)(VIERNES),(PRE 07:00-10:45)(PRE 07:00-10:45),ASIGNADO,,PTC IN
3338,40379888,MARTINEZ SAN MIGUEL CESAR ERNESTO,SJL,EMPRENDIMIENTO: CREATIVIDAD E INNOVACIÓN,319N,1,771,10,40379888MAR,3338319N1771,AGOSTO,N,SJL,III,PRESENCIAL,(LUNES)(JUEVES),(PRE 19:00-22:45)(PRE 19:00-22:45),ASIGNADO,,
3338,40379888,MARTINEZ SAN MIGUEL CESAR ERNESTO,SJL,EMPRENDIMIENTO: MODELO DE NEGOCIO,414N,1,902,10,40379888MAR,3338414N1902,AGOSTO,N,SJL,IV,PRESENCIAL,(MARTES)(VIERNES),(PRE 19:00-22:45)(PRE 19:00-22:45),ASIGNADO,,
3338,40379888,MARTINEZ SAN MIGUEL CESAR ERNESTO,ATE,EMPRENDIMIENTO: MODELO DE NEGOCIO,406N,1,1030,10,40379888MAR,3338406N11030,AGOSTO,N,ATE,IV,PRESENCIAL,(MIÉRCOLES)(SABADO),(PRE 19:00-22:45)(PRE 19:00-22:45),ASIGNADO,,
3338,74935069,MASQUEZ JIMENEZ JUAN KEVIN,ATE,INNOVACIÓN Y DISEÑO CX,406M,2,976,8,74935069MAS,3338406M2976,AGOSTO,M,ATE,IV,PRESENCIAL,(JUEVES)(SABADO),(PRE 07:00-10:00)(PRE 07:00-10:00),ASIGNADO,,PPH
3338,74935069,MASQUEZ JIMENEZ JUAN KEVIN,ATE,INNOVACIÓN Y DISEÑO CX,404N,2,974,8,74935069MAS,3338404N2974,AGOSTO,N,ATE,IV,PRESENCIAL,(MARTES)(SABADO),(PRE 19:00-22:00)(PRE 19:00-22:00),ASIGNADO,,
3339,40673122,MATENCIO SILVERA MONICA LIZZETH,VIRTUAL,INGLÉS PARA NEGOCIOS INTERNACIONALES,501N,2,89,5,40673122MAT,3339501N289,AGOSTO,N,VIRTUAL,V,VIRTUAL,(VIERNES),(VIR 19:00-22:45),ASIGNADO,,
3342,70422625,MAURICIO ZENTENO CARLOS AUGUSTO,VIRTUAL,CULTURA VISUAL,103M,1,21,10,70422625MAU,3342103M121,SETIEMBRE,M,VIRTUAL,I,VIRTUAL,(JUEVES)(SABADO),(VIR 07:00-10:45)(VIR 07:00-10:45),ASIGNADO,,PPH
3338,48026847,MAYHUA COAQUIRA CLIPTON DE ASIS,VIRTUAL,HERRAMIENTAS DIGITALES E INTELIGENCIA ARTIFICIAL,115M,1,1811,6,48026847MAY,3338115M11811,AGOSTO,M,VIRTUAL,I,VIRTUAL,(MARTES)(JUEVES),(VIR 08:30-10:00)(VIR 07:00-10:00),ASIGNADO,,PPH
3336,41243032,MAYNA AGUILAR CARLOS MAGNO,VIRTUAL,MATEMÁTICAS APLICADAS AL DESARROLLO Y SOPORTE DE SISTEMAS,102N,2,7,5,41243032MAY,3336102N27,JUNIO,N,VIRTUAL,I,VIRTUAL,(MARTES),(VIR 19:00-22:45),ASIGNADO,,
3336,41243032,MAYNA AGUILAR CARLOS MAGNO,VIRTUAL,MATEMÁTICAS APLICADAS AL DESARROLLO Y SOPORTE DE SISTEMAS,103N,2,8,5,41243032MAY,3336103N28,JUNIO,N,VIRTUAL,I,VIRTUAL,(VIERNES),(VIR 19:00-22:45),ASIGNADO,,
3340,41243032,MAYNA AGUILAR CARLOS MAGNO,PRC,DESARROLLO Y SOPORTE DE APLICACIONES MULTIPLATAFORMA,203N,1,731,10,41243032MAY,3340203N1731,AGOSTO,N,PRC,II,PRESENCIAL,(JUEVES)(SABADO),(PRE 19:00-22:45)(PRE 19:00-22:45),ASIGNADO,,
3338,41702796,MAYORGA SALAS MARISOL ESTRELLA,VIRTUAL,ESTRATEGIA DE VENTAS,201M,1,485,4,41702796MAY,3338201M1485,AGOSTO,M,VIRTUAL,II,VIRTUAL,(MIÉRCOLES),(VIR 07:00-10:00),ASIGNADO,,PTC
3338,41702796,MAYORGA SALAS MARISOL ESTRELLA,AQP,EXPERIENCIA FORMATIVA EN SITUACIÓN REAL DE TRABAJO,219M,2,533,2,41702796MAY,3338219M2533,AGOSTO,M,AQP,II,PRESENCIAL,(VIERNES),(PRE 07:00-08:30),ASIGNADO,,PTC
3338,41702796,MAYORGA SALAS MARISOL ESTRELLA,VIRTUAL,SOLUCIONES FINANCIERAS CON SOPORTE TECNOLÓGICO,616M,2,1505,5,41702796MAY,3338616M21505,AGOSTO,M,VIRTUAL,VI,VIRTUAL,(SABADO),(VIR 07:00-10:45),ASIGNADO,,PTC
3338,41702796,MAYORGA SALAS MARISOL ESTRELLA,VIRTUAL,ESTRATEGIA DE VENTAS,219N,2,492,4,41702796MAY,3338219N2492,AGOSTO,N,VIRTUAL,II,VIRTUAL,(LUNES),(VIR 19:00-22:00),ASIGNADO,,
3338,41702796,MAYORGA SALAS MARISOL ESTRELLA,VIRTUAL,EXPERIENCIA DEL CLIENTE,219N,1,319,5,41702796MAY,3338219N1319,AGOSTO,N,VIRTUAL,II,VIRTUAL,(MARTES),(VIR 19:00-22:45),ASIGNADO,,
3338,41702796,MAYORGA SALAS MARISOL ESTRELLA,VIRTUAL,TRANSFORMACIÓN DIGITAL EN LOS NEGOCIOS FINANCIEROS,512N,2,1236,5,41702796MAY,3338512N21236,AGOSTO,N,VIRTUAL,V,VIRTUAL,(MARTES),(VIR 19:00-22:45),ASIGNADO,,
3338,41702796,MAYORGA SALAS MARISOL ESTRELLA,VIRTUAL,ESTRATEGIA DE VENTAS,205N,1,487,4,41702796MAY,3338205N1487,AGOSTO,N,VIRTUAL,II,VIRTUAL,(MIÉRCOLES),(VIR 19:00-22:00),ASIGNADO,,
3338,41702796,MAYORGA SALAS MARISOL ESTRELLA,VIRTUAL,ESTRATEGIA DE VENTAS,208N,1,489,4,41702796MAY,3338208N1489,AGOSTO,N,VIRTUAL,II,VIRTUAL,(JUEVES),(VIR 19:00-22:00),ASIGNADO,,
3338,41702796,MAYORGA SALAS MARISOL ESTRELLA,VIRTUAL,TRANSFORMACIÓN DIGITAL EN LOS NEGOCIOS FINANCIEROS,506N,2,1234,5,41702796MAY,3338506N21234,AGOSTO,N,VIRTUAL,V,VIRTUAL,(JUEVES),(VIR 19:00-22:45),ASIGNADO,,
3338,41702796,MAYORGA SALAS MARISOL ESTRELLA,VIRTUAL,ESTRATEGIA DE VENTAS,214N,1,491,4,41702796MAY,3338214N1491,AGOSTO,N,VIRTUAL,II,VIRTUAL,(VIERNES),(VIR 19:00-22:00),ASIGNADO,,
3339,41702796,MAYORGA SALAS MARISOL ESTRELLA,VIRTUAL,EXPERIENCIA DEL CLIENTE,202M,1,137,5,41702796MAY,3339202M1137,AGOSTO,M,VIRTUAL,II,VIRTUAL,(VIERNES),(VIR 07:00-10:45),ASIGNADO,,PTC
3339,41702796,MAYORGA SALAS MARISOL ESTRELLA,VIRTUAL,EXPERIENCIA DEL CLIENTE,201N,2,56,5,41702796MAY,3339201N256,AGOSTO,N,VIRTUAL,II,VIRTUAL,(MIÉRCOLES),(VIR 19:00-22:45),ASIGNADO,,
3342,41702796,MAYORGA SALAS MARISOL ESTRELLA,AQP,FUNDAMENTOS DE LA BANCA COMERCIAL,101M,,,5,41702796MAY,3342101M,AGOSTO,M,AQP,I,PRESENCIAL,(LUNES),(PRE 08:30-12:15),ASIGNADO,,
3338,8133929,MAYORGA SANCHEZ ERNESTO FAUSTO,VES,ANÁLISIS DE LA INFORMACIÓN FINANCIERA,318M,1,2028,12,8133929MAY,3338318M12028,AGOSTO,M,VES,III,PRESENCIAL,(MIÉRCOLES)(SABADO),(PRE 07:00-11:30)(PRE 07:00-11:30),ASIGNADO,,PTC IN
3338,72943048,MEDINA RONDÓN KATHERINE GERALDINE,AQP,TÉCNICAS Y ESTILOS GRÁFICOS,221M,2,2011,10,72943048MED,3338221M22011,AGOSTO,M,AQP,II,PRESENCIAL,(MARTES)(VIERNES),(PRE 07:00-10:45)(PRE 07:00-10:45),ASIGNADO,,PPH
3338,46449744,MEDINA VELAZCO OSCAR ISRAEL,VIRTUAL,EMPRENDIMIENTO: MODELO DE NEGOCIO,418N,2,344,6,46449744MED,3338418N2344,AGOSTO,N,VIRTUAL,IV,VIRTUAL,(LUNES),(VIR 18:15-22:45),ASIGNADO,,
3340,46449744,MEDINA VELAZCO OSCAR ISRAEL,VIRTUAL,PROYECTO INTEGRADOR,608N,2,609,6,46449744MED,3340608N2609,AGOSTO,N,VIRTUAL,VI,VIRTUAL,(MARTES),(VIR 18:15-22:45),ASIGNADO,,
3341,46449744,MEDINA VELAZCO OSCAR ISRAEL,VIRTUAL,MARKETING,203N,1,99,4,46449744MED,3341203N199,AGOSTO,N,VIRTUAL,II,VIRTUAL,(MIÉRCOLES),(VIR 19:00-22:00),ASIGNADO,,
3334,40119534,MEDRANO LOZANO MARTHA HAYDEE,VIRTUAL,EXPERIENCIA FORMATIVA EN SITUACIÓN REAL DE TRABAJO,203N,2,63,2,40119534MED,3334203N263,JUNIO,N,VIRTUAL,II,VIRTUAL,(VIERNES),(VIR 19:00-20:30),ASIGNADO,,
3338,40119534,MEDRANO LOZANO MARTHA HAYDEE,SJL,EXPERIENCIA FORMATIVA EN SITUACIÓN REAL DE TRABAJO,215N,2,,2,40119534MED,3338215N2,AGOSTO,N,SJL,II,PRESENCIAL,(LUNES),(PRE 19:00-20:30),ASIGNADO,,
3338,45160177,MEJIA MEJIA SILVIA LILIANA,SJL,TÉCNICAS Y ESTILOS GRÁFICOS,227M,2,729,10,45160177MEJ,3338227M2729,AGOSTO,M,SJL,II,PRESENCIAL,(MARTES)(JUEVES),(PRE 07:00-10:45)(PRE 07:00-10:45),ASIGNADO,,PPH
3338,45160177,MEJIA MEJIA SILVIA LILIANA,VIRTUAL,CULTURA VISUAL,129M,1,1965,10,45160177MEJ,3338129M11965,AGOSTO,M,VIRTUAL,I,VIRTUAL,(MIÉRCOLES)(VIERNES),(VIR 07:00-10:45)(VIR 07:00-10:45),ASIGNADO,,PPH
3338,43761382,MENA BENITES CESAR AUGUSTO,VIRTUAL,CONTROL INTERNO,507N,2,1278,5,43761382MEN,3338507N21278,AGOSTO,N,VIRTUAL,V,VIRTUAL,(MARTES)(SABADO),(VIR 19:00-21:15)(VIR 20:30-22:00),ASIGNADO,,
3339,43761382,MENA BENITES CESAR AUGUSTO,VIRTUAL,CONTROL INTERNO,502N,1,157,5,43761382MEN,3339502N1157,AGOSTO,N,VIRTUAL,V,VIRTUAL,(LUNES)(MIÉRCOLES),(VIR 19:00-21:15)(VIR 19:00-20:30),ASIGNADO,,
3338,8128762,MENDO TORRES ALVARO CARLOMAGNO,VIRTUAL,ADMINISTRACIÓN DE PERSONAL,418N,2,1114,4,8128762MEN,3338418N21114,AGOSTO,N,VIRTUAL,IV,VIRTUAL,(SABADO),(VIR 19:00-22:00),ASIGNADO,,
3340,44835568,MENDOZA GONZALEZ IRWIN IVAN,PRC,ALGORITMOS PARA LA SOLUCIÓN DE PROBLEMAS,205M,1,725,10,44835568MEN,3340205M1725,AGOSTO,M,PRC,II,PRESENCIAL,(LUNES)(MIÉRCOLES),(PRE 07:00-10:45)(PRE 07:00-10:45),ASIGNADO,,PTC
3340,44835568,MENDOZA GONZALEZ IRWIN IVAN,VIRTUAL,FUNDAMENTOS DE DESARROLLO FRONT-END,115M,2,1031,10,44835568MEN,3340115M21031,AGOSTO,M,VIRTUAL,I,VIRTUAL,(LUNES)(MIÉRCOLES),(VIR 07:00-10:45)(VIR 07:00-10:45),ASIGNADO,,PTC
3340,44835568,MENDOZA GONZALEZ IRWIN IVAN,PRC,ALGORITMOS PARA LA SOLUCIÓN DE PROBLEMAS,206M,1,726,10,44835568MEN,3340206M1726,AGOSTO,M,PRC,II,PRESENCIAL,(MARTES)(VIERNES),(PRE 07:00-10:45)(PRE 07:00-10:45),ASIGNADO,,PTC
3340,44835568,MENDOZA GONZALEZ IRWIN IVAN,PRC,IMPLEMENTACIÓN DE SOLUCIONES PARA PLATAFORMAS MULTIUSUARIO,302M,2,778,10,44835568MEN,3340302M2778,AGOSTO,M,PRC,III,PRESENCIAL,(VIERNES)(SABADO),(PRE 07:00-10:45)(PRE 07:00-10:45),ASIGNADO,,PTC
3340,44835568,MENDOZA GONZALEZ IRWIN IVAN,VIRTUAL,HERRAMIENTAS DIGITALES E INTELIGENCIA ARTIFICIAL,115N,1,1006,6,44835568MEN,3340115N11006,AGOSTO,N,VIRTUAL,I,VIRTUAL,(LUNES)(VIERNES),(VIR 19:00-22:00)(VIR 19:00-20:30),ASIGNADO,,
3340,44835568,MENDOZA GONZALEZ IRWIN IVAN,VIRTUAL,IMPLEMENTACIÓN DE SOLUCIONES PARA PLATAFORMAS MÓVILES,305N,2,773,5,44835568MEN,3340305N2773,AGOSTO,N,VIRTUAL,III,VIRTUAL,(LUNES),(VIR 19:00-22:45),ASIGNADO,,
3340,44835568,MENDOZA GONZALEZ IRWIN IVAN,VIRTUAL,ALGORITMOS PARA LA SOLUCIÓN DE PROBLEMAS,213N,1,821,5,44835568MEN,3340213N1821,AGOSTO,N,VIRTUAL,II,VIRTUAL,(JUEVES),(VIR 19:00-22:45),ASIGNADO,,
3340,44835568,MENDOZA GONZALEZ IRWIN IVAN,VIRTUAL,IMPLEMENTACIÓN DE SOLUCIONES PARA PLATAFORMAS MULTIUSUARIO,305N,2,834,5,44835568MEN,3340305N2834,AGOSTO,N,VIRTUAL,III,VIRTUAL,(VIERNES),(VIR 19:00-22:45),ASIGNADO,,
3338,47523000,MENDOZA MALCA ANGEL XAVIER,PRC,DISEÑO DE NEGOCIOS DIGITALES PARA EL SECTOR FINANCIERO,601M,2,,8,47523000MEN,3338601M2,AGOSTO,M,PRC,VI,PRESENCIAL,(MIÉRCOLES)(SABADO),(PRE 08:30-10:45)(PRE 07:00-10:45),ASIGNADO,,PPH
3338,47523000,MENDOZA MALCA ANGEL XAVIER,PRC,DISEÑO DE NEGOCIOS DIGITALES PARA EL SECTOR FINANCIERO,601N,2,1297,8,47523000MEN,3338601N21297,AGOSTO,N,PRC,VI,PRESENCIAL,(MARTES)(VIERNES),(PRE 20:30-22:45)(PRE 19:00-22:45),ASIGNADO,,
3340,47523000,MENDOZA MALCA ANGEL XAVIER,PRC,EXPERIENCIA DEL CLIENTE,205M,1,718,8,47523000MEN,3340205M1718,AGOSTO,M,PRC,II,PRESENCIAL,(MARTES)(VIERNES),(PRE 07:00-10:00)(PRE 07:00-10:00),ASIGNADO,,PPH
3340,47523000,MENDOZA MALCA ANGEL XAVIER,PRC,EXPERIENCIA DEL CLIENTE,203N,1,717,8,47523000MEN,3340203N1717,AGOSTO,N,PRC,II,PRESENCIAL,(MARTES)(VIERNES),(PRE 19:00-22:00)(PRE 19:00-22:00),ASIGNADO,,
3340,43078193,MENDOZA VILCHEZ YENNER YERSON,VIRTUAL,IMPLEMENTACIÓN DE SOLUCIONES PARA PLATAFORMAS MÓVILES,302M,1,772,5,43078193MEN,3340302M1772,AGOSTO,M,VIRTUAL,III,VIRTUAL,(LUNES),(VIR 07:00-10:45),ASIGNADO,,PTC
3340,43078193,MENDOZA VILCHEZ YENNER YERSON,VIRTUAL,IMPLEMENTACIÓN DE SOLUCIONES PARA PLATAFORMAS MÓVILES,308M,2,774,5,43078193MEN,3340308M2774,AGOSTO,M,VIRTUAL,III,VIRTUAL,(LUNES),(VIR 07:00-10:45),ASIGNADO,,PTC
3340,43078193,MENDOZA VILCHEZ YENNER YERSON,VIRTUAL,HERRAMIENTAS DIGITALES E INTELIGENCIA ARTIFICIAL,110M,1,995,6,43078193MEN,3340110M1995,AGOSTO,M,VIRTUAL,I,VIRTUAL,(MARTES)(SABADO),(VIR 07:00-08:30)(VIR 07:00-10:00),ASIGNADO,,PTC
3340,43078193,MENDOZA VILCHEZ YENNER YERSON,VIRTUAL,GESTIÓN EMPRESARIAL BASADA EN BI,508M,2,510,5,43078193MEN,3340508M2510,AGOSTO,M,VIRTUAL,V,VIRTUAL,(MARTES),(VIR 07:00-10:45),ASIGNADO,,PTC
3340,43078193,MENDOZA VILCHEZ YENNER YERSON,VIRTUAL,DISEÑO DE SOLUCIONES DE BIGDATA,503M,1,781,5,43078193MEN,3340503M1781,AGOSTO,M,VIRTUAL,V,VIRTUAL,(JUEVES),(VIR 07:00-10:45),ASIGNADO,,PTC
3340,43078193,MENDOZA VILCHEZ YENNER YERSON,VIRTUAL,BIG DATA APLICADA A LOS NEGOCIOS,309M,2,488,5,43078193MEN,3340309M2488,AGOSTO,M,VIRTUAL,III,VIRTUAL,(SABADO),(VIR 07:00-10:45),ASIGNADO,,PTC
3340,43078193,MENDOZA VILCHEZ YENNER YERSON,VIRTUAL,ALGORITMOS PARA LA SOLUCIÓN DE PROBLEMAS,214N,1,822,5,43078193MEN,3340214N1822,AGOSTO,N,VIRTUAL,II,VIRTUAL,(MARTES),(VIR 19:00-22:45),ASIGNADO,,
3340,43078193,MENDOZA VILCHEZ YENNER YERSON,VIRTUAL,FUNDAMENTOS DE DESARROLLO FRONT-END,110N,1,1029,10,43078193MEN,3340110N11029,AGOSTO,N,VIRTUAL,I,VIRTUAL,(MIÉRCOLES)(VIERNES),(VIR 19:00-22:45)(VIR 19:00-22:45),ASIGNADO,,
3340,43078193,MENDOZA VILCHEZ YENNER YERSON,VIRTUAL,FUNDAMENTOS DE DESARROLLO FRONT-END,111N,2,1030,10,43078193MEN,3340111N21030,AGOSTO,N,VIRTUAL,I,VIRTUAL,(MIÉRCOLES)(VIERNES),(VIR 19:00-22:45)(VIR 19:00-22:45),ASIGNADO,,
3340,43078193,MENDOZA VILCHEZ YENNER YERSON,VIRTUAL,HERRAMIENTAS DIGITALES PARA LOS NEGOCIOS,213N,2,714,5,43078193MEN,3340213N2714,AGOSTO,N,VIRTUAL,II,VIRTUAL,(SABADO),(VIR 19:00-22:45),ASIGNADO,,
3340,46914852,Mesia Casanova Luz Maritza,PRC,COMUNICACIÓN ESTRATÉGICA,501N,1,342,10,46914852MES,3340501N1342,AGOSTO,N,PRC,V,PRESENCIAL,(MARTES)(JUEVES),(PRE 19:00-22:45)(PRE 19:00-22:45),ASIGNADO,,
3341,46914852,Mesia Casanova Luz Maritza,VIRTUAL,MARKETING,202N,1,98,4,46914852MES,3341202N198,AGOSTO,N,VIRTUAL,II,VIRTUAL,(LUNES),(VIR 19:00-22:00),ASIGNADO,,
3341,46914852,Mesia Casanova Luz Maritza,VIRTUAL,MODELO DE NEGOCIOS DIGITALES,601N,1,76,5,46914852MES,3341601N176,AGOSTO,N,VIRTUAL,VI,VIRTUAL,(MIÉRCOLES),(VIR 19:00-22:45),ASIGNADO,,
3338,47978586,MESTANZA CHOCACA FRANKLIN ANGEL,PRC,FOTOGRAFÍA,207M,2,740,10,47978586MES,3338207M2740,AGOSTO,M,PRC,II,PRESENCIAL,(LUNES)(MIÉRCOLES),(PRE 07:00-10:45)(PRE 07:00-10:45),ASIGNADO,,PPH
3338,44098660,MILES MENDIZABAL OSCAR,NOR,FUNDAMENTOS DE MARKETING,130N,1,1977,10,44098660MIL,3338130N11977,AGOSTO,N,NOR,I,PRESENCIAL,(MIÉRCOLES)(VIERNES),(PRE 18:15-22:45)(PRE 19:00-22:00),ASIGNADO,,
3340,40531726,MINES QUISPE DORIS HAYDEE,NOR,INVE STIGACIÓN DE MERCADO,211M,1,694,10,40531726MIN,3340211M1694,AGOSTO,M,NOR,II,PRESENCIAL,(LUNES)(SABADO),(PRE 07:00-10:45)(PRE 07:00-10:45),ASIGNADO,,TCxH
3340,40531726,MINES QUISPE DORIS HAYDEE,NOR,MARKETING ESTRATÉGICO,606M,1,635,12,40531726MIN,3340606M1635,AGOSTO,M,NOR,VI,PRESENCIAL,(MIÉRCOLES)(VIERNES),(PRE 07:00-11:30)(PRE 07:00-11:30),ASIGNADO,,TCxH
3340,40531726,MINES QUISPE DORIS HAYDEE,VES,FUNDAMENTOS DE MARKETING,112M,2,966,12,40531726MIN,3340112M2966,AGOSTO,M,VES,I,PRESENCIAL,(MIÉRCOLES)(SABADO),(PRE 07:00-11:30)(PRE 07:00-11:30),ASIGNADO,,TCxH
3340,40531726,MINES QUISPE DORIS HAYDEE,NOR,INVESTIGACIÓN DE MERCADO,211M,1,694,4,40531726MIN,3340211M1694,AGOSTO,M,NOR,II,PRESENCIAL,(JUEVES),(PRE 07:00-10:00),ASIGNADO,,TCxH
3340,40531726,MINES QUISPE DORIS HAYDEE,VIRTUAL,MODELO DE NEGOCIOS DIGITALES,604M,2,466,5,40531726MIN,3340604M2466,AGOSTO,M,VIRTUAL,VI,VIRTUAL,(JUEVES),(VIR 07:00-10:45),ASIGNADO,,TCxH
3340,40531726,MINES QUISPE DORIS HAYDEE,VIRTUAL,PLANEAMIENTO COMERCIAL,407M,2,575,5,40531726MIN,3340407M2575,AGOSTO,M,VIRTUAL,IV,VIRTUAL,(VIERNES),(VIR 07:00-10:45),ASIGNADO,,TCxH
3340,40531726,MINES QUISPE DORIS HAYDEE,PRC,FUNDAMENTOS DE MARKETING,113N,2,969,12,40531726MIN,3340113N2969,AGOSTO,N,PRC,I,PRESENCIAL,(LUNES)(MIÉRCOLES),(PRE 18:15-22:45)(PRE 18:15-22:45),ASIGNADO,,
3340,40531726,MINES QUISPE DORIS HAYDEE,PRC,FUNDAMENTOS DE MARKETING,121N,1,975,12,40531726MIN,3340121N1975,AGOSTO,N,PRC,I,PRESENCIAL,(MIÉRCOLES)(SABADO),(PRE 18:15-22:45)(PRE 18:15-22:45),ASIGNADO,,
3340,40531726,MINES QUISPE DORIS HAYDEE,VIRTUAL,MARKETING,210N,2,242,4,40531726MIN,3340210N2242,AGOSTO,N,VIRTUAL,II,VIRTUAL,(JUEVES),(VIR 19:00-22:00),ASIGNADO,,
3340,40531726,MINES QUISPE DORIS HAYDEE,SJL,EXPERIENCIAS FORMATIVAS EN SITUACIONES REALES DE TRABAJO,209N,2,686,2,40531726MIN,3340209N2686,AGOSTO,N,SJL,II,PRESENCIAL,(MARTES),(PRE 20:30-22:00),ASIGNADO,,
3340,7904872,MIRANDA ENCISO ALBERTO,PRC,CONTABILIDAD,203M,1,251,8,7904872MIR,3340203M1251,AGOSTO,M,PRC,II,PRESENCIAL,(MIÉRCOLES)(VIERNES),(PRE 07:00-10:00)(PRE 07:00-10:00),ASIGNADO,,PTC IN
3340,7904872,MIRANDA ENCISO ALBERTO,PRC,CONTABILIDAD,201N,1,248,8,7904872MIR,3340201N1248,AGOSTO,N,PRC,II,PRESENCIAL,(MARTES)(VIERNES),(PRE 19:00-22:00)(PRE 19:00-22:00),ASIGNADO,,
3342,72677901,MONTALVO ZEGARRA YERICKA MILAGROS,VES,DIBUJO DIGITAL VECTORIAL,103M,2,16,10,72677901MON,3342103M216,SETIEMBRE,M,VES,I,PRESENCIAL,(MARTES)(JUEVES),(PRE 10:45-14:30)(PRE 10:45-14:30),ASIGNADO,,
3338,41975870,MONTENEGRO MARCIAL GUSTAVO ALFONSO,VIRTUAL,HERRAMIENTAS DIGITALES E INTELIGENCIA ARTIFICIAL,125N,1,1827,6,41975870MON,3338125N11827,AGOSTO,N,VIRTUAL,I,VIRTUAL,(MIÉRCOLES)(VIERNES),(VIR 19:00-20:30)(VIR 19:00-22:00),ASIGNADO,,
3338,48178124,MONTES SILVA JESUS MARTIN,NOR,GESTIÓN ADUANERA,404T,1,1070,10,48178124MON,3338404T11070,AGOSTO,T,NOR,IV,PRESENCIAL,(MARTES)(JUEVES),(PRE 14:30-18:15)(PRE 14:30-18:15),ASIGNADO,,
3338,48178124,MONTES SILVA JESUS MARTIN,NOR,EXPERIENCIA FORMATIVA EN SITUACIÓN REAL DE TRABAJO,404T,2,1057,2,48178124MON,3338404T21057,AGOSTO,T,NOR,IV,PRESENCIAL,(MARTES),(PRE 14:30-16:00),ASIGNADO,,
3338,48178124,MONTES SILVA JESUS MARTIN,NOR,"COTIZACIONES, PRECIOS Y COSTOS DE SERVICIOS LOGÍSTICOS",404T,1,1016,10,48178124MON,3338404T11016,AGOSTO,T,NOR,IV,PRESENCIAL,(MIÉRCOLES)(SABADO),(PRE 14:30-18:15)(PRE 14:30-18:15),ASIGNADO,,
3338,48178124,MONTES SILVA JESUS MARTIN,SJL,CONTROL DE DESPACHO,213N,2,620,10,48178124MON,3338213N2620,AGOSTO,N,SJL,II,PRESENCIAL,(LUNES)(VIERNES),(PRE 18:15-22:45)(PRE 18:15-21:15),ASIGNADO,,
3338,48178124,MONTES SILVA JESUS MARTIN,NOR,CONTROL DE DESPACHO,211N,2,619,10,48178124MON,3338211N2619,AGOSTO,N,NOR,II,PRESENCIAL,(JUEVES)(SABADO),(PRE 18:15-22:45)(PRE 19:45-22:45),ASIGNADO,,
3338,48178124,MONTES SILVA JESUS MARTIN,SJL,"COTIZACIONES, PRECIOS Y COSTOS DE SERVICIOS LOGÍSTICOS",411N,1,1020,10,48178124MON,3338411N11020,AGOSTO,N,SJL,IV,PRESENCIAL,(MARTES)(VIERNES),(PRE 19:00-22:45)(PRE 19:00-22:45),ASIGNADO,,
3338,48178124,MONTES SILVA JESUS MARTIN,SJL,EXPERIENCIA FORMATIVA EN SITUACIÓN REAL DE TRABAJO,213N,2,631,2,48178124MON,3338213N2631,AGOSTO,N,SJL,II,PRESENCIAL,(VIERNES),(PRE 21:15-22:45),ASIGNADO,,
3339,48178124,MONTES SILVA JESUS MARTIN,VIRTUAL,OPERATIVIDAD ADUANERA,202N,2,63,5,48178124MON,3339202N263,AGOSTO,N,VIRTUAL,II,VIRTUAL,(MIÉRCOLES),(VIR 19:00-22:45),ASIGNADO,,
3338,42336207,MOORE DELGADO JAVIER,ATE,PENSAMIENTO LÓGICO,107M,2,1856,12,42336207MOO,3338107M21856,AGOSTO,M,ATE,I,PRESENCIAL,(LUNES)(MIÉRCOLES)(JUEVES),(PRE 07:00-10:45)(PRE 07:00-10:45)(PRE 07:00-08:30),ASIGNADO,,TCxH
3338,42336207,MOORE DELGADO JAVIER,SJL,PENSAMIENTO LÓGICO,123N,2,1882,12,42336207MOO,3338123N21882,AGOSTO,N,SJL,I,PRESENCIAL,(MARTES)(JUEVES)(VIERNES),(PRE 19:00-22:45)(PRE 20:30-22:00)(PRE 19:00-22:45),ASIGNADO,,
3338,9648444,MORANTE COLINA CARLOS ERNESTO,NOR,ADMINISTRACIÓN DE NEGOCIOS,125M,1,1900,10,9648444MOR,3338125M11900,AGOSTO,M,NOR,I,PRESENCIAL,(LUNES)(JUEVES),(PRE 07:00-10:45)(PRE 07:00-10:45),ASIGNADO,,PTC IN
3338,9648444,MORANTE COLINA CARLOS ERNESTO,NOR,EXPERIENCIA FORMATIVA EN SITUACIÓN REAL DE TRABAJO,212M,2,531,2,9648444MOR,3338212M2531,AGOSTO,M,NOR,II,PRESENCIAL,(MIÉRCOLES),(PRE 07:00-08:30),ASIGNADO,,PTC IN
3338,9648444,MORANTE COLINA CARLOS ERNESTO,NOR,BANCA COMERCIAL,212M,2,505,10,9648444MOR,3338212M2505,AGOSTO,M,NOR,II,PRESENCIAL,(JUEVES)(SABADO),(PRE 07:00-10:45)(PRE 07:00-10:45),ASIGNADO,,PTC IN
3338,9648444,MORANTE COLINA CARLOS ERNESTO,NOR,FUNDAMENTOS DE LA BANCA COMERCIAL,112N,1,1844,10,9648444MOR,3338112N11844,AGOSTO,N,NOR,I,PRESENCIAL,(LUNES)(VIERNES),(PRE 19:00-22:45)(PRE 19:00-22:45),ASIGNADO,,
3338,9648444,MORANTE COLINA CARLOS ERNESTO,NOR,ADMINISTRACIÓN DE NEGOCIOS,115N,2,1896,10,9648444MOR,3338115N21896,AGOSTO,N,NOR,I,PRESENCIAL,(LUNES)(JUEVES),(PRE 19:00-22:45)(PRE 19:00-22:45),ASIGNADO,,
3338,9648444,MORANTE COLINA CARLOS ERNESTO,NOR,BANCA COMERCIAL,209N,2,503,10,9648444MOR,3338209N2503,AGOSTO,N,NOR,II,PRESENCIAL,(MIÉRCOLES)(VIERNES),(PRE 19:00-22:45)(PRE 19:00-22:45),ASIGNADO,,
3338,43861427,MORENO BARRERA LUIGGI AGUSTIN,VIRTUAL,DESARROLLO PROFESIONAL,121M,1,1754,2,43861427MOR,3338121M11754,AGOSTO,M,VIRTUAL,I,VIRTUAL,(LUNES),(VIR 07:00-08:30),ASIGNADO,,PTC
3338,43861427,MORENO BARRERA LUIGGI AGUSTIN,PRC,ADMINISTRACIÓN DE NEGOCIOS,110M,2,1892,10,43861427MOR,3338110M21892,AGOSTO,M,PRC,I,PRESENCIAL,(LUNES)(JUEVES),(PRE 07:00-10:45)(PRE 07:00-10:45),ASIGNADO,,PTC
3338,43861427,MORENO BARRERA LUIGGI AGUSTIN,VIRTUAL,ADMINISTRACIÓN DE NEGOCIOS,131M,1,1721,5,43861427MOR,3338131M11721,AGOSTO,M,VIRTUAL,I,VIRTUAL,(MARTES),(VIR 07:00-10:45),ASIGNADO,,PTC
3338,43861427,MORENO BARRERA LUIGGI AGUSTIN,PRC,EXPERIENCIA DEL CLIENTE,205M,2,605,10,43861427MOR,3338205M2605,AGOSTO,M,PRC,II,PRESENCIAL,(MARTES)(VIERNES),(PRE 07:00-10:45)(PRE 07:00-10:45),ASIGNADO,,PTC
3338,43861427,MORENO BARRERA LUIGGI AGUSTIN,VIRTUAL,LIDERAZGO COLABORATIVO PARA LA SOLUCIÓN DE PROBLEMAS,623M,1,1521,3,43861427MOR,3338623M11521,AGOSTO,M,VIRTUAL,VI,VIRTUAL,(MIÉRCOLES),(VIR 07:00-09:15),ASIGNADO,,PTC
3338,43861427,MORENO BARRERA LUIGGI AGUSTIN,VIRTUAL,SOLUCIONES FINANCIERAS CON SOPORTE TECNOLÓGICO,632M,2,2048,5,43861427MOR,3338632M22048,AGOSTO,M,VIRTUAL,VI,VIRTUAL,(MIÉRCOLES),(VIR 07:00-10:45),ASIGNADO,,PTC
3338,43861427,MORENO BARRERA LUIGGI AGUSTIN,VIRTUAL,NEGOCIACIÓN COMERCIAL,316M,1,811,5,43861427MOR,3338316M1811,AGOSTO,M,VIRTUAL,III,VIRTUAL,(JUEVES),(VIR 07:00-10:45),ASIGNADO,,PTC
3338,43861427,MORENO BARRERA LUIGGI AGUSTIN,VIRTUAL,ESTRATEGIAS DE FIDELIZACIÓN Y RETENCIÓN DE CLIENTES,513M,1,1217,5,43861427MOR,3338513M11217,AGOSTO,M,VIRTUAL,V,VIRTUAL,(VIERNES),(VIR 07:00-10:45),ASIGNADO,,PTC
3338,43861427,MORENO BARRERA LUIGGI AGUSTIN,VIRTUAL,NEGOCIACIÓN COMERCIAL,313M,1,809,5,43861427MOR,3338313M1809,AGOSTO,M,VIRTUAL,III,VIRTUAL,(SABADO),(VIR 07:00-10:45),ASIGNADO,,PTC
3338,43861427,MORENO BARRERA LUIGGI AGUSTIN,VIRTUAL,ADMINISTRACIÓN DE NEGOCIOS,106N,1,1692,5,43861427MOR,3338106N11692,AGOSTO,N,VIRTUAL,I,VIRTUAL,(MARTES),(VIR 19:00-22:45),ASIGNADO,,
3338,43861427,MORENO BARRERA LUIGGI AGUSTIN,VIRTUAL,ADMINISTRACIÓN DE NEGOCIOS,121N,2,1716,5,43861427MOR,3338121N21716,AGOSTO,N,VIRTUAL,I,VIRTUAL,(MARTES),(VIR 19:00-22:45),ASIGNADO,,
3338,16498676,MORILLO VALLE YOLANDA LUZ,VIRTUAL,AUDITORÍA,625M,1,1545,5,16498676MOR,3338625M11545,AGOSTO,M,VIRTUAL,VI,VIRTUAL,(MIÉRCOLES)(JUEVES),(VIR 08:30-10:00)(VIR 07:00-09:15),ASIGNADO,,PTC IN
3338,16498676,MORILLO VALLE YOLANDA LUZ,VIRTUAL,CONTROL Y VALORIZACIÓN DE INVENTARIOS,220M,2,674,4,16498676MOR,3338220M2674,AGOSTO,M,VIRTUAL,II,VIRTUAL,(VIERNES),(VIR 07:00-10:00),ASIGNADO,,PTC IN
3340,8905272,MORON CHIL LEANDRO,VES,PENSAMIENTO LÓGICO,112M,1,944,12,8905272MOR,3340112M1944,AGOSTO,M,VES,I,PRESENCIAL,(LUNES)(MIÉRCOLES)(SABADO),(PRE 07:00-10:45)(PRE 07:00-10:45)(PRE 07:00-08:30),ASIGNADO,,TCxH
3340,8905272,MORON CHIL LEANDRO,VIRTUAL,PENSAMIENTO LÓGICO,102M,2,1038,6,8905272MOR,3340102M21038,AGOSTO,M,VIRTUAL,I,VIRTUAL,(LUNES)(JUEVES),(VIR 07:00-09:15)(VIR 07:00-09:15),ASIGNADO,,TCxH
3340,8905272,MORON CHIL LEANDRO,PRC,PENSAMIENTO LÓGICO,102N,,929,6,8905272MOR,3340102N929,AGOSTO,N,PRC,I,PRESENCIAL,(JUEVES)(SABADO),(PRE 19:00-21:15)(PRE 19:00-21:15),ASIGNADO,,
3340,7924865,MOSES RUIZ ISAI DAVID,PRC,EXPERIENCIA DEL CLIENTE,206M,1,719,8,7924865MOS,3340206M1719,AGOSTO,M,PRC,II,PRESENCIAL,(LUNES)(MIÉRCOLES),(PRE 07:00-10:00)(PRE 07:00-10:00),ASIGNADO,,PTC IN
3340,7924865,MOSES RUIZ ISAI DAVID,VES,EXPERIENCIA DEL CLIENTE,224M,1,1068,10,7924865MOS,3340224M11068,AGOSTO,M,VES,II,PRESENCIAL,(MARTES)(SABADO),(PRE 07:00-10:45)(PRE 07:00-10:45),ASIGNADO,,PTC IN
3340,7924865,MOSES RUIZ ISAI DAVID,PRC,EXPERIENCIA DEL CLIENTE,202N,1,214,10,7924865MOS,3340202N1214,AGOSTO,N,PRC,II,PRESENCIAL,(LUNES)(MIÉRCOLES),(PRE 19:00-22:45)(PRE 19:00-22:45),ASIGNADO,,
3341,7924865,MOSES RUIZ ISAI DAVID,VIRTUAL,EXPERIENCIA DEL CLIENTE,204N,2,95,5,7924865MOS,3341204N295,AGOSTO,N,VIRTUAL,II,VIRTUAL,(LUNES),(VIR 19:00-22:45),ASIGNADO,,
3340,8148498,MOSTACERO MENDOZA RAEL ANGEL,NOR,DESARROLLO Y SOPORTE DE APLICACIONES MULTIPLATAFORMA,212M,1,736,10,8148498MOS,3340212M1736,AGOSTO,M,NOR,II,PRESENCIAL,(LUNES)(MIÉRCOLES),(PRE 07:00-10:45)(PRE 07:00-10:45),ASIGNADO,,PPH
3340,8148498,MOSTACERO MENDOZA RAEL ANGEL,VIRTUAL,FUNDAMENTOS DE DESARROLLO FRONT-END,104M,1,1024,10,8148498MOS,3340104M11024,AGOSTO,M,VIRTUAL,I,VIRTUAL,(JUEVES)(SABADO),(VIR 07:00-10:45)(VIR 07:00-10:45),ASIGNADO,,PPH
3337,40302695,MOYA BEJAR GONZALO TEOFILO,VIRTUAL,ADMINISTRACIÓN DE NEGOCIOS,102N,2,5,4,40302695MOY,3337102N25,JUNIO,N,VIRTUAL,I,VIRTUAL,(LUNES),(VIR 19:00-22:00),ASIGNADO,,
3340,42301997,MUÑANTE CARPIO JAVIER FORTUNATO,PRC,INVESTIGACIÓN DE MERCADO,204M,2,691,14,42301997MUÑ,3340204M2691,AGOSTO,M,PRC,II,PRESENCIAL,(LUNES)(MIÉRCOLES)(VIERNES),(PRE 07:00-10:45)(PRE 07:00-10:00)(PRE 07:00-10:45),ASIGNADO,,PPH
3340,42301997,MUÑANTE CARPIO JAVIER FORTUNATO,PRC,INVESTIGACIÓN DE MERCADO,202N,1,690,14,42301997MUÑ,3340202N1690,AGOSTO,N,PRC,II,PRESENCIAL,(MARTES)(JUEVES)(VIERNES),(PRE 19:00-22:45)(PRE 19:00-22:45)(PRE 19:00-22:00),ASIGNADO,,
3340,40367571,MUÑOZ CERNA TOMAS FERNANDO,NOR,EXPERIENCIA DEL CLIENTE,210M,1,223,10,40367571MUÑ,3340210M1223,AGOSTO,M,NOR,II,PRESENCIAL,(JUEVES)(SABADO),(PRE 07:00-10:45)(PRE 07:00-10:45),ASIGNADO,,PTC IN
3338,72645462,MUÑOZ VASQUEZ SOFIA GABRIELA,VIRTUAL,FUNDAMENTOS DE MARKETING,106N,2,1786,6,72645462MUÑ,3338106N21786,AGOSTO,N,VIRTUAL,I,VIRTUAL,(LUNES),(VIR 18:15-22:45),ASIGNADO,,
3338,10648927,NAVARRETE MORENO PABLO TELESFORO,VIRTUAL,HERRAMIENTAS DIGITALES E INTELIGENCIA ARTIFICIAL,108M,1,1801,6,10648927NAV,3338108M11801,AGOSTO,M,VIRTUAL,I,VIRTUAL,(MIÉRCOLES)(SABADO),(VIR 08:30-10:00)(VIR 07:00-10:00),ASIGNADO,,PTC IN
3338,10648927,NAVARRETE MORENO PABLO TELESFORO,VIRTUAL,HERRAMIENTAS DIGITALES E INTELIGENCIA ARTIFICIAL,131M,2,1837,6,10648927NAV,3338131M21837,AGOSTO,M,VIRTUAL,I,VIRTUAL,(MIÉRCOLES)(SABADO),(VIR 08:30-10:00)(VIR 07:00-10:00),ASIGNADO,,PTC IN
3338,43657638,NAVARRO ARAGON JULIO MARTIN,NOR,EXPERIENCIA DEL CLIENTE,213M,1,566,10,43657638NAV,3338213M1566,AGOSTO,M,NOR,II,PRESENCIAL,(LUNES)(MIÉRCOLES),(PRE 07:00-10:45)(PRE 07:00-10:45),ASIGNADO,,PTC
3338,43657638,NAVARRO ARAGON JULIO MARTIN,VIRTUAL,ANÁLISIS DE LA INFORMACIÓN FINANCIERA,316M,2,330,8,43657638NAV,3338316M2330,AGOSTO,M,VIRTUAL,III,VIRTUAL,(LUNES)(JUEVES),(VIR 07:00-10:00)(VIR 07:00-10:00),ASIGNADO,,PTC
3338,43657638,NAVARRO ARAGON JULIO MARTIN,VIRTUAL,FUNDAMENTOS DE LA BANCA COMERCIAL,121M,1,1988,6,43657638NAV,3338121M11988,AGOSTO,M,VIRTUAL,I,VIRTUAL,(MARTES),(VIR 07:00-11:30),ASIGNADO,,PTC
3338,43657638,NAVARRO ARAGON JULIO MARTIN,VIRTUAL,EXPERIENCIA DEL CLIENTE,228M,2,322,5,43657638NAV,3338228M2322,AGOSTO,M,VIRTUAL,II,VIRTUAL,(MARTES),(VIR 07:00-10:45),ASIGNADO,,PTC
3338,43657638,NAVARRO ARAGON JULIO MARTIN,NOR,ANÁLISIS DE LA INFORMACIÓN FINANCIERA,305M,2,748,12,43657638NAV,3338305M2748,AGOSTO,M,NOR,III,PRESENCIAL,(MIÉRCOLES)(VIERNES),(PRE 07:00-11:30)(PRE 07:00-11:30),ASIGNADO,,PTC
3338,43657638,NAVARRO ARAGON JULIO MARTIN,PRC,EXPERIENCIA DEL CLIENTE,202M,1,538,10,43657638NAV,3338202M1538,AGOSTO,M,PRC,II,PRESENCIAL,(JUEVES)(SABADO),(PRE 07:00-10:45)(PRE 07:00-10:45),ASIGNADO,,PTC
3338,43657638,NAVARRO ARAGON JULIO MARTIN,VIRTUAL,EXPERIENCIA DEL CLIENTE,223N,2,373,5,43657638NAV,3338223N2373,AGOSTO,N,VIRTUAL,II,VIRTUAL,(LUNES),(VIR 19:00-22:45),ASIGNADO,,
3339,43657638,NAVARRO ARAGON JULIO MARTIN,VIRTUAL,GESTIÓN DE CRÉDITOS Y COBRANZAS,404N,1,186,4,43657638NAV,3339404N1186,AGOSTO,N,VIRTUAL,IV,VIRTUAL,(MIÉRCOLES),(VIR 19:00-22:00),ASIGNADO,,
3340,44140114,NICHO GOMEZ MILUSKA NATALIA,VIRTUAL,CLOUD SERVICES,612M,1,662,5,44140114NIC,3340612M1662,AGOSTO,M,VIRTUAL,VI,VIRTUAL,(MARTES),(VIR 07:00-10:45),ASIGNADO,,PPH
3338,48738436,NINAMANGO PRETEL MARYORI YANELA,VIRTUAL,MARKETING,216M,2,684,5,48738436NIN,3338216M2684,AGOSTO,M,VIRTUAL,II,VIRTUAL,(MARTES),(VIR 07:00-10:45),ASIGNADO,,PPH
3338,48738436,NINAMANGO PRETEL MARYORI YANELA,VIRTUAL,MARKETING ESTRATÉGICO,606M,2,1583,5,48738436NIN,3338606M21583,AGOSTO,M,VIRTUAL,VI,VIRTUAL,(SABADO),(VIR 07:00-10:45),ASIGNADO,,PPH
3340,48738436,NINAMANGO PRETEL MARYORI YANELA,SJL,FUNDAMENTOS DE MARKETING,110M,1,964,12,48738436NIN,3340110M1964,AGOSTO,M,SJL,I,PRESENCIAL,(LUNES)(VIERNES),(PRE 07:00-11:30)(PRE 07:00-11:30),ASIGNADO,,PPH
3340,48738436,NINAMANGO PRETEL MARYORI YANELA,VIRTUAL,MARKETING ESTRATÉGICO,605N,1,479,5,48738436NIN,3340605N1479,AGOSTO,N,VIRTUAL,VI,VIRTUAL,(VIERNES),(VIR 19:00-22:45),ASIGNADO,,
3338,29222229,NUÑEZ VELA JAVIER ARMANDO,VIRTUAL,FOTOGRAFÍA,226N,2,414,10,29222229NUÑ,3338226N2414,AGOSTO,N,VIRTUAL,II,VIRTUAL,(MARTES)(VIERNES),(VIR 19:00-22:45)(VIR 19:00-22:45),ASIGNADO,,
3338,47395208,OCHOA RIVAS RICARDO ANTONIO,VIRTUAL,SOLUCIONES FINANCIERAS CON SOPORTE TECNOLÓGICO,623M,1,1507,5,47395208OCH,3338623M11507,AGOSTO,M,VIRTUAL,VI,VIRTUAL,(SABADO),(VIR 07:00-10:45),ASIGNADO,,PPH
3338,75216411,OCHOCHOQUE PARI ANDREINA SARAHI,VIRTUAL,USABILIDAD,629M,1,437,8,75216411OCH,3338629M1437,AGOSTO,M,VIRTUAL,VI,VIRTUAL,(MARTES)(JUEVES),(VIR 07:00-10:00)(VIR 07:00-10:00),ASIGNADO,,PTP
3338,75216411,OCHOCHOQUE PARI ANDREINA SARAHI,VIRTUAL,PRUEBAS DE USUARIO,629M,2,1653,10,75216411OCH,3338629M21653,AGOSTO,M,VIRTUAL,VI,VIRTUAL,(MARTES)(JUEVES),(VIR 07:00-10:45)(VIR 07:00-10:45),ASIGNADO,,PTP
3338,75216411,OCHOCHOQUE PARI ANDREINA SARAHI,VIRTUAL,ANALÍTICA DE LA INFORMACIÓN,629M,1,1644,8,75216411OCH,3338629M11644,AGOSTO,M,VIRTUAL,VI,VIRTUAL,(MIÉRCOLES)(VIERNES),(VIR 07:00-10:00)(VIR 07:00-10:00),ASIGNADO,,PTP
3338,75216411,OCHOCHOQUE PARI ANDREINA SARAHI,VIRTUAL,ANALÍTICA DE LA INFORMACIÓN,616D,1,2156,8,75216411OCH,3338616D12156,AGOSTO,D,VIRTUAL,VI,VIRTUAL,(LUNES)(VIERNES),(VIR 11:30-14:30)(VIR 11:30-14:30),ASIGNADO,,
3338,75216411,OCHOCHOQUE PARI ANDREINA SARAHI,VIRTUAL,FUNDAMENTOS DE LA PUBLICIDAD,129N,2,2009,10,75216411OCH,3338129N22009,AGOSTO,N,VIRTUAL,I,VIRTUAL,(MIÉRCOLES)(VIERNES),(VIR 19:00-22:45)(VIR 19:00-22:45),ASIGNADO,,
3340,41293488,OJEDA BELON ALONSO MIGUEL,VIRTUAL,METODOLOGÍAS ÁGILES PARA LA INNOVACIÓN,412M,2,563,4,41293488OJE,3340412M2563,AGOSTO,M,VIRTUAL,IV,VIRTUAL,(LUNES),(VIR 07:00-10:00),ASIGNADO,,PTP
3340,41293488,OJEDA BELON ALONSO MIGUEL,AQP,TOMA DE DECISIONES ESTRATÉGICAS,616M,2,410,10,41293488OJE,3340616M2410,AGOSTO,M,AQP,VI,PRESENCIAL,(MARTES)(JUEVES),(PRE 07:00-10:45)(PRE 07:00-10:45),ASIGNADO,,PTP
3340,41293488,OJEDA BELON ALONSO MIGUEL,VIRTUAL,ADMINISTRACIÓN DE NEGOCIOS,121N,2,888,5,41293488OJE,3340121N2888,AGOSTO,N,VIRTUAL,I,VIRTUAL,(JUEVES),(VIR 19:00-22:45),ASIGNADO,,
3341,41293488,OJEDA BELON ALONSO MIGUEL,VIRTUAL,ADMINISTRACIÓN DE NEGOCIOS,101M,1,124,5,41293488OJE,3341101M1124,AGOSTO,M,VIRTUAL,I,VIRTUAL,(MIÉRCOLES)(VIERNES),(VIR 07:45-10:00)(VIR 07:45-09:15),ASIGNADO,,
3341,41293488,OJEDA BELON ALONSO MIGUEL,VIRTUAL,ADMINISTRACIÓN DE NEGOCIOS,102M,2,126,5,41293488OJE,3341102M2126,AGOSTO,M,VIRTUAL,I,VIRTUAL,(MIÉRCOLES)(VIERNES),(VIR 07:45-10:00)(VIR 07:45-09:15),ASIGNADO,,
3338,71709085,OJEDA DAGA CRISTIAN KEVIN,VIRTUAL,AUDITORÍA,609N,1,1541,5,71709085OJE,3338609N11541,AGOSTO,N,VIRTUAL,VI,VIRTUAL,(MIÉRCOLES)(SABADO),(VIR 19:00-21:15)(VIR 19:00-20:30),ASIGNADO,,
3336,47609696,OJEDA INGAR KEVIN ALEXANDER,VIRTUAL,MARKETING,202M,2,48,4,47609696OJE,3336202M248,JUNIO,M,VIRTUAL,II,VIRTUAL,(LUNES),(VIR 07:00-10:00),ASIGNADO,,PTP
3337,47609696,OJEDA INGAR KEVIN ALEXANDER,VIRTUAL,MARKETING,202N,2,23,4,47609696OJE,3337202N223,JUNIO,N,VIRTUAL,II,VIRTUAL,(MIÉRCOLES),(VIR 19:00-22:00),ASIGNADO,,
3340,47609696,OJEDA INGAR KEVIN ALEXANDER,VIRTUAL,DISEÑO Y GESTIÓN DE PRODUCTOS,309M,2,568,10,47609696OJE,3340309M2568,AGOSTO,M,VIRTUAL,III,VIRTUAL,(MIÉRCOLES)(JUEVES),(VIR 07:00-10:45)(VIR 07:00-10:45),ASIGNADO,,PTP
3340,47609696,OJEDA INGAR KEVIN ALEXANDER,VIRTUAL,COMPORTAMIENTO DEL CONSUMIDOR,204M,1,676,5,47609696OJE,3340204M1676,AGOSTO,M,VIRTUAL,II,VIRTUAL,(VIERNES),(VIR 07:00-10:45),ASIGNADO,,PTP
3340,47609696,OJEDA INGAR KEVIN ALEXANDER,VIRTUAL,MARKETING,202M,2,237,4,47609696OJE,3340202M2237,AGOSTO,M,VIRTUAL,II,VIRTUAL,(VIERNES),(VIR 07:00-10:00),ASIGNADO,,PTP
3340,45485321,OJEDA ORE MIGUEL DANTE,VIRTUAL,"INFRAESTRUCTURAS, PLATAFORMAS Y SERVICIOS DE TECNOLOGÍAS DE LA INFORMACIÓN",219M,2,706,5,45485321OJE,3340219M2706,AGOSTO,M,VIRTUAL,II,VIRTUAL,(MARTES),(VIR 07:00-10:45),ASIGNADO,,PPH
3340,45485321,OJEDA ORE MIGUEL DANTE,VIRTUAL,DISEÑO DE SOLUCIONES BLOCKCHAIN,612M,1,656,5,45485321OJE,3340612M1656,AGOSTO,M,VIRTUAL,VI,VIRTUAL,(JUEVES),(VIR 07:00-10:45),ASIGNADO,,PPH
3338,41330861,OLAVARRIA CASTAMAN LUIS ALBERTO,VIRTUAL,DESARROLLO PROFESIONAL,104N,1,1727,2,41330861OLA,3338104N11727,AGOSTO,N,VIRTUAL,I,VIRTUAL,(LUNES),(VIR 19:00-20:30),ASIGNADO,,
3338,41330861,OLAVARRIA CASTAMAN LUIS ALBERTO,NOR,DESARROLLO PROFESIONAL,114N,1,1908,4,41330861OLA,3338114N11908,AGOSTO,N,NOR,I,PRESENCIAL,(MARTES),(PRE 19:00-22:00),ASIGNADO,,
3338,41330861,OLAVARRIA CASTAMAN LUIS ALBERTO,NOR,DESARROLLO PROFESIONAL,115N,2,1909,4,41330861OLA,3338115N21909,AGOSTO,N,NOR,I,PRESENCIAL,(MARTES),(PRE 19:00-22:00),ASIGNADO,,
3338,41330861,OLAVARRIA CASTAMAN LUIS ALBERTO,VIRTUAL,DESARROLLO PROFESIONAL,126N,1,1761,2,41330861OLA,3338126N11761,AGOSTO,N,VIRTUAL,I,VIRTUAL,(JUEVES),(VIR 19:00-20:30),ASIGNADO,,
3340,40774539,OLAVARRIA CASTAMAN MANUEL ALEXANDER,VIRTUAL,HERRAMIENTAS DIGITALES E INTELIGENCIA ARTIFICIAL,101M,1,977,6,40774539OLA,3340101M1977,AGOSTO,M,VIRTUAL,I,VIRTUAL,(MARTES)(JUEVES),(VIR 08:30-10:00)(VIR 07:00-10:00),ASIGNADO,,PPH
3335,43362783,OLAYA TRINIDAD ORLANDO,VIRTUAL,HERRAMIENTAS DIGITALES PARA LOS NEGOCIOS,201M,2,35,5,43362783OLA,3335201M235,JUNIO,M,VIRTUAL,II,VIRTUAL,(MIÉRCOLES),(VIR 07:00-10:45),ASIGNADO,,PTP
3335,43362783,OLAYA TRINIDAD ORLANDO,VIRTUAL,COMUNICACIÓN Y GESTIÓN DE LA INFORMACIÓN,102M,2,9,5,43362783OLA,3335102M29,JUNIO,M,VIRTUAL,I,VIRTUAL,(VIERNES),(VIR 07:00-10:45),ASIGNADO,,PTP
3335,43362783,OLAYA TRINIDAD ORLANDO,VIRTUAL,COMUNICACIÓN Y GESTIÓN DE LA INFORMACIÓN,101N,2,8,5,43362783OLA,3335101N28,JUNIO,N,VIRTUAL,I,VIRTUAL,(VIERNES),(VIR 19:00-22:45),ASIGNADO,,
3337,43362783,OLAYA TRINIDAD ORLANDO,VIRTUAL,COMUNICACIÓN Y GESTIÓN DE LA INFORMACIÓN,101M,2,10,5,43362783OLA,3337101M210,JUNIO,M,VIRTUAL,I,VIRTUAL,(LUNES),(VIR 07:00-10:45),ASIGNADO,,PTP
3339,43362783,OLAYA TRINIDAD ORLANDO,VIRTUAL,HERRAMIENTAS DIGITALES E INTELIGENCIA ARTIFICIAL,103M,2,230,6,43362783OLA,3339103M2230,AGOSTO,M,VIRTUAL,I,VIRTUAL,(LUNES)(VIERNES),(VIR 07:00-10:00)(VIR 07:00-08:30),ASIGNADO,,PTP
3340,43362783,OLAYA TRINIDAD ORLANDO,VIRTUAL,"INFRAESTRUCTURAS, PLATAFORMAS Y SERVICIOS DE TECNOLOGÍAS DE LA INFORMACIÓN",213M,2,703,5,43362783OLA,3340213M2703,AGOSTO,M,VIRTUAL,II,VIRTUAL,(MIÉRCOLES),(VIR 07:00-10:45),ASIGNADO,,PTP
3340,43362783,OLAYA TRINIDAD ORLANDO,VIRTUAL,"INFRAESTRUCTURAS, PLATAFORMAS Y SERVICIOS DE TECNOLOGÍAS DE LA INFORMACIÓN",214N,2,705,5,43362783OLA,3340214N2705,AGOSTO,N,VIRTUAL,II,VIRTUAL,(LUNES),(VIR 19:00-22:45),ASIGNADO,,
3340,29305134,OLIN ZEGARRA FAUSTINO DIMAS,AQP,CONTABILIDAD,222M,1,265,8,29305134OLI,3340222M1265,AGOSTO,M,AQP,II,PRESENCIAL,(MARTES)(VIERNES),(PRE 07:00-10:00)(PRE 07:00-10:00),ASIGNADO,,TCxH
3341,29305134,OLIN ZEGARRA FAUSTINO DIMAS,VIRTUAL,CONTABILIDAD,202N,2,103,4,29305134OLI,3341202N2103,AGOSTO,N,VIRTUAL,II,VIRTUAL,(VIERNES),(VIR 19:00-22:00),ASIGNADO,,
3336,75254173,OLLACHICA HUMPIRI NOEMI SARA,VIRTUAL,HERRAMIENTAS DIGITALES PARA LOS NEGOCIOS,206N,2,64,5,75254173OLL,3336206N264,JUNIO,N,VIRTUAL,II,VIRTUAL,(MARTES),(VIR 19:00-22:45),ASIGNADO,,
3336,75254173,OLLACHICA HUMPIRI NOEMI SARA,VIRTUAL,COMUNICACIÓN Y GESTIÓN DE LA INFORMACIÓN,102N,2,16,5,75254173OLL,3336102N216,JUNIO,N,VIRTUAL,I,VIRTUAL,(SABADO),(VIR 19:00-22:45),ASIGNADO,,
3339,75254173,OLLACHICA HUMPIRI NOEMI SARA,VIRTUAL,HERRAMIENTAS DIGITALES E INTELIGENCIA ARTIFICIAL,101N,2,227,6,75254173OLL,3339101N2227,AGOSTO,N,VIRTUAL,I,VIRTUAL,(MARTES)(SABADO),(VIR 19:00-22:00)(VIR 20:30-22:00),ASIGNADO,,
3338,43216815,"OLORTEGUI ORTEGA, OLMER VLADIMIR",VIRTUAL,HERRAMIENTAS DIGITALES E INTELIGENCIA ARTIFICIAL,105M,1,1795,6,43216815OLO,3338105M11795,AGOSTO,M,VIRTUAL,I,VIRTUAL,(LUNES)(MIÉRCOLES),(VIR 07:00-08:30)(VIR 07:00-10:00),ASIGNADO,,PPH
3338,43216815,"OLORTEGUI ORTEGA, OLMER VLADIMIR",VIRTUAL,HERRAMIENTAS DIGITALES E INTELIGENCIA ARTIFICIAL,113M,1,1808,6,43216815OLO,3338113M11808,AGOSTO,M,VIRTUAL,I,VIRTUAL,(MARTES)(VIERNES),(VIR 08:30-10:00)(VIR 07:00-10:00),ASIGNADO,,PPH
3340,43216815,"OLORTEGUI ORTEGA, OLMER VLADIMIR",NOR,EXPERIENCIAS FORMATIVAS EN SITUACIONES REALES DE TRABAJO,212M,2,742,2,43216815OLO,3340212M2742,AGOSTO,M,NOR,II,PRESENCIAL,(LUNES),(PRE 07:00-08:30),ASIGNADO,,PPH
3340,43216815,"OLORTEGUI ORTEGA, OLMER VLADIMIR",VIRTUAL,IMPLEMENTACIÓN DE SOLUCIONES INNOVADORAS,606M,2,615,6,43216815OLO,3340606M2615,AGOSTO,M,VIRTUAL,VI,VIRTUAL,(LUNES)(SABADO),(VIR 08:30-10:45)(VIR 07:00-09:15),ASIGNADO,,PPH
3334,42915843,OREJUELA RODRIGUEZ ROBERTO CARLOS,VIRTUAL,MARKETING,203N,2,61,5,42915843ORE,3334203N261,JUNIO,N,VIRTUAL,II,VIRTUAL,(JUEVES),(VIR 19:00-22:45),ASIGNADO,,
3336,42915843,OREJUELA RODRIGUEZ ROBERTO CARLOS,VIRTUAL,MARKETING,203N,2,49,4,42915843ORE,3336203N249,JUNIO,N,VIRTUAL,II,VIRTUAL,(LUNES),(VIR 19:00-22:00),ASIGNADO,,
3339,42915843,OREJUELA RODRIGUEZ ROBERTO CARLOS,VIRTUAL,DESARROLLO PROFESIONAL,105N,1,209,2,42915843ORE,3339105N1209,AGOSTO,N,VIRTUAL,I,VIRTUAL,(VIERNES),(VIR 19:00-20:30),ASIGNADO,,
3340,42915843,OREJUELA RODRIGUEZ ROBERTO CARLOS,VIRTUAL,MARKETING,201N,2,235,4,42915843ORE,3340201N2235,AGOSTO,N,VIRTUAL,II,VIRTUAL,(LUNES),(VIR 19:00-22:00),ASIGNADO,,
3340,42915843,OREJUELA RODRIGUEZ ROBERTO CARLOS,VIRTUAL,MODELO DE NEGOCIOS DIGITALES,601N,1,459,5,42915843ORE,3340601N1459,AGOSTO,N,VIRTUAL,VI,VIRTUAL,(MARTES),(VIR 19:00-22:45),ASIGNADO,,
3338,42016209,ORELLANA ZEVALLOS OMAR ENRIQUE,VIRTUAL,INGLÉS PARA LA COMUNICACIÓN EN LOS NEGOCIOS,301M,2,822,8,42016209ORE,3338301M2822,AGOSTO,M,VIRTUAL,III,VIRTUAL,(LUNES)(MIÉRCOLES),(VIR 07:00-10:00)(VIR 07:00-10:00),ASIGNADO,,PPH
3340,45820854,OROSCO GUADALUPE ROGER FERNANDO,NOR,ANÁLISIS DE LA INFORMACIÓN FINANCIERA,304M,1,305,12,45820854ORO,3340304M1305,AGOSTO,M,NOR,III,PRESENCIAL,(MIÉRCOLES)(SABADO),(PRE 07:00-11:30)(PRE 07:00-11:30),ASIGNADO,,PPH
3340,479722,ORTEGA PARDO DE FIGUEROA ABRAHAM EDUARDO,SJL,TOMA DE DECISIONES ESTRATÉGICAS,610M,2,409,10,479722ORT,3340610M2409,AGOSTO,M,SJL,VI,PRESENCIAL,(LUNES)(VIERNES),(PRE 07:00-10:45)(PRE 07:00-10:45),ASIGNADO,,PTC IN
3338,46674489,ORTEGA RIVERA JESUS,SJL,OPERATIVIDAD PORTUARIA,222M,1,668,10,46674489ORT,3338222M1668,AGOSTO,M,SJL,II,PRESENCIAL,(LUNES)(VIERNES),(PRE 07:00-10:45)(PRE 07:00-10:45),ASIGNADO,,PTP
3338,46674489,ORTEGA RIVERA JESUS,SJL,EXPERIENCIA FORMATIVA EN SITUACIÓN REAL DE TRABAJO,222M,2,,2,46674489ORT,3338222M2,AGOSTO,M,SJL,II,PRESENCIAL,(LUNES),(PRE 07:00-08:30),ASIGNADO,,PTP
3338,46674489,ORTEGA RIVERA JESUS,SJL,GESTIÓN DE ALMACENES,622M,2,1457,8,46674489ORT,3338622M21457,AGOSTO,M,SJL,VI,PRESENCIAL,(MARTES)(JUEVES),(PRE 07:00-10:45)(PRE 07:00-09:15),ASIGNADO,,PTP
3338,46674489,ORTEGA RIVERA JESUS,NOR,GESTIÓN DE LA CALIDAD EN COMERCIO EXTERIOR,508M,2,1189,10,46674489ORT,3338508M21189,AGOSTO,M,NOR,V,PRESENCIAL,(MIÉRCOLES)(SABADO),(PRE 07:00-10:45)(PRE 07:00-10:45),ASIGNADO,,PTP
3338,46674489,ORTEGA RIVERA JESUS,SJL,GESTIÓN ADUANERA,419M,1,1078,10,46674489ORT,3338419M11078,AGOSTO,M,SJL,IV,PRESENCIAL,(JUEVES)(SABADO),(PRE 07:00-10:45)(PRE 07:00-10:45),ASIGNADO,,PTP
3338,46674489,ORTEGA RIVERA JESUS,SJL,EXPERIENCIA FORMATIVA EN SITUACIÓN REAL DE TRABAJO,622M,2,1469,2,46674489ORT,3338622M21469,AGOSTO,M,SJL,VI,PRESENCIAL,(JUEVES),(PRE 09:15-10:45),ASIGNADO,,
3338,46674489,ORTEGA RIVERA JESUS,NOR,GESTIÓN DE PROVEEDORES,307N,1,800,10,46674489ORT,3338307N1800,AGOSTO,N,NOR,III,PRESENCIAL,(MIÉRCOLES)(SABADO),(PRE 19:00-22:45)(PRE 19:00-22:45),ASIGNADO,,
3338,46674489,ORTEGA RIVERA JESUS,VES,EXPERIENCIA FORMATIVA EN SITUACIÓN REAL DE TRABAJO,625N,2,2123,2,46674489ORT,3338625N22123,AGOSTO,N,VES,VI,PRESENCIAL,(SABADO),(PRE 19:00-20:30),ASIGNADO,,
3340,32950829,ORTIZ ALFARO MARCO TULIO,SJL,ALGORITMOS PARA LA SOLUCIÓN DE PROBLEMAS,213M,1,730,10,32950829ORT,3340213M1730,AGOSTO,M,SJL,II,PRESENCIAL,(LUNES)(VIERNES),(PRE 07:00-10:45)(PRE 07:00-10:45),ASIGNADO,,PPH
3340,32950829,ORTIZ ALFARO MARCO TULIO,PRC,ANÁLISIS Y DISEÑO DE SOLUCIONES DE TI,503M,2,783,10,32950829ORT,3340503M2783,AGOSTO,M,PRC,V,PRESENCIAL,(LUNES)(MIÉRCOLES),(PRE 07:00-10:45)(PRE 07:00-10:45),ASIGNADO,,PPH
3338,40514011,ORTIZ HUAJA JUAN CARLOS,NOR,GESTIÓN ADUANERA,413M,1,1076,10,40514011ORT,3338413M11076,AGOSTO,M,NOR,IV,PRESENCIAL,(MARTES)(JUEVES),(PRE 07:00-10:45)(PRE 07:00-10:45),ASIGNADO,,PTC IN
3338,40514011,ORTIZ HUAJA JUAN CARLOS,NOR,COMERCIO EXTERIOR,126M,2,1927,10,40514011ORT,3338126M21927,AGOSTO,M,NOR,I,PRESENCIAL,(MIÉRCOLES)(VIERNES),(PRE 07:00-10:45)(PRE 07:00-10:45),ASIGNADO,,PTC IN
3338,40514011,ORTIZ HUAJA JUAN CARLOS,NOR,OPERATIVIDAD ADUANERA,215M,2,655,10,40514011ORT,3338215M2655,AGOSTO,M,NOR,II,PRESENCIAL,(JUEVES)(SABADO),(PRE 07:00-10:45)(PRE 07:00-10:45),ASIGNADO,,PTC IN
3338,40514011,ORTIZ HUAJA JUAN CARLOS,NOR,COMERCIO EXTERIOR,114N,1,1921,10,40514011ORT,3338114N11921,AGOSTO,N,NOR,I,PRESENCIAL,(MIÉRCOLES)(VIERNES),(PRE 19:00-22:45)(PRE 19:00-22:45),ASIGNADO,,
3339,40514011,ORTIZ HUAJA JUAN CARLOS,VIRTUAL,"COTIZACIONES, PRECIOS Y COSTOS DE SERVICIOS LOGÍSTICOS",401M,1,98,5,40514011ORT,3339401M198,AGOSTO,M,VIRTUAL,IV,VIRTUAL,(LUNES),(VIR 07:00-10:45),ASIGNADO,,PTC IN
3339,40514011,ORTIZ HUAJA JUAN CARLOS,VIRTUAL,EXPERIENCIA FORMATIVA EN SITUACIÓN REAL DE TRABAJO,201N,2,68,2,40514011ORT,3339201N268,AGOSTO,N,VIRTUAL,II,VIRTUAL,(LUNES),(VIR 19:00-20:30),ASIGNADO,,
3338,70447788,OSCCO ALARCON JESSICA PAMELA,AQP,GESTIÓN DE ALMACENES,615M,1,1456,8,70447788OSC,3338615M11456,AGOSTO,M,AQP,VI,PRESENCIAL,(MARTES)(VIERNES),(PRE 07:00-09:15)(PRE 07:00-10:45),ASIGNADO,,PPH
3338,70447788,OSCCO ALARCON JESSICA PAMELA,AQP,CONTROL DE DESPACHO,218M,2,623,10,70447788OSC,3338218M2623,AGOSTO,M,AQP,II,PRESENCIAL,(MARTES)(VIERNES),(PRE 07:00-11:30)(PRE 07:00-10:00),ASIGNADO,,PPH
3338,70447788,OSCCO ALARCON JESSICA PAMELA,AQP,EXPERIENCIA FORMATIVA EN SITUACIÓN REAL DE TRABAJO,218M,2,634,2,70447788OSC,3338218M2634,AGOSTO,M,AQP,II,PRESENCIAL,(VIERNES),(PRE 10:00-11:30),ASIGNADO,,
3339,41271583,OSCCO TORRES ADA SHIRLEY,VIRTUAL,INGLÉS PARA LA COMUNICACIÓN EN LOS NEGOCIOS,301M,1,72,8,41271583OSC,3339301M172,AGOSTO,M,VIRTUAL,III,VIRTUAL,(MIÉRCOLES)(VIERNES),(VIR 07:00-10:00)(VIR 07:00-10:00),ASIGNADO,,PPH
3338,29718201,OSORIO RIVERA GUILLERMO EDUARDO,AQP,EMPRENDIMIENTO: MODELO DE NEGOCIO,416M,1,903,10,29718201OSO,3338416M1903,AGOSTO,M,AQP,IV,PRESENCIAL,(LUNES)(SABADO),(PRE 07:00-10:45)(PRE 07:00-10:45),ASIGNADO,,PTC IN
3338,29718201,OSORIO RIVERA GUILLERMO EDUARDO,AQP,EMPRENDIMIENTO: PLAN DE DESARROLLO DEL NEGOCIO,511M,2,,5,29718201OSO,3338511M2,AGOSTO,M,AQP,V,PRESENCIAL,(MARTES),(PRE 07:00-10:45),ASIGNADO,,PTC IN
3338,29718201,OSORIO RIVERA GUILLERMO EDUARDO,AQP,EMPRENDIMIENTO: MODELO DE NEGOCIO,415M,1,1036,10,29718201OSO,3338415M11036,AGOSTO,M,AQP,IV,PRESENCIAL,(MIÉRCOLES)(VIERNES),(PRE 07:00-10:45)(PRE 07:00-10:45),ASIGNADO,,PTC IN
3338,29718201,OSORIO RIVERA GUILLERMO EDUARDO,AQP,EMPRENDIMIENTO: PLAN DE DESARROLLO DEL NEGOCIO,511M,2,1159,5,29718201OSO,3338511M21159,AGOSTO,M,AQP,V,PRESENCIAL,(SABADO),(PRE 07:00-10:45),ASIGNADO,,PTC IN
3338,72363707,OSPINO CABANILLAS JORDY ANTHONY,PRC,EDICIÓN DIGITAL,207M,1,730,8,72363707OSP,3338207M1730,AGOSTO,M,PRC,II,PRESENCIAL,(LUNES)(MIÉRCOLES),(PRE 07:45-10:45)(PRE 07:45-10:45),ASIGNADO,,
3338,72363707,OSPINO CABANILLAS JORDY ANTHONY,VES,TÉCNICAS DIGITALES,321M,2,2137,12,72363707OSP,3338321M22137,AGOSTO,M,VES,III,PRESENCIAL,(LUNES)(MIÉRCOLES)(VIERNES),(PRE 07:45-10:45)(PRE 07:45-10:45)(PRE 07:45-10:45),ASIGNADO,,
3341,7968461,OVALLE BOLIVAR MANUEL MARTIN,VIRTUAL,ADMINISTRACIÓN DE NEGOCIOS,103N,2,128,5,7968461OVA,3341103N2128,AGOSTO,N,VIRTUAL,I,VIRTUAL,(LUNES)(VIERNES),(VIR 19:00-21:15)(VIR 20:30-22:00),ASIGNADO,,
3338,41291997,PACHAS CASTRO DARWIN,ATE,INGLÉS PARA NEGOCIOS INTERNACIONALES,505M,2,1193,10,41291997PAC,3338505M21193,AGOSTO,M,ATE,V,PRESENCIAL,(LUNES)(MIÉRCOLES),(PRE 07:00-10:45)(PRE 07:00-10:45),ASIGNADO,,PPH
3339,41291997,PACHAS CASTRO DARWIN,VIRTUAL,INGLÉS PARA LA COMUNICACIÓN EN LOS NEGOCIOS,302M,1,74,8,41291997PAC,3339302M174,AGOSTO,M,VIRTUAL,III,VIRTUAL,(LUNES)(VIERNES),(VIR 07:00-10:00)(VIR 07:00-10:00),ASIGNADO,,PPH
3338,29736946,PACHECO PAZ JEANNETT AMELIA,VIRTUAL,CONTABILIDAD TRIBUTARIA Y LABORAL,314M,2,846,5,29736946PAC,3338314M2846,AGOSTO,M,VIRTUAL,III,VIRTUAL,(LUNES),(VIR 07:00-10:45),ASIGNADO,,PTC IN
3338,29736946,PACHECO PAZ JEANNETT AMELIA,AQP,CONTABILIDAD,309M,1,793,10,29736946PAC,3338309M1793,AGOSTO,M,AQP,III,PRESENCIAL,(MARTES)(VIERNES),(PRE 07:00-10:45)(PRE 07:00-10:45),ASIGNADO,,PTC IN
3338,46671192,PADILLA CAMPOS KATHERINE JESUS,VES,DESARROLLO PROFESIONAL,112M,2,1907,4,46671192PAD,3338112M21907,AGOSTO,M,VES,I,PRESENCIAL,(MARTES),(PRE 07:00-10:00),ASIGNADO,,PPH
3340,46671192,PADILLA CAMPOS KATHERINE JESUS,VIRTUAL,PERSONAL BRANDING,610M,1,456,4,46671192PAD,3340610M1456,AGOSTO,M,VIRTUAL,VI,VIRTUAL,(MIÉRCOLES),(VIR 07:00-10:00),ASIGNADO,,PPH
3340,46671192,PADILLA CAMPOS KATHERINE JESUS,VIRTUAL,PERSONAL BRANDING,601M,1,445,4,46671192PAD,3340601M1445,AGOSTO,M,VIRTUAL,VI,VIRTUAL,(VIERNES),(VIR 07:00-10:00),ASIGNADO,,PPH
3340,46671192,PADILLA CAMPOS KATHERINE JESUS,VIRTUAL,DESARROLLO PROFESIONAL,122N,1,926,2,46671192PAD,3340122N1926,AGOSTO,N,VIRTUAL,I,VIRTUAL,(LUNES),(VIR 20:30-22:00),ASIGNADO,,
3338,7027029,PALACIOS FERRARI SILVIA MARINA LUISA,PRC,BANCA COMERCIAL,201M,2,497,10,7027029PAL,3338201M2497,AGOSTO,M,PRC,II,PRESENCIAL,(LUNES)(JUEVES),(PRE 07:00-10:45)(PRE 07:00-10:45),ASIGNADO,,PTC IN
3338,7027029,PALACIOS FERRARI SILVIA MARINA LUISA,PRC,BANCA COMERCIAL,202M,2,499,10,7027029PAL,3338202M2499,AGOSTO,M,PRC,II,PRESENCIAL,(MARTES)(SABADO),(PRE 07:00-10:45)(PRE 07:00-10:45),ASIGNADO,,PTC IN
3338,7027029,PALACIOS FERRARI SILVIA MARINA LUISA,ATE,EXPERIENCIA FORMATIVA EN SITUACIÓN REAL DE TRABAJO,208M,2,527,2,7027029PAL,3338208M2527,AGOSTO,M,ATE,II,PRESENCIAL,(VIERNES),(PRE 07:00-08:30),ASIGNADO,,PTC IN
3338,7027029,PALACIOS FERRARI SILVIA MARINA LUISA,PRC,FUNDAMENTOS DE LA BANCA COMERCIAL,110N,1,1842,10,7027029PAL,3338110N11842,AGOSTO,N,PRC,I,PRESENCIAL,(MARTES)(SABADO),(PRE 19:00-22:45)(PRE 19:00-22:45),ASIGNADO,,
3335,70223369,PALOMINO QUISPE SAMIR ANTHONY,VIRTUAL,DINÁMICA DEL PLAN CONTABLE,101N,2,17,5,70223369PAL,3335101N217,JUNIO,N,VIRTUAL,I,VIRTUAL,(MIÉRCOLES),(VIR 19:00-22:45),ASIGNADO,,
3336,70223369,PALOMINO QUISPE SAMIR ANTHONY,NOR,CONTABILIDAD,201N,2,37,8,70223369PAL,3336201N237,JUNIO,N,NOR,II,PRESENCIAL,(MARTES)(JUEVES),(PRE 19:00-22:00)(PRE 19:00-22:00),ASIGNADO,,
3338,70223369,PALOMINO QUISPE SAMIR ANTHONY,VIRTUAL,CONTROL Y VALORIZACIÓN DE INVENTARIOS,210N,2,671,4,70223369PAL,3338210N2671,AGOSTO,N,VIRTUAL,II,VIRTUAL,(MARTES),(VIR 19:00-22:00),ASIGNADO,,
3338,70223369,PALOMINO QUISPE SAMIR ANTHONY,NOR,EXPERIENCIA FORMATIVA EN SITUACIÓN REAL DE TRABAJO,210N,2,597,2,70223369PAL,3338210N2597,AGOSTO,N,NOR,II,PRESENCIAL,(JUEVES),(PRE 19:00-20:30),ASIGNADO,,
3339,70223369,PALOMINO QUISPE SAMIR ANTHONY,VIRTUAL,CONTROL Y VALORIZACIÓN DE INVENTARIOS,205N,2,127,5,70223369PAL,3339205N2127,AGOSTO,N,VIRTUAL,II,VIRTUAL,(LUNES),(VIR 19:00-22:45),ASIGNADO,,
3339,70223369,PALOMINO QUISPE SAMIR ANTHONY,VIRTUAL,SISTEMAS CONTABLES INTEGRADOS,403N,2,174,5,70223369PAL,3339403N2174,AGOSTO,N,VIRTUAL,IV,VIRTUAL,(MIÉRCOLES),(VIR 19:00-22:45),ASIGNADO,,
3339,70223369,PALOMINO QUISPE SAMIR ANTHONY,VIRTUAL,NUEVAS TENDENCIAS EN CONTABILIDAD,C03N,1,246,3,70223369PAL,3339C03N1246,AGOSTO,N,VIRTUAL,I,VIRTUAL,(VIERNES),(VIR 19:00-21:15),ASIGNADO,,
3338,10606388,PANDAL POMA JHONNY HUBER,ATE,HERRAMIENTAS DIGITALES PARA LOS NEGOCIOS,210M,1,,10,10606388PAN,3338210M1,AGOSTO,M,ATE,II,PRESENCIAL,(LUNES)(SABADO),(PRE 07:00-10:45)(PRE 07:00-10:45),ASIGNADO,,PTP
3338,10606388,PANDAL POMA JHONNY HUBER,VIRTUAL,HERRAMIENTAS DIGITALES PARA LOS NEGOCIOS,224M,2,557,5,10606388PAN,3338224M2557,AGOSTO,M,VIRTUAL,II,VIRTUAL,(LUNES),(VIR 07:00-10:45),ASIGNADO,,PTP
3338,10606388,PANDAL POMA JHONNY HUBER,ATE,BIG DATA APLICADA A LOS NEGOCIOS,304M,2,782,10,10606388PAN,3338304M2782,AGOSTO,M,ATE,III,PRESENCIAL,(MARTES)(JUEVES),(PRE 07:00-10:45)(PRE 07:00-10:45),ASIGNADO,,PTP
3340,10606388,PANDAL POMA JHONNY HUBER,VIRTUAL,FUNDAMENTOS DE DESARROLLO FRONT-END,102M,1,1020,10,10606388PAN,3340102M11020,AGOSTO,M,VIRTUAL,I,VIRTUAL,(MARTES)(JUEVES),(VIR 07:00-10:45)(VIR 07:00-10:45),ASIGNADO,,PTP
3340,10606388,PANDAL POMA JHONNY HUBER,VIRTUAL,HERRAMIENTAS DIGITALES PARA LOS NEGOCIOS,209M,2,200,5,10606388PAN,3340209M2200,AGOSTO,M,VIRTUAL,II,VIRTUAL,(VIERNES),(VIR 07:00-10:45),ASIGNADO,,PTP
3338,18119396,PAREDES CASTILLO ALVARO LUIS,NOR,PENSAMIENTO LÓGICO,114N,2,1868,12,18119396PAR,3338114N21868,AGOSTO,N,NOR,I,PRESENCIAL,(LUNES)(JUEVES)(SABADO),(PRE 19:00-22:45)(PRE 19:00-20:30)(PRE 19:00-22:45),ASIGNADO,,
3338,45481205,PAREDES PERALTILLA  GLADYS MARIAVICTORIA,VIRTUAL,DESARROLLO PROFESIONAL,129M,1,1766,2,45481205PAR,3338129M11766,AGOSTO,M,VIRTUAL,I,VIRTUAL,(LUNES),(VIR 07:00-08:30),ASIGNADO,,PTC
3338,45481205,PAREDES PERALTILLA  GLADYS MARIAVICTORIA,VIRTUAL,PRODUCTIVIDAD Y GESTIÓN DE PERSONAS,616M,2,1533,5,45481205PAR,3338616M21533,AGOSTO,M,VIRTUAL,VI,VIRTUAL,(MARTES),(VIR 07:00-10:45),ASIGNADO,,PTC
3338,45481205,PAREDES PERALTILLA  GLADYS MARIAVICTORIA,VIRTUAL,INDICADORES PARA RRHH,427M,2,397,5,45481205PAR,3338427M2397,AGOSTO,M,VIRTUAL,IV,VIRTUAL,(VIERNES),(VIR 07:00-10:45),ASIGNADO,,PTC
3338,45481205,PAREDES PERALTILLA  GLADYS MARIAVICTORIA,VIRTUAL,PRODUCTIVIDAD Y GESTIÓN DE PERSONAS,608T,2,1529,5,45481205PAR,3338608T21529,AGOSTO,T,VIRTUAL,VI,VIRTUAL,(JUEVES),(VIR 14:30-18:15),ASIGNADO,,
3338,45481205,PAREDES PERALTILLA  GLADYS MARIAVICTORIA,VIRTUAL,FORMACIÓN Y DESARROLLO DE PERSONAS,620N,1,405,5,45481205PAR,3338620N1405,AGOSTO,N,VIRTUAL,VI,VIRTUAL,(LUNES),(VIR 19:00-22:45),ASIGNADO,,
3338,45481205,PAREDES PERALTILLA  GLADYS MARIAVICTORIA,VIRTUAL,PRODUCTIVIDAD Y GESTIÓN DE PERSONAS,601N,2,1524,5,45481205PAR,3338601N21524,AGOSTO,N,VIRTUAL,VI,VIRTUAL,(LUNES),(VIR 19:00-22:45),ASIGNADO,,
3338,45481205,PAREDES PERALTILLA  GLADYS MARIAVICTORIA,VIRTUAL,PRODUCTIVIDAD Y GESTIÓN DE PERSONAS,619N,1,1534,5,45481205PAR,3338619N11534,AGOSTO,N,VIRTUAL,VI,VIRTUAL,(MARTES),(VIR 19:00-22:45),ASIGNADO,,
3338,45481205,PAREDES PERALTILLA  GLADYS MARIAVICTORIA,VIRTUAL,RECUERSOS HUMANOS,C04N,1,2172,2,45481205PAR,3338C04N12172,AGOSTO,N,VIRTUAL,I,VIRTUAL,(MIÉRCOLES),(VIR 19:00-20:30),ASIGNADO,,
3338,45481205,PAREDES PERALTILLA  GLADYS MARIAVICTORIA,VIRTUAL,DESARROLLO PROFESIONAL,128N,2,1765,2,45481205PAR,3338128N21765,AGOSTO,N,VIRTUAL,I,VIRTUAL,(MIÉRCOLES),(VIR 19:00-20:30),ASIGNADO,,
3338,45481205,PAREDES PERALTILLA  GLADYS MARIAVICTORIA,VIRTUAL,INDICADORES PARA RRHH,418N,1,396,5,45481205PAR,3338418N1396,AGOSTO,N,VIRTUAL,IV,VIRTUAL,(JUEVES),(VIR 19:00-22:45),ASIGNADO,,
3338,45481205,PAREDES PERALTILLA  GLADYS MARIAVICTORIA,VIRTUAL,INDICADORES PARA RRHH,417N,1,395,5,45481205PAR,3338417N1395,AGOSTO,N,VIRTUAL,IV,VIRTUAL,(VIERNES),(VIR 19:00-22:45),ASIGNADO,,
3338,45481205,PAREDES PERALTILLA  GLADYS MARIAVICTORIA,VIRTUAL,PRODUCTIVIDAD Y GESTIÓN DE PERSONAS,615N,2,1532,5,45481205PAR,3338615N21532,AGOSTO,N,VIRTUAL,VI,VIRTUAL,(VIERNES),(VIR 19:00-22:45),ASIGNADO,,
3338,45481205,PAREDES PERALTILLA  GLADYS MARIAVICTORIA,VIRTUAL,DESARROLLO PROFESIONAL,109N,2,1737,2,45481205PAR,3338109N21737,AGOSTO,N,VIRTUAL,I,VIRTUAL,(MIÉRCOLES),(VIR 20:30-22:00),ASIGNADO,,
3339,45481205,PAREDES PERALTILLA  GLADYS MARIAVICTORIA,VIRTUAL,ADMINISTRACIÓN DE NEGOCIOS,101M,1,191,5,45481205PAR,3339101M1191,AGOSTO,M,VIRTUAL,I,VIRTUAL,(MIÉRCOLES)(VIERNES),(VIR 07:00-09:15)(VIR 07:00-08:30),ASIGNADO,,PTC
3339,45481205,PAREDES PERALTILLA  GLADYS MARIAVICTORIA,VIRTUAL,DESARROLLO PROFESIONAL,101N,1,202,2,45481205PAR,3339101N1202,AGOSTO,N,VIRTUAL,I,VIRTUAL,(SABADO),(VIR 20:30-22:00),ASIGNADO,,
3340,72276120,PARIZACA CHAMBI DAVID JOEL,AQP,PENSAMIENTO LÓGICO,117N,,951,6,72276120PAR,3340117N951,AGOSTO,N,AQP,I,PRESENCIAL,(MIÉRCOLES)(SABADO),(PRE 19:45-22:00)(PRE 19:00-21:15),ASIGNADO,,
3338,44448360,PAUCAR MONTOYA KARLA SEBASTIANA,VIRTUAL,EXPERIENCIA FORMATIVA EN SITUACIÓN REAL DE TRABAJO,417N,2,389,2,44448360PAU,3338417N2389,AGOSTO,N,VIRTUAL,IV,VIRTUAL,(MARTES),(VIR 19:00-20:30),ASIGNADO,,
3338,44448360,PAUCAR MONTOYA KARLA SEBASTIANA,VIRTUAL,EXPERIENCIA FORMATIVA EN SITUACIÓN REAL DE TRABAJO,418N,2,390,2,44448360PAU,3338418N2390,AGOSTO,N,VIRTUAL,IV,VIRTUAL,(MARTES),(VIR 20:30-22:00),ASIGNADO,,
3338,72483899,PAULINO QUISPE RICARDO MATÍAS,VIRTUAL,AUDITORÍA Y ESTRATEGIAS DE MARCA,432M,2,2150,8,72483899PAU,3338432M22150,AGOSTO,M,VIRTUAL,IV,VIRTUAL,(LUNES)(MIÉRCOLES),(VIR 07:45-10:45)(VIR 07:45-10:45),ASIGNADO,,
3338,72483899,PAULINO QUISPE RICARDO MATÍAS,VIRTUAL,AUDITORÍA Y ESTRATEGIAS DE MARCA,428M,1,,8,72483899PAU,3338428M1,AGOSTO,M,VIRTUAL,IV,VIRTUAL,(MARTES)(JUEVES),(VIR 07:45-10:45)(VIR 07:45-10:45),ASIGNADO,,
3338,72483899,PAULINO QUISPE RICARDO MATÍAS,VES,TALLER DE IDENTIDAD VISUAL,321M,2,2138,8,72483899PAU,3338321M22138,AGOSTO,M,VES,III,PRESENCIAL,(MARTES)(JUEVES),(PRE 07:45-10:45)(PRE 07:45-10:45),ASIGNADO,,
3338,45000310,PECHO GARCIA CARLOS ESTEBAN,PRC,DINÁMICA DEL PLAN CONTABLE-DNI,119N,2,1985,5,45000310PEC,3338119N21985,AGOSTO,N,PRC,I,PRESENCIAL,(MIÉRCOLES),(PRE 19:00-22:45),ASIGNADO,,
3338,45000310,PECHO GARCIA CARLOS ESTEBAN,VIRTUAL,CONTABILIDAD GERENCIAL,602N,1,1559,5,45000310PEC,3338602N11559,AGOSTO,N,VIRTUAL,VI,VIRTUAL,(JUEVES)(SABADO),(VIR 19:00-20:30)(VIR 19:00-21:15),ASIGNADO,,
3338,45000310,PECHO GARCIA CARLOS ESTEBAN,PRC,EXPERIENCIA FORMATIVA EN SITUACIÓN REAL DE TRABAJO,402N,2,986,2,45000310PEC,3338402N2986,AGOSTO,N,PRC,IV,PRESENCIAL,(JUEVES),(PRE 19:00-20:30),ASIGNADO,,
3338,45000310,PECHO GARCIA CARLOS ESTEBAN,VIRTUAL,CIERRE CONTABLE TRIBUTARIO,502N,1,1269,6,45000310PEC,3338502N11269,AGOSTO,N,VIRTUAL,V,VIRTUAL,(MIÉRCOLES)(VIERNES),(VIR 20:30-22:00)(VIR 19:00-22:00),ASIGNADO,,
3338,45000310,PECHO GARCIA CARLOS ESTEBAN,PRC,DINÁMICA DEL PLAN CONTABLE,119N,2,1985,5,45000310PEC,3338119N21985,AGOSTO,N,PRC,I,PRESENCIAL,(SABADO),(PRE 19:00-22:45),ASIGNADO,,
3339,45000310,PECHO GARCIA CARLOS ESTEBAN,VIRTUAL,CONSTITUCIÓN Y ORGANIZACIÓN DE EMPRESAS,403N,2,165,4,45000310PEC,3339403N2165,AGOSTO,N,VIRTUAL,IV,VIRTUAL,(LUNES),(VIR 18:15-21:15),ASIGNADO,,
3341,45000310,PECHO GARCIA CARLOS ESTEBAN,VIRTUAL,CONTABILIDAD,204N,1,105,4,45000310PEC,3341204N1105,AGOSTO,N,VIRTUAL,II,VIRTUAL,(LUNES),(VIR 19:00-22:00),ASIGNADO,,
3340,10454609,PENA SANCHEZ FERNANDO ALEXANDER,VES,PENSAMIENTO LÓGICO,118N,1,952,12,10454609PEN,3340118N1952,AGOSTO,N,VES,I,PRESENCIAL,(LUNES)(MIÉRCOLES)(SABADO),(PRE 19:00-22:45)(PRE 19:00-22:45)(PRE 19:00-20:30),ASIGNADO,,
3338,7572496,PEÑA LUJAN EDGAR LEONARDO,PRC,ANÁLISIS DE LA INFORMACIÓN FINANCIERA,301N,1,746,12,7572496PEÑ,3338301N1746,AGOSTO,N,PRC,III,PRESENCIAL,(MARTES)(VIERNES),(PRE 18:15-22:45)(PRE 18:15-22:45),ASIGNADO,,
3338,7572496,PEÑA LUJAN EDGAR LEONARDO,SJL,ANÁLISIS DE LA INFORMACIÓN FINANCIERA,319N,2,752,12,7572496PEÑ,3338319N2752,AGOSTO,N,SJL,III,PRESENCIAL,(MARTES)(VIERNES),(PRE 18:15-22:45)(PRE 18:15-22:45),ASIGNADO,,
3338,7572496,PEÑA LUJAN EDGAR LEONARDO,SJL,ANÁLISIS DE LA INFORMACIÓN FINANCIERA,310N,2,750,12,7572496PEÑ,3338310N2750,AGOSTO,N,SJL,III,PRESENCIAL,(MIÉRCOLES)(SABADO),(PRE 18:15-22:45)(PRE 18:15-22:45),ASIGNADO,,
3338,74071608,PERALTA CANDELA ANDREA DE JESUS,VIRTUAL,ESTRATEGIAS DE FIDELIZACIÓN Y RETENCIÓN DE CLIENTES,512N,1,1216,5,74071608PER,3338512N11216,AGOSTO,N,VIRTUAL,V,VIRTUAL,(JUEVES),(VIR 19:00-22:45),ASIGNADO,,
3340,74071608,PERALTA CANDELA ANDREA DE JESUS,SJL,EXPERIENCIAS FORMATIVAS EN SITUACIONES REALES DE TRABAJO,214M,2,688,2,74071608PER,3340214M2688,AGOSTO,M,SJL,II,PRESENCIAL,(MIÉRCOLES),(PRE 07:00-08:30),ASIGNADO,,PPH
3340,74071608,PERALTA CANDELA ANDREA DE JESUS,PRC,FUNDAMENTOS DE MARKETING,109N,1,963,12,74071608PER,3340109N1963,AGOSTO,N,PRC,I,PRESENCIAL,(MIÉRCOLES)(SABADO),(PRE 18:15-22:45)(PRE 18:15-22:45),ASIGNADO,,
3340,16529981,PEREZ ECHEANDIA DE AGUINAGA LELLY JANET,VIRTUAL,HERRAMIENTAS DIGITALES E INTELIGENCIA ARTIFICIAL,103N,1,982,6,16529981PER,3340103N1982,AGOSTO,N,VIRTUAL,I,VIRTUAL,(MARTES)(SABADO),(VIR 19:00-20:30)(VIR 19:00-22:00),ASIGNADO,,
3340,16529981,PEREZ ECHEANDIA DE AGUINAGA LELLY JANET,VIRTUAL,HERRAMIENTAS DIGITALES E INTELIGENCIA ARTIFICIAL,118N,2,1009,6,16529981PER,3340118N21009,AGOSTO,N,VIRTUAL,I,VIRTUAL,(MARTES)(SABADO),(VIR 20:30-22:00)(VIR 19:00-22:00),ASIGNADO,,
3341,16529981,PEREZ ECHEANDIA DE AGUINAGA LELLY JANET,VIRTUAL,HERRAMIENTAS DIGITALES E INTELIGENCIA ARTIFICIAL,101N,2,145,6,16529981PER,3341101N2145,AGOSTO,N,VIRTUAL,I,VIRTUAL,(MIÉRCOLES)(VIERNES),(VIR 19:00-22:00)(VIR 19:00-20:30),ASIGNADO,,
3338,7082620,PEREZ GRANDE MARUJA NIEVES,SJL,EXPERIENCIA FORMATIVA EN SITUACIÓN REAL DE TRABAJO,424M,2,994,2,7082620PER,3338424M2994,AGOSTO,M,SJL,IV,PRESENCIAL,(SABADO),(PRE 07:00-08:30),ASIGNADO,,PPH
3340,7082620,PEREZ GRANDE MARUJA NIEVES,VIRTUAL,COSTOS Y PRESUPUESTOS,301M,2,489,5,7082620PER,3340301M2489,AGOSTO,M,VIRTUAL,III,VIRTUAL,(MIÉRCOLES),(VIR 07:00-10:45),ASIGNADO,,PPH
3338,42813761,PEREZ PASTOR PAUL MIGUEL,AQP,EXPERIENCIA FORMATIVA EN SITUACIÓN REAL DE TRABAJO,621M,2,1666,2,42813761PER,3338621M21666,AGOSTO,M,AQP,VI,PRESENCIAL,(SABADO),(PRE 07:00-08:30),ASIGNADO,,PPH
3338,42813761,PEREZ PASTOR PAUL MIGUEL,AQP,EDICIÓN DIGITAL,221M,1,733,8,42813761PER,3338221M1733,AGOSTO,M,AQP,II,PRESENCIAL,(LUNES)(JUEVES),(PRE 07:45-10:45)(PRE 07:45-10:45),ASIGNADO,,
3338,42813761,PEREZ PASTOR PAUL MIGUEL,AQP,USABILIDAD-DNI,621M,1,1673,8,42813761PER,3338621M11673,AGOSTO,M,AQP,VI,PRESENCIAL,(MARTES)(VIERNES),(PRE 07:45-10:45)(PRE 07:45-10:45),ASIGNADO,,
3338,42813761,PEREZ PASTOR PAUL MIGUEL,AQP,EXPERIENCIA FORMATIVA EN SITUACIÓN REAL DE TRABAJO,221M,2,738,2,42813761PER,3338221M2738,AGOSTO,M,AQP,II,PRESENCIAL,(JUEVES),(PRE 07:45-09:15),ASIGNADO,,
3340,72413710,PEZO CASTILLA GUSTAVO ARMANDO,VIRTUAL,"INFRAESTRUCTURAS, PLATAFORMAS Y SERVICIOS DE TECNOLOGÍAS DE LA INFORMACIÓN",205M,2,698,5,72413710PEZ,3340205M2698,AGOSTO,M,VIRTUAL,II,VIRTUAL,(MIÉRCOLES),(VIR 07:00-10:45),ASIGNADO,,PTC
3340,72413710,PEZO CASTILLA GUSTAVO ARMANDO,VIRTUAL,DISEÑO DE SOLUCIONES BASADAS EN SERVICIOS,503M,1,779,5,72413710PEZ,3340503M1779,AGOSTO,M,VIRTUAL,V,VIRTUAL,(SABADO),(VIR 07:00-10:45),ASIGNADO,,PTC
3340,72413710,PEZO CASTILLA GUSTAVO ARMANDO,VIRTUAL,FUNDAMENTOS DE DESARROLLO FRONT-END,102N,,1021,5,72413710PEZ,3340102N1021,AGOSTO,N,VIRTUAL,I,VIRTUAL,(LUNES),(VIR 19:00-22:45),ASIGNADO,,
3340,72413710,PEZO CASTILLA GUSTAVO ARMANDO,VIRTUAL,Gestión Empresarial Basada en BI,801N,1,1148,5,72413710PEZ,3340801N11148,AGOSTO,N,VIRTUAL,V,VIRTUAL,(MARTES),(VIR 19:00-22:45),ASIGNADO,,
3340,72413710,PEZO CASTILLA GUSTAVO ARMANDO,VIRTUAL,DESARROLLO Y SOPORTE DE APLICACIONES MULTIPLATAFORMA,213N,1,,5,72413710PEZ,3340213N1,AGOSTO,N,VIRTUAL,II,VIRTUAL,(MIÉRCOLES),(VIR 19:00-22:45),ASIGNADO,,
3340,72413710,PEZO CASTILLA GUSTAVO ARMANDO,VIRTUAL,FUNDAMENTOS DE DESARROLLO FRONT-END,108N,2,1028,10,72413710PEZ,3340108N21028,AGOSTO,N,VIRTUAL,I,VIRTUAL,(MIÉRCOLES)(SABADO),(VIR 19:00-22:45)(VIR 19:00-22:45),ASIGNADO,,
3340,72413710,PEZO CASTILLA GUSTAVO ARMANDO,VIRTUAL,DESARROLLO Y SOPORTE DE APLICACIONES MULTIPLATAFORMA,214N,1,825,5,72413710PEZ,3340214N1825,AGOSTO,N,VIRTUAL,II,VIRTUAL,(JUEVES),(VIR 19:00-22:45),ASIGNADO,,
3340,72413710,PEZO CASTILLA GUSTAVO ARMANDO,VIRTUAL,"INFRAESTRUCTURAS, PLATAFORMAS Y SERVICIOS DE TECNOLOGÍAS DE LA INFORMACIÓN",203N,2,697,5,72413710PEZ,3340203N2697,AGOSTO,N,VIRTUAL,II,VIRTUAL,(JUEVES),(VIR 19:00-22:45),ASIGNADO,,
3341,72413710,PEZO CASTILLA GUSTAVO ARMANDO,VIRTUAL,IMPLEMENTACIÓN DE SOLUCIONES INNOVADORAS,601N,1,82,6,72413710PEZ,3341601N182,AGOSTO,N,VIRTUAL,VI,VIRTUAL,(VIERNES),(VIR 18:15-22:45),ASIGNADO,,
3338,16805160,PIEDRA EXEBIO PATRICIA YOLANDA,VIRTUAL,EMPRENDIMIENTO: CREATIVIDAD E INNOVACIÓN,317N,1,385,8,16805160PIE,3338317N1385,AGOSTO,N,VIRTUAL,III,VIRTUAL,(LUNES)(JUEVES),(VIR 19:00-22:00)(VIR 19:00-22:00),ASIGNADO,,
3339,16805160,PIEDRA EXEBIO PATRICIA YOLANDA,VIRTUAL,EMPRENDIMIENTO: MODELO DE NEGOCIO,404N,1,172,6,16805160PIE,3339404N1172,AGOSTO,N,VIRTUAL,IV,VIRTUAL,(VIERNES),(VIR 18:15-22:45),ASIGNADO,,
3340,10645954,PIMENTEL SALINAS MARCO ANTONIO,PRC,IMPLEMENTACIÓN DE SOLUCIONES INNOVADORAS,601M,1,412,12,10645954PIM,3340601M1412,AGOSTO,M,PRC,VI,PRESENCIAL,(MIÉRCOLES)(SABADO),(PRE 07:00-11:30)(PRE 07:00-11:30),ASIGNADO,,PPH
3340,10645954,PIMENTEL SALINAS MARCO ANTONIO,SJL,IMPLEMENTACIÓN DE SOLUCIONES PARA PLATAFORMAS WEB,408M,2,794,10,10645954PIM,3340408M2794,AGOSTO,M,SJL,IV,PRESENCIAL,(MIÉRCOLES)(SABADO),(PRE 07:00-10:45)(PRE 07:00-10:45),ASIGNADO,,PPH
3340,10645954,PIMENTEL SALINAS MARCO ANTONIO,PRC,IMPLEMENTACIÓN DE SOLUCIONES INNOVADORAS,601N,1,413,12,10645954PIM,3340601N1413,AGOSTO,N,PRC,VI,PRESENCIAL,(LUNES)(VIERNES),(PRE 18:15-22:45)(PRE 18:15-22:45),ASIGNADO,,
3340,10645954,PIMENTEL SALINAS MARCO ANTONIO,PRC,EXPERIENCIAS FORMATIVAS EN SITUACIONES REALES DE TRABAJO,203N,2,738,2,10645954PIM,3340203N2738,AGOSTO,N,PRC,II,PRESENCIAL,(VIERNES),(PRE 20:30-22:00),ASIGNADO,,
3340,42104913,PINEDA CUBILLAS SAULO WILLIAM,PRC,FUNDAMENTOS DE DESARROLLO DE SOFTWARE,102N,,,5,42104913PIN,3340102N,AGOSTO,N,PRC,I,PRESENCIAL,(MARTES),(PRE 19:00-22:45),ASIGNADO,,
3338,25682151,PINTO BEJARANO PATRICIA,VIRTUAL,TOMA DE DECISIONES ESTRATÉGICAS,627M,1,363,5,25682151PIN,3338627M1363,AGOSTO,M,VIRTUAL,VI,VIRTUAL,(LUNES),(VIR 07:00-10:45),ASIGNADO,,PTC
3338,25682151,PINTO BEJARANO PATRICIA,VIRTUAL,LIDERAZGO COLABORATIVO PARA LA SOLUCIÓN DE PROBLEMAS,601M,2,1509,3,25682151PIN,3338601M21509,AGOSTO,M,VIRTUAL,VI,VIRTUAL,(LUNES),(VIR 07:00-09:15),ASIGNADO,,PTC
3338,25682151,PINTO BEJARANO PATRICIA,VIRTUAL,EXPERIENCIA FORMATIVA EN SITUACIÓN REAL DE TRABAJO,N12M,2,,2,25682151PIN,3338N12M2,AGOSTO,M,VIRTUAL,VI,VIRTUAL,(MARTES),(VIR 07:00-08:30),ASIGNADO,,PTC
3338,25682151,PINTO BEJARANO PATRICIA,VIRTUAL,EXPERIENCIA FORMATIVA EN SITUACIÓN REAL DE TRABAJO,627M,2,366,2,25682151PIN,3338627M2366,AGOSTO,M,VIRTUAL,VI,VIRTUAL,(MIÉRCOLES),(VIR 07:00-08:30),ASIGNADO,,PTC
3338,25682151,PINTO BEJARANO PATRICIA,NOR,EXPERIENCIA DEL CLIENTE,216M,2,568,10,25682151PIN,3338216M2568,AGOSTO,M,NOR,II,PRESENCIAL,(JUEVES)(SABADO),(PRE 07:00-10:45)(PRE 07:00-10:45),ASIGNADO,,PTC
3338,25682151,PINTO BEJARANO PATRICIA,VIRTUAL,DIRECCIÓN Y GESTIÓN DE AGENCIAS,N18N,1,,3,25682151PIN,3338N18N1,AGOSTO,N,VIRTUAL,VI,VIRTUAL,(LUNES),(VIR 19:00-21:15),ASIGNADO,,
3338,25682151,PINTO BEJARANO PATRICIA,VIRTUAL,EXPERIENCIA FORMATIVA EN SITUACIÓN REAL DE TRABAJO,619N,2,365,2,25682151PIN,3338619N2365,AGOSTO,N,VIRTUAL,VI,VIRTUAL,(LUNES),(VIR 19:00-20:30),ASIGNADO,,
3338,25682151,PINTO BEJARANO PATRICIA,VIRTUAL,EXPERIENCIA DEL CLIENTE,221N,1,321,5,25682151PIN,3338221N1321,AGOSTO,N,VIRTUAL,II,VIRTUAL,(MIÉRCOLES),(VIR 19:00-22:45),ASIGNADO,,
3338,25682151,PINTO BEJARANO PATRICIA,VIRTUAL,TOMA DE DECISIONES ESTRATÉGICAS,619N,1,362,5,25682151PIN,3338619N1362,AGOSTO,N,VIRTUAL,VI,VIRTUAL,(JUEVES),(VIR 19:00-22:45),ASIGNADO,,
3338,25682151,PINTO BEJARANO PATRICIA,VIRTUAL,INNOVACIÓN Y DISEÑO CX,415N,1,352,5,25682151PIN,3338415N1352,AGOSTO,N,VIRTUAL,IV,VIRTUAL,(VIERNES),(VIR 19:00-22:45),ASIGNADO,,
3338,25682151,PINTO BEJARANO PATRICIA,VIRTUAL,ADMINISTRACIÓN DE NEGOCIOS,109N,2,1698,5,25682151PIN,3338109N21698,AGOSTO,N,VIRTUAL,I,VIRTUAL,(VIERNES),(VIR 19:00-22:45),ASIGNADO,,
3338,25682151,PINTO BEJARANO PATRICIA,VIRTUAL,TRANSFORMACIÓN DIGITAL EN LOS NEGOCIOS FINANCIEROS,513N,1,1238,5,25682151PIN,3338513N11238,AGOSTO,N,VIRTUAL,V,VIRTUAL,(SABADO),(VIR 19:00-22:45),ASIGNADO,,
3338,25682151,PINTO BEJARANO PATRICIA,VIRTUAL,EXPERIENCIA FORMATIVA EN SITUACIÓN REAL DE TRABAJO,N29N,2,,2,25682151PIN,3338N29N2,AGOSTO,N,VIRTUAL,II,VIRTUAL,(LUNES),(VIR 20:30-22:00),ASIGNADO,,
3338,25682151,PINTO BEJARANO PATRICIA,VIRTUAL,EXPERIENCIA FORMATIVA EN SITUACIÓN REAL DE TRABAJO,N19N,1,,2,25682151PIN,3338N19N1,AGOSTO,N,VIRTUAL,VI,VIRTUAL,(LUNES),(VIR 21:15-22:45),ASIGNADO,,
3339,25682151,PINTO BEJARANO PATRICIA,VIRTUAL,INNOVACIÓN Y DISEÑO CX,404N,2,190,5,25682151PIN,3339404N2190,AGOSTO,N,VIRTUAL,IV,VIRTUAL,(MIÉRCOLES),(VIR 19:00-22:45),ASIGNADO,,
3338,18068439,PIZARRO SANTA CRUZ RÓMULO EUGENIO,VIRTUAL,HERRAMIENTAS DIGITALES E INTELIGENCIA ARTIFICIAL,128N,1,1832,6,18068439PIZ,3338128N11832,AGOSTO,N,VIRTUAL,I,VIRTUAL,(LUNES)(SABADO),(VIR 19:00-22:00)(VIR 19:00-20:30),ASIGNADO,,
3334,9145448,POLAR VALDIVIA ERNESTO ANTONIO,PRC,EXPERIENCIA FORMATIVA EN SITUACIÓN REAL DE TRABAJO,201N,2,56,2,9145448POL,3334201N256,JUNIO,N,PRC,II,PRESENCIAL,(JUEVES),(PRE 19:00-20:30),ASIGNADO,,
3334,9145448,POLAR VALDIVIA ERNESTO ANTONIO,VIRTUAL,CONTROL Y VALORIZACIÓN DE INVENTARIOS,201N,2,52,4,9145448POL,3334201N252,JUNIO,N,VIRTUAL,II,VIRTUAL,(VIERNES),(VIR 19:00-22:00),ASIGNADO,,
3338,9145448,POLAR VALDIVIA ERNESTO ANTONIO,PRC,CONTABILIDAD,302M,1,788,10,9145448POL,3338302M1788,AGOSTO,M,PRC,III,PRESENCIAL,(MARTES)(VIERNES),(PRE 07:00-10:45)(PRE 07:00-10:45),ASIGNADO,,PTP
3338,9145448,POLAR VALDIVIA ERNESTO ANTONIO,VIRTUAL,CONTROL Y VALORIZACIÓN DE INVENTARIOS,233M,2,2056,4,9145448POL,3338233M22056,AGOSTO,M,VIRTUAL,II,VIRTUAL,(MARTES),(VIR 07:00-10:00),ASIGNADO,,PTP
3338,9145448,POLAR VALDIVIA ERNESTO ANTONIO,PRC,EXPERIENCIA FORMATIVA EN SITUACIÓN REAL DE TRABAJO,403M,2,987,2,9145448POL,3338403M2987,AGOSTO,M,PRC,IV,PRESENCIAL,(JUEVES),(PRE 10:00-11:30),ASIGNADO,,
3338,9145448,POLAR VALDIVIA ERNESTO ANTONIO,PRC,CÁLCULO FINANCIERO Y TRIBUTARIO PARA DECLARACIÓN JURADA ANUAL,602N,2,1385,10,9145448POL,3338602N21385,AGOSTO,N,PRC,VI,PRESENCIAL,(MIÉRCOLES)(VIERNES),(PRE 19:00-22:45)(PRE 19:00-22:45),ASIGNADO,,
3339,9145448,POLAR VALDIVIA ERNESTO ANTONIO,VIRTUAL,CONSTITUCIÓN Y ORGANIZACIÓN DE EMPRESAS,402M,2,164,4,9145448POL,3339402M2164,AGOSTO,M,VIRTUAL,IV,VIRTUAL,(MIÉRCOLES),(VIR 07:00-10:00),ASIGNADO,,PTP
3334,41201039,POLO ORELLANA ERICK ARTURO,VIRTUAL,NUEVAS TENDENCIAS EN ADMINISTRACIÓN DE NEGOCIOS BANCARIOS Y FINANCIEROS,101M,2,30,4,41201039POL,3334101M230,JUNIO,M,VIRTUAL,I,VIRTUAL,(JUEVES),(VIR 07:00-10:00),ASIGNADO,,PTP
3338,41201039,POLO ORELLANA ERICK ARTURO,PRC,EVALUACIÓN DE CRÉDITOS,402M,2,938,10,41201039POL,3338402M2938,AGOSTO,M,PRC,IV,PRESENCIAL,(LUNES)(VIERNES),(PRE 07:00-10:45)(PRE 07:00-10:45),ASIGNADO,,PTP
3338,41201039,POLO ORELLANA ERICK ARTURO,VES,EXPERIENCIA FORMATIVA EN SITUACIÓN REAL DE TRABAJO,232M,2,2024,2,41201039POL,3338232M22024,AGOSTO,M,VES,II,PRESENCIAL,(MIÉRCOLES),(PRE 07:00-08:30),ASIGNADO,,PTP
3338,41201039,POLO ORELLANA ERICK ARTURO,VES,EXPERIENCIA FORMATIVA EN SITUACIÓN REAL DE TRABAJO,429M,2,2045,2,41201039POL,3338429M22045,AGOSTO,M,VES,IV,PRESENCIAL,(SABADO),(PRE 07:00-08:30),ASIGNADO,,PTP
3338,41201039,POLO ORELLANA ERICK ARTURO,PRC,EVALUACIÓN DE CRÉDITOS,401N,1,936,10,41201039POL,3338401N1936,AGOSTO,N,PRC,IV,PRESENCIAL,(MARTES)(VIERNES),(PRE 19:00-22:45)(PRE 19:00-22:45),ASIGNADO,,
3338,41201039,POLO ORELLANA ERICK ARTURO,PRC,EXPERIENCIA FORMATIVA EN SITUACIÓN REAL DE TRABAJO,401N,2,,2,41201039POL,3338401N2,AGOSTO,N,PRC,IV,PRESENCIAL,(JUEVES),(PRE 20:30-22:00),ASIGNADO,,
3341,41201039,POLO ORELLANA ERICK ARTURO,VIRTUAL,ANÁLISIS DE LA INFORMACIÓN FINANCIERA,301M,1,40,8,41201039POL,3341301M140,AGOSTO,M,VIRTUAL,III,VIRTUAL,(LUNES)(VIERNES),(VIR 07:00-10:00)(VIR 07:00-10:00),ASIGNADO,,PTP
3338,43679765,PONCE APARICIO MAURICIO GIAN FRANCO,VIRTUAL,EMPRENDIMIENTO: CREATIVIDAD E INNOVACIÓN,313N,1,332,8,43679765PON,3338313N1332,AGOSTO,N,VIRTUAL,III,VIRTUAL,(LUNES)(SABADO),(VIR 19:00-22:00)(VIR 19:00-22:00),ASIGNADO,,
3338,43679765,PONCE APARICIO MAURICIO GIAN FRANCO,VIRTUAL,EMPRENDIMIENTO: CREATIVIDAD E INNOVACIÓN,314N,1,383,8,43679765PON,3338314N1383,AGOSTO,N,VIRTUAL,III,VIRTUAL,(MIÉRCOLES)(VIERNES),(VIR 19:00-22:00)(VIR 19:00-22:00),ASIGNADO,,
3340,43679765,PONCE APARICIO MAURICIO GIAN FRANCO,AQP,CREATIVIDAD E INNOVACIÓN,310M,2,321,8,43679765PON,3340310M2321,AGOSTO,M,AQP,III,PRESENCIAL,(LUNES)(SABADO),(PRE 07:00-10:00)(PRE 07:00-10:00),ASIGNADO,,PTP
3340,46100535,PONCE FRETEL SANTIAGO ELÍ,VIRTUAL,PENSAMIENTO LÓGICO,120N,1,1046,6,46100535PON,3340120N11046,AGOSTO,N,VIRTUAL,I,VIRTUAL,(JUEVES)(SABADO),(VIR 19:00-21:15)(VIR 19:00-21:15),ASIGNADO,,
3337,46151640,PORTILLA RICRA JACKELINE ANAID,VIRTUAL,Administración de Personal,801N,2,38,5,46151640POR,3337801N238,JUNIO,N,VIRTUAL,IV,VIRTUAL,(JUEVES),(VIR 19:00-22:45),ASIGNADO,,
3338,46151640,PORTILLA RICRA JACKELINE ANAID,NOR,DESARROLLO PROFESIONAL,125M,1,1913,4,46151640POR,3338125M11913,AGOSTO,M,NOR,I,PRESENCIAL,(MARTES),(PRE 07:00-10:00),ASIGNADO,,PTP
3338,46151640,PORTILLA RICRA JACKELINE ANAID,NOR,DESARROLLO PROFESIONAL,126M,2,1914,4,46151640POR,3338126M21914,AGOSTO,M,NOR,I,PRESENCIAL,(MARTES),(PRE 07:00-10:00),ASIGNADO,,PTP
3338,46151640,PORTILLA RICRA JACKELINE ANAID,VIRTUAL,DESARROLLO PROFESIONAL,118M,2,1748,2,46151640POR,3338118M21748,AGOSTO,M,VIRTUAL,I,VIRTUAL,(SABADO),(VIR 08:30-10:00),ASIGNADO,,
3338,46151640,PORTILLA RICRA JACKELINE ANAID,VIRTUAL,DESARROLLO PROFESIONAL,130N,1,1769,2,46151640POR,3338130N11769,AGOSTO,N,VIRTUAL,I,VIRTUAL,(LUNES),(VIR 19:00-20:30),ASIGNADO,,
3338,46151640,PORTILLA RICRA JACKELINE ANAID,VIRTUAL,DESARROLLO PROFESIONAL,105N,2,1729,2,46151640POR,3338105N21729,AGOSTO,N,VIRTUAL,I,VIRTUAL,(LUNES),(VIR 21:15-22:45),ASIGNADO,,
3340,46151640,PORTILLA RICRA JACKELINE ANAID,VIRTUAL,DESARROLLO PROFESIONAL,102M,1,892,2,46151640POR,3340102M1892,AGOSTO,M,VIRTUAL,I,VIRTUAL,(LUNES),(VIR 07:00-08:30),ASIGNADO,,PTP
3340,46151640,PORTILLA RICRA JACKELINE ANAID,VIRTUAL,DESARROLLO PROFESIONAL,104M,2,896,2,46151640POR,3340104M2896,AGOSTO,M,VIRTUAL,I,VIRTUAL,(LUNES),(VIR 07:00-08:30),ASIGNADO,,PTP
3340,46151640,PORTILLA RICRA JACKELINE ANAID,VIRTUAL,DESARROLLO PROFESIONAL,113M,2,914,2,46151640POR,3340113M2914,AGOSTO,M,VIRTUAL,I,VIRTUAL,(MIÉRCOLES),(VIR 08:30-10:00),ASIGNADO,,
3340,46151640,PORTILLA RICRA JACKELINE ANAID,VIRTUAL,DESARROLLO PROFESIONAL,119N,1,923,2,46151640POR,3340119N1923,AGOSTO,N,VIRTUAL,I,VIRTUAL,(MIÉRCOLES),(VIR 19:00-20:30),ASIGNADO,,
3338,8167178,PUCUHUAYLA MARTINEZ ARTURO PEDRO,VIRTUAL,HERRAMIENTAS DIGITALES PARA LOS NEGOCIOS,213M,1,679,5,8167178PUC,3338213M1679,AGOSTO,M,VIRTUAL,II,VIRTUAL,(MARTES),(VIR 07:00-10:45),ASIGNADO,,PTC
3338,8167178,PUCUHUAYLA MARTINEZ ARTURO PEDRO,VIRTUAL,HERRAMIENTAS DIGITALES PARA LOS NEGOCIOS,226M,1,681,5,8167178PUC,3338226M1681,AGOSTO,M,VIRTUAL,II,VIRTUAL,(VIERNES),(VIR 07:00-10:45),ASIGNADO,,PTC
3338,8167178,PUCUHUAYLA MARTINEZ ARTURO PEDRO,VIRTUAL,BIG DATA APLICADA A LOS NEGOCIOS,316M,2,820,5,8167178PUC,3338316M2820,AGOSTO,M,VIRTUAL,III,VIRTUAL,(VIERNES),(VIR 07:00-10:45),ASIGNADO,,PTC
3338,8167178,PUCUHUAYLA MARTINEZ ARTURO PEDRO,VIRTUAL,HERRAMIENTAS DIGITALES PARA LOS NEGOCIOS,223N,1,713,5,8167178PUC,3338223N1713,AGOSTO,N,VIRTUAL,II,VIRTUAL,(LUNES),(VIR 19:00-22:45),ASIGNADO,,
3338,8167178,PUCUHUAYLA MARTINEZ ARTURO PEDRO,VIRTUAL,BIG DATA APLICADA A LOS NEGOCIOS,314N,2,819,5,8167178PUC,3338314N2819,AGOSTO,N,VIRTUAL,III,VIRTUAL,(LUNES),(VIR 19:00-22:45),ASIGNADO,,
3338,8167178,PUCUHUAYLA MARTINEZ ARTURO PEDRO,VIRTUAL,BIG DATA APLICADA A LOS NEGOCIOS,310N,1,815,5,8167178PUC,3338310N1815,AGOSTO,N,VIRTUAL,III,VIRTUAL,(MARTES),(VIR 19:00-22:45),ASIGNADO,,
3338,8167178,PUCUHUAYLA MARTINEZ ARTURO PEDRO,VIRTUAL,HERRAMIENTAS DIGITALES PARA LOS NEGOCIOS,208N,2,553,5,8167178PUC,3338208N2553,AGOSTO,N,VIRTUAL,II,VIRTUAL,(MARTES),(VIR 19:00-22:45),ASIGNADO,,
3338,8167178,PUCUHUAYLA MARTINEZ ARTURO PEDRO,VIRTUAL,BIG DATA APLICADA A LOS NEGOCIOS,313N,2,818,5,8167178PUC,3338313N2818,AGOSTO,N,VIRTUAL,III,VIRTUAL,(MIÉRCOLES),(VIR 19:00-22:45),ASIGNADO,,
3338,8167178,PUCUHUAYLA MARTINEZ ARTURO PEDRO,VIRTUAL,HERRAMIENTAS DIGITALES PARA LOS NEGOCIOS,204N,1,706,5,8167178PUC,3338204N1706,AGOSTO,N,VIRTUAL,II,VIRTUAL,(JUEVES),(VIR 19:00-22:45),ASIGNADO,,
3338,8167178,PUCUHUAYLA MARTINEZ ARTURO PEDRO,VIRTUAL,HERRAMIENTAS DIGITALES PARA LOS NEGOCIOS,219N,2,710,5,8167178PUC,3338219N2710,AGOSTO,N,VIRTUAL,II,VIRTUAL,(JUEVES),(VIR 19:00-22:45),ASIGNADO,,
3338,8167178,PUCUHUAYLA MARTINEZ ARTURO PEDRO,VIRTUAL,HERRAMIENTAS DIGITALES PARA LOS NEGOCIOS,210N,1,678,5,8167178PUC,3338210N1678,AGOSTO,N,VIRTUAL,II,VIRTUAL,(VIERNES),(VIR 19:00-22:45),ASIGNADO,,
3338,8167178,PUCUHUAYLA MARTINEZ ARTURO PEDRO,VIRTUAL,HERRAMIENTAS DIGITALES PARA LOS NEGOCIOS,220N,2,711,5,8167178PUC,3338220N2711,AGOSTO,N,VIRTUAL,II,VIRTUAL,(VIERNES),(VIR 19:00-22:45),ASIGNADO,,
3338,72606858,PUENTE DE LA VEGA PEÑA ANGELA SILVIA,AQP,CONTABILIDAD DE ENTIDADES FINANCIERAS,511M,1,1245,8,72606858PUE,3338511M11245,AGOSTO,M,AQP,V,PRESENCIAL,(JUEVES)(SABADO),(PRE 07:00-10:00)(PRE 07:00-10:00),ASIGNADO,,PPH
3334,70138315,QUINTANILLA INGA CYNTHIA EVELYN,VIRTUAL,ADMINISTRACIÓN DE NEGOCIOS,104N,2,19,4,70138315QUI,3334104N219,JUNIO,N,VIRTUAL,I,VIRTUAL,(MARTES),(VIR 19:00-22:00),ASIGNADO,,
3336,70138315,QUINTANILLA INGA CYNTHIA EVELYN,SJL,EXPERIENCIAS FORMATIVAS EN SITUACIONES REALES DE TRABAJO,203N,2,,2,70138315QUI,3336203N2,JUNIO,N,SJL,II,PRESENCIAL,(JUEVES),(PRE 19:00-20:30),ASIGNADO,,
3340,70138315,QUINTANILLA INGA CYNTHIA EVELYN,PRC,EXPERIENCIAS FORMATIVAS EN SITUACIONES REALES DE TRABAJO,401N,2,366,2,70138315QUI,3340401N2366,AGOSTO,N,PRC,IV,PRESENCIAL,(LUNES),(PRE 19:00-20:30),ASIGNADO,,
3340,70138315,QUINTANILLA INGA CYNTHIA EVELYN,PRC,EXPERIENCIAS FORMATIVAS EN SITUACIONES REALES DE TRABAJO,201N,2,283,2,70138315QUI,3340201N2283,AGOSTO,N,PRC,II,PRESENCIAL,(MIÉRCOLES),(PRE 19:00-20:30),ASIGNADO,,
3340,70138315,QUINTANILLA INGA CYNTHIA EVELYN,ATE,EXPERIENCIAS FORMATIVAS EN SITUACIONES REALES DE TRABAJO,402N,2,369,2,70138315QUI,3340402N2369,AGOSTO,N,ATE,IV,PRESENCIAL,(VIERNES),(PRE 19:00-20:30),ASIGNADO,,
3338,42523097,QUINTO GIL CYNTHIA ROBERTINA,VES,OPERATIVIDAD ADUANERA,235M,1,2099,10,42523097QUI,3338235M12099,AGOSTO,M,VES,II,PRESENCIAL,(MARTES)(JUEVES),(PRE 07:00-10:45)(PRE 07:00-10:45),ASIGNADO,,TCxH
3338,42523097,QUINTO GIL CYNTHIA ROBERTINA,PRC,EXPERIENCIA FORMATIVA EN SITUACIÓN REAL DE TRABAJO,404M,2,1056,2,42523097QUI,3338404M21056,AGOSTO,M,PRC,IV,PRESENCIAL,(VIERNES),(PRE 07:00-08:30),ASIGNADO,,TCxH
3338,42523097,QUINTO GIL CYNTHIA ROBERTINA,PRC,EXPERIENCIA FORMATIVA EN SITUACIÓN REAL DE TRABAJO,204M,2,626,2,42523097QUI,3338204M2626,AGOSTO,M,PRC,II,PRESENCIAL,(JUEVES),(PRE 08:30-10:00),ASIGNADO,,
3338,42523097,QUINTO GIL CYNTHIA ROBERTINA,PRC,EXPERIENCIA FORMATIVA EN SITUACIÓN REAL DE TRABAJO,205M,2,627,2,42523097QUI,3338205M2627,AGOSTO,M,PRC,II,PRESENCIAL,(JUEVES),(PRE 10:00-11:30),ASIGNADO,,
3338,42523097,QUINTO GIL CYNTHIA ROBERTINA,PRC,GESTIÓN ADUANERA,403N,2,1068,10,42523097QUI,3338403N21068,AGOSTO,N,PRC,IV,PRESENCIAL,(MARTES)(SABADO),(PRE 19:00-22:45)(PRE 19:00-22:45),ASIGNADO,,
3338,42523097,QUINTO GIL CYNTHIA ROBERTINA,PRC,"COTIZACIONES, PRECIOS Y COSTOS DE SERVICIOS LOGÍSTICOS",403N,1,1014,10,42523097QUI,3338403N11014,AGOSTO,N,PRC,IV,PRESENCIAL,(MIÉRCOLES)(VIERNES),(PRE 19:00-22:45)(PRE 19:00-22:45),ASIGNADO,,
3338,42861221,QUIÑONES BERNILLA FLOR ROXANA,VIRTUAL,EXPERIENCIA FORMATIVA (DDS)-VI,N16M,1,,2,42861221QUI,3338N16M1,AGOSTO,M,VIRTUAL,VI,VIRTUAL,(JUEVES),(VIR 07:00-08:30),ASIGNADO,,PTC
3338,42861221,QUIÑONES BERNILLA FLOR ROXANA,VIRTUAL,BIG DATA APLICADA A LOS NEGOCIOS,318M,2,2031,5,42861221QUI,3338318M22031,AGOSTO,M,VIRTUAL,III,VIRTUAL,(JUEVES),(VIR 07:00-10:45),ASIGNADO,,PTC
3338,42861221,QUIÑONES BERNILLA FLOR ROXANA,VIRTUAL,HERRAMIENTAS DIGITALES PARA LOS NEGOCIOS,236M,1,2129,5,42861221QUI,3338236M12129,AGOSTO,M,VIRTUAL,II,VIRTUAL,(VIERNES),(VIR 07:00-10:45),ASIGNADO,,PTC
3338,42861221,QUIÑONES BERNILLA FLOR ROXANA,VIRTUAL,EXPERIENCIA FORMATIVA EN SITUACIÓN REAL DE TRABAJO,N24N,2,,2,42861221QUI,3338N24N2,AGOSTO,N,VIRTUAL,IV,VIRTUAL,(LUNES),(VIR 19:00-20:30),ASIGNADO,,
3338,42861221,QUIÑONES BERNILLA FLOR ROXANA,VIRTUAL,HERRAMIENTAS DIGITALES PARA LOS NEGOCIOS,205N,2,551,5,42861221QUI,3338205N2551,AGOSTO,N,VIRTUAL,II,VIRTUAL,(MIÉRCOLES),(VIR 19:00-22:45),ASIGNADO,,
3338,42861221,QUIÑONES BERNILLA FLOR ROXANA,VIRTUAL,EXPERIENCIA FORMATIVA (AST)-VI,N26N,1,,2,42861221QUI,3338N26N1,AGOSTO,N,VIRTUAL,VI,VIRTUAL,(JUEVES),(VIR 19:00-20:30),ASIGNADO,,
3338,42861221,QUIÑONES BERNILLA FLOR ROXANA,VIRTUAL,HERRAMIENTAS DIGITALES PARA LOS NEGOCIOS,228N,2,2027,5,42861221QUI,3338228N22027,AGOSTO,N,VIRTUAL,II,VIRTUAL,(JUEVES),(VIR 19:00-22:45),ASIGNADO,,
3339,42861221,QUIÑONES BERNILLA FLOR ROXANA,VIRTUAL,HERRAMIENTAS DIGITALES PARA LOS NEGOCIOS,201M,1,52,5,42861221QUI,3339201M152,AGOSTO,M,VIRTUAL,II,VIRTUAL,(MIÉRCOLES),(VIR 07:00-10:45),ASIGNADO,,PTC
3339,42861221,QUIÑONES BERNILLA FLOR ROXANA,VIRTUAL,HERRAMIENTAS DIGITALES PARA LOS NEGOCIOS,201N,1,53,5,42861221QUI,3339201N153,AGOSTO,N,VIRTUAL,II,VIRTUAL,(LUNES),(VIR 19:00-22:45),ASIGNADO,,
3339,42861221,QUIÑONES BERNILLA FLOR ROXANA,VIRTUAL,HERRAMIENTAS DIGITALES PARA LOS NEGOCIOS,203N,1,130,5,42861221QUI,3339203N1130,AGOSTO,N,VIRTUAL,II,VIRTUAL,(MIÉRCOLES),(VIR 19:00-22:45),ASIGNADO,,
3342,42861221,QUIÑONES BERNILLA FLOR ROXANA,VIRTUAL,HERRAMIENTAS DIGITALES E INTELIGENCIA ARTIFICIAL,101M,,,3,42861221QUI,3342101M,AGOSTO,M,VIRTUAL,I,VIRTUAL,(MARTES),(VIR 07:00-09:15),ASIGNADO,,PTC
3342,42861221,QUIÑONES BERNILLA FLOR ROXANA,VIRTUAL,HERRAMIENTAS DIGITALES E INTELIGENCIA ARTIFICIAL,103M,2,23,6,42861221QUI,3342103M223,SETIEMBRE,M,VIRTUAL,I,VIRTUAL,(MIÉRCOLES)(VIERNES),(VIR 07:00-08:30)(VIR 07:00-10:00),ASIGNADO,,PTC
3342,42861221,QUIÑONES BERNILLA FLOR ROXANA,VIRTUAL,HERRAMIENTAS DIGITALES E INTELIGENCIA ARTIFICIAL,102M,,,3,42861221QUI,3342102M,AGOSTO,M,VIRTUAL,I,VIRTUAL,(SABADO),(VIR 08:30-10:45),ASIGNADO,,
3338,48220802,QUIÑONES DUEÑAS JUAN JESÚS,PRC,GESTIÓN ADUANERA,404M,1,1069,10,48220802QUI,3338404M11069,AGOSTO,M,PRC,IV,PRESENCIAL,(LUNES)(JUEVES),(PRE 07:00-10:45)(PRE 07:00-10:45),ASIGNADO,,PPH
3340,25806533,QUIÑONEZ RISSO EDWIN MIGUEL,VIRTUAL,DISEÑO DE PRUEBAS DE SOFTWARE,408M,1,790,5,25806533QUI,3340408M1790,AGOSTO,M,VIRTUAL,IV,VIRTUAL,(LUNES),(VIR 07:00-10:45),ASIGNADO,,PTC
3340,25806533,QUIÑONEZ RISSO EDWIN MIGUEL,VIRTUAL,DISEÑO DE PRUEBAS DE SOFTWARE,404M,1,788,5,25806533QUI,3340404M1788,AGOSTO,M,VIRTUAL,IV,VIRTUAL,(MARTES),(VIR 07:00-10:45),ASIGNADO,,PTC
3340,25806533,QUIÑONEZ RISSO EDWIN MIGUEL,VIRTUAL,HERRAMIENTAS DIGITALES PARA LOS NEGOCIOS,215M,2,205,5,25806533QUI,3340215M2205,AGOSTO,M,VIRTUAL,II,VIRTUAL,(MARTES),(VIR 07:00-10:45),ASIGNADO,,PTC
3340,25806533,QUIÑONEZ RISSO EDWIN MIGUEL,VIRTUAL,HERRAMIENTAS DIGITALES PARA LOS NEGOCIOS,219M,2,716,5,25806533QUI,3340219M2716,AGOSTO,M,VIRTUAL,II,VIRTUAL,(VIERNES),(VIR 07:00-10:45),ASIGNADO,,PTC
3340,25806533,QUIÑONEZ RISSO EDWIN MIGUEL,VIRTUAL,BIG DATA APLICADA A LOS NEGOCIOS,304N,1,485,5,25806533QUI,3340304N1485,AGOSTO,N,VIRTUAL,III,VIRTUAL,(LUNES),(VIR 19:00-22:45),ASIGNADO,,
3340,25806533,QUIÑONEZ RISSO EDWIN MIGUEL,VIRTUAL,BIG DATA APLICADA A LOS NEGOCIOS,303N,2,483,5,25806533QUI,3340303N2483,AGOSTO,N,VIRTUAL,III,VIRTUAL,(LUNES),(VIR 19:00-22:45),ASIGNADO,,
3340,25806533,QUIÑONEZ RISSO EDWIN MIGUEL,VIRTUAL,DISEÑO DE PRUEBAS DE SOFTWARE,405N,1,789,5,25806533QUI,3340405N1789,AGOSTO,N,VIRTUAL,IV,VIRTUAL,(MARTES),(VIR 19:00-22:45),ASIGNADO,,
3340,25806533,QUIÑONEZ RISSO EDWIN MIGUEL,VIRTUAL,HERRAMIENTAS DIGITALES PARA LOS NEGOCIOS,216N,2,1065,5,25806533QUI,3340216N21065,AGOSTO,N,VIRTUAL,II,VIRTUAL,(MARTES),(VIR 19:00-22:45),ASIGNADO,,
3340,25806533,QUIÑONEZ RISSO EDWIN MIGUEL,VIRTUAL,IMPLEMENTACIÓN DE BASES DE DATOS,405N,1,786,5,25806533QUI,3340405N1786,AGOSTO,N,VIRTUAL,IV,VIRTUAL,(JUEVES),(VIR 19:00-22:45),ASIGNADO,,
3340,25806533,QUIÑONEZ RISSO EDWIN MIGUEL,VIRTUAL,HERRAMIENTAS DIGITALES PARA LOS NEGOCIOS,212N,1,203,5,25806533QUI,3340212N1203,AGOSTO,N,VIRTUAL,II,VIRTUAL,(VIERNES),(VIR 19:00-22:45),ASIGNADO,,
3341,25806533,QUIÑONEZ RISSO EDWIN MIGUEL,VIRTUAL,BIG DATA APLICADA A LOS NEGOCIOS,301M,2,115,5,25806533QUI,3341301M2115,AGOSTO,M,VIRTUAL,III,VIRTUAL,(MIÉRCOLES),(VIR 07:00-10:45),ASIGNADO,,PTC
3341,25806533,QUIÑONEZ RISSO EDWIN MIGUEL,VIRTUAL,BIG DATA APLICADA A LOS NEGOCIOS,301N,2,116,5,25806533QUI,3341301N2116,AGOSTO,N,VIRTUAL,III,VIRTUAL,(MIÉRCOLES),(VIR 19:00-22:45),ASIGNADO,,
3338,9834486,QUISPE ARCE RICHARD JUAN,VES,EXPERIENCIA FORMATIVA EN SITUACIÓN REAL DE TRABAJO,233M,2,2064,2,9834486QUI,3338233M22064,AGOSTO,M,VES,II,PRESENCIAL,(MIÉRCOLES),(PRE 08:30-10:00),ASIGNADO,,
3338,9834486,QUISPE ARCE RICHARD JUAN,VES,EXPERIENCIA FORMATIVA EN SITUACIÓN REAL DE TRABAJO,229N,2,2063,2,9834486QUI,3338229N22063,AGOSTO,N,VES,II,PRESENCIAL,(SABADO),(PRE 20:30-22:00),ASIGNADO,,
3340,9834486,QUISPE ARCE RICHARD JUAN,VES,CONTABILIDAD,224M,1,1072,8,9834486QUI,3340224M11072,AGOSTO,M,VES,II,PRESENCIAL,(MIÉRCOLES)(VIERNES),(PRE 07:00-10:00)(PRE 07:00-10:00),ASIGNADO,,PPH
3337,43312986,QUISPE CERNA LUIS ANTONIO,VIRTUAL,PENSAMIENTO LÓGICO PARA LOS NEGOCIOS,102N,2,17,6,43312986QUI,3337102N217,JUNIO,N,VIRTUAL,I,VIRTUAL,(MIÉRCOLES),(VIR 18:15-22:45),ASIGNADO,,
3338,45987224,QUISPE GONZALES PEDRO ALBERTO,ATE,EXPERIENCIA FORMATIVA EN SITUACIÓN REAL DE TRABAJO,206N,2,595,2,45987224QUI,3338206N2595,AGOSTO,N,ATE,II,PRESENCIAL,(VIERNES),(PRE 20:30-22:00),ASIGNADO,,
3340,45987224,QUISPE GONZALES PEDRO ALBERTO,ATE,CONTABILIDAD,204N,1,252,8,45987224QUI,3340204N1252,AGOSTO,N,ATE,II,PRESENCIAL,(LUNES)(SABADO),(PRE 19:00-22:00)(PRE 19:00-22:00),ASIGNADO,,
3340,44183032,RAFO PERALTA ALEJO,NOR,PENSAMIENTO LÓGICO,106M,2,935,12,44183032RAF,3340106M2935,AGOSTO,M,NOR,I,PRESENCIAL,(LUNES)(MIÉRCOLES)(SABADO),(PRE 07:00-10:45)(PRE 07:00-10:45)(PRE 07:00-08:30),ASIGNADO,,PPH
3338,44507799,RAMIREZ ARENAS ARTURO PERCY,AQP,FORMACIÓN Y DESARROLLO DE PERSONAS,618M,1,1595,10,44507799RAM,3338618M11595,AGOSTO,M,AQP,VI,PRESENCIAL,(LUNES)(JUEVES),(PRE 07:00-10:45)(PRE 07:00-10:45),ASIGNADO,,PPH
3338,44507799,RAMIREZ ARENAS ARTURO PERCY,VIRTUAL,FORMACIÓN Y DESARROLLO DE PERSONAS,628M,1,407,5,44507799RAM,3338628M1407,AGOSTO,M,VIRTUAL,VI,VIRTUAL,(MIÉRCOLES),(VIR 07:00-10:45),ASIGNADO,,PPH
3338,44507799,RAMIREZ ARENAS ARTURO PERCY,VIRTUAL,FORMACIÓN Y DESARROLLO DE PERSONAS,621N,2,406,5,44507799RAM,3338621N2406,AGOSTO,N,VIRTUAL,VI,VIRTUAL,(MIÉRCOLES),(VIR 19:00-22:45),ASIGNADO,,
3338,10467663,RAMÍREZ GALINDO KATERINE MERLIN,PRC,SUPPLY CHAIN MANAGEMENT,403N,1,1081,5,10467663RAM,3338403N11081,AGOSTO,N,PRC,IV,PRESENCIAL,(MARTES),(PRE 19:00-22:45),ASIGNADO,,
3338,10467663,RAMÍREZ GALINDO KATERINE MERLIN,PRC,SUPPLY CHAIN MANAGEMENT,403N,1,,5,10467663RAM,3338403N1,AGOSTO,N,PRC,IV,PRESENCIAL,(SABADO),(PRE 19:00-22:45),ASIGNADO,,
3339,10467663,RAMÍREZ GALINDO KATERINE MERLIN,VIRTUAL,"COTIZACIONES, PRECIOS Y COSTOS DE SERVICIOS LOGÍSTICOS",401N,1,99,5,10467663RAM,3339401N199,AGOSTO,N,VIRTUAL,IV,VIRTUAL,(LUNES),(VIR 19:00-22:45),ASIGNADO,,
3339,10467663,RAMÍREZ GALINDO KATERINE MERLIN,VIRTUAL,GESTIÓN DE LA CALIDAD EN COMERCIO EXTERIOR,501N,2,87,5,10467663RAM,3339501N287,AGOSTO,N,VIRTUAL,V,VIRTUAL,(LUNES),(VIR 19:00-22:45),ASIGNADO,,
3339,10467663,RAMÍREZ GALINDO KATERINE MERLIN,VIRTUAL,SUPPLY CHAIN MANAGEMENT,401N,2,110,5,10467663RAM,3339401N2110,AGOSTO,N,VIRTUAL,IV,VIRTUAL,(VIERNES),(VIR 19:00-22:45),ASIGNADO,,
3340,10467663,RAMÍREZ GALINDO KATERINE MERLIN,VIRTUAL,GESTIÓN DE LA CADENA DE SUMINISTROS,404N,2,540,5,10467663RAM,3340404N2540,AGOSTO,N,VIRTUAL,IV,VIRTUAL,(MIÉRCOLES),(VIR 19:00-22:45),ASIGNADO,,
3338,41403863,RAMIREZ PINEDA JOSE CIRILO,SJL,CONTABILIDAD,223M,1,521,10,41403863RAM,3338223M1521,AGOSTO,M,SJL,II,PRESENCIAL,(LUNES)(VIERNES),(PRE 07:00-10:45)(PRE 07:00-10:45),ASIGNADO,,PTC
3338,41403863,RAMIREZ PINEDA JOSE CIRILO,VIRTUAL,CONTABILIDAD GUBERNAMENTAL,411M,1,1108,5,41403863RAM,3338411M11108,AGOSTO,M,VIRTUAL,IV,VIRTUAL,(MARTES),(VIR 07:00-10:45),ASIGNADO,,PTC
3338,41403863,RAMIREZ PINEDA JOSE CIRILO,SJL,DINÁMICA DEL PLAN CONTABLE,116M,2,1982,10,41403863RAM,3338116M21982,AGOSTO,M,SJL,I,PRESENCIAL,(MARTES)(VIERNES),(PRE 07:00-10:45)(PRE 07:00-10:45),ASIGNADO,,PTC
3338,41403863,RAMIREZ PINEDA JOSE CIRILO,VIRTUAL,CONTROL Y VALORIZACIÓN DE INVENTARIOS,226M,2,675,4,41403863RAM,3338226M2675,AGOSTO,M,VIRTUAL,II,VIRTUAL,(MIÉRCOLES),(VIR 07:00-10:00),ASIGNADO,,PTC
3338,41403863,RAMIREZ PINEDA JOSE CIRILO,SJL,CONTABILIDAD,312M,1,795,10,41403863RAM,3338312M1795,AGOSTO,M,SJL,III,PRESENCIAL,(JUEVES)(SABADO),(PRE 07:00-10:45)(PRE 07:00-10:45),ASIGNADO,,PTC
3338,41403863,RAMIREZ PINEDA JOSE CIRILO,VIRTUAL,CONTABILIDAD,229M,2,371,4,41403863RAM,3338229M2371,AGOSTO,M,VIRTUAL,II,VIRTUAL,(SABADO),(VIR 07:00-10:00),ASIGNADO,,PTC
3338,41403863,RAMIREZ PINEDA JOSE CIRILO,SJL,EXPERIENCIA FORMATIVA EN SITUACIÓN REAL DE TRABAJO,226M,2,602,2,41403863RAM,3338226M2602,AGOSTO,M,SJL,II,PRESENCIAL,(JUEVES),(PRE 08:30-10:00),ASIGNADO,,
3338,41403863,RAMIREZ PINEDA JOSE CIRILO,VIRTUAL,CONTABILIDAD GUBERNAMENTAL,414N,1,1109,5,41403863RAM,3338414N11109,AGOSTO,N,VIRTUAL,IV,VIRTUAL,(LUNES),(VIR 19:00-22:45),ASIGNADO,,
3338,41403863,RAMIREZ PINEDA JOSE CIRILO,SJL,CONTABILIDAD,309N,2,794,10,41403863RAM,3338309N2794,AGOSTO,N,SJL,III,PRESENCIAL,(LUNES)(VIERNES),(PRE 19:00-22:45)(PRE 19:00-22:45),ASIGNADO,,
3334,70086709,RAMIREZ ROJAS VANESSA VERONICA,VIRTUAL,HERRAMIENTAS DIGITALES PARA LOS NEGOCIOS,203N,2,59,5,70086709RAM,3334203N259,JUNIO,N,VIRTUAL,II,VIRTUAL,(MARTES),(VIR 19:00-22:45),ASIGNADO,,
3336,70086709,RAMIREZ ROJAS VANESSA VERONICA,VIRTUAL,METODOLOGÍAS ÁGILES PARA LA SOLUCIÓN DE PROBLEMAS,102N,2,13,5,70086709RAM,3336102N213,JUNIO,N,VIRTUAL,I,VIRTUAL,(MIÉRCOLES),(VIR 19:00-22:45),ASIGNADO,,
3338,75418558,RAMOS AQUINO  KEVIN JOSE,PRC,OPERATIVIDAD ADUANERA,203N,2,647,10,75418558RAM,3338203N2647,AGOSTO,N,PRC,II,PRESENCIAL,(MIÉRCOLES)(SABADO),(PRE 19:00-22:45)(PRE 19:00-22:45),ASIGNADO,,
3342,75418558,RAMOS AQUINO  KEVIN JOSE,ATE,COMERCIO EXTERIOR,101N,2,26,10,75418558RAM,3342101N226,SETIEMBRE,N,ATE,I,PRESENCIAL,(MARTES)(VIERNES),(PRE 19:00-22:45)(PRE 19:00-22:45),ASIGNADO,,
3340,70027571,RAMOS MUÑOZ VICTOR ANTONIO,VIRTUAL,MARKETING ESTRATÉGICO,613M,1,481,5,70027571RAM,3340613M1481,AGOSTO,M,VIRTUAL,VI,VIRTUAL,(LUNES),(VIR 07:00-10:45),ASIGNADO,,PTC
3340,70027571,RAMOS MUÑOZ VICTOR ANTONIO,VIRTUAL,MARKETING,207M,2,240,4,70027571RAM,3340207M2240,AGOSTO,M,VIRTUAL,II,VIRTUAL,(LUNES),(VIR 07:00-10:00),ASIGNADO,,PTC
3340,70027571,RAMOS MUÑOZ VICTOR ANTONIO,SJL,GESTIÓN DE MARCA,306M,1,571,8,70027571RAM,3340306M1571,AGOSTO,M,SJL,III,PRESENCIAL,(MARTES)(VIERNES),(PRE 07:00-10:00)(PRE 07:00-10:00),ASIGNADO,,PTC
3340,70027571,RAMOS MUÑOZ VICTOR ANTONIO,VIRTUAL,MARKETING,224M,2,1070,4,70027571RAM,3340224M21070,AGOSTO,M,VIRTUAL,II,VIRTUAL,(MARTES),(VIR 07:00-10:00),ASIGNADO,,PTC
3340,70027571,RAMOS MUÑOZ VICTOR ANTONIO,VIRTUAL,FUNDAMENTOS DE MARKETING,114M,2,1047,6,70027571RAM,3340114M21047,AGOSTO,M,VIRTUAL,I,VIRTUAL,(MIÉRCOLES),(VIR 07:00-11:30),ASIGNADO,,PTC
3340,70027571,RAMOS MUÑOZ VICTOR ANTONIO,VIRTUAL,MARKETING ESTRATÉGICO,610M,1,480,5,70027571RAM,3340610M1480,AGOSTO,M,VIRTUAL,VI,VIRTUAL,(JUEVES),(VIR 07:00-10:45),ASIGNADO,,PTC
3340,70027571,RAMOS MUÑOZ VICTOR ANTONIO,VIRTUAL,MARKETING,201M,2,234,4,70027571RAM,3340201M2234,AGOSTO,M,VIRTUAL,II,VIRTUAL,(VIERNES),(VIR 07:00-10:00),ASIGNADO,,PTC
3340,70027571,RAMOS MUÑOZ VICTOR ANTONIO,VIRTUAL,MARKETING,215M,2,243,4,70027571RAM,3340215M2243,AGOSTO,M,VIRTUAL,II,VIRTUAL,(SABADO),(VIR 07:00-10:00),ASIGNADO,,PTC
3340,70027571,RAMOS MUÑOZ VICTOR ANTONIO,VIRTUAL,MARKETING,201T,2,236,4,70027571RAM,3340201T2236,AGOSTO,T,VIRTUAL,II,VIRTUAL,(SABADO),(VIR 14:30-17:30),ASIGNADO,,
3341,70027571,RAMOS MUÑOZ VICTOR ANTONIO,VIRTUAL,FUNDAMENTOS DE MARKETING,102N,1,142,6,70027571RAM,3341102N1142,AGOSTO,N,VIRTUAL,I,VIRTUAL,(MIÉRCOLES),(VIR 18:15-22:45),ASIGNADO,,
3341,70027571,RAMOS MUÑOZ VICTOR ANTONIO,VIRTUAL,MARKETING ESTRATÉGICO,601N,1,78,5,70027571RAM,3341601N178,AGOSTO,N,VIRTUAL,VI,VIRTUAL,(LUNES),(VIR 19:00-22:45),ASIGNADO,,
3341,70027571,RAMOS MUÑOZ VICTOR ANTONIO,VIRTUAL,MARKETING,201N,2,97,4,70027571RAM,3341201N297,AGOSTO,N,VIRTUAL,II,VIRTUAL,(LUNES),(VIR 19:00-22:00),ASIGNADO,,
3340,41844124,RAMOS RUELAS LUIS ALBERTO,VES,ANÁLISIS DE LA INFORMACIÓN FINANCIERA,312M,1,1079,12,41844124RAM,3340312M11079,AGOSTO,M,VES,III,PRESENCIAL,(MARTES)(JUEVES),(PRE 07:00-11:30)(PRE 07:00-11:30),ASIGNADO,,PPH
3338,48217707,RAMOS TAQUIRE NELLY GUADALUPE,NOR,FOTOGRAFÍA,217M,2,741,10,48217707RAM,3338217M2741,AGOSTO,M,NOR,I,PRESENCIAL,(MARTES)(JUEVES),(PRE 07:00-10:45)(PRE 07:00-10:45),ASIGNADO,,PPH
3338,48217707,RAMOS TAQUIRE NELLY GUADALUPE,SJL,FOTOGRAFÍA,218N,2,742,10,48217707RAM,3338218N2742,AGOSTO,N,SJL,II,PRESENCIAL,(LUNES)(MIÉRCOLES),(PRE 19:00-22:45)(PRE 19:00-22:45),ASIGNADO,,
3338,9427798,RAMOS YIKA MARIO DEMETRIO,VIRTUAL,HERRAMIENTAS DIGITALES E INTELIGENCIA ARTIFICIAL,123N,1,1825,6,9427798RAM,3338123N11825,AGOSTO,N,VIRTUAL,I,VIRTUAL,(JUEVES)(SABADO),(VIR 19:00-20:30)(VIR 19:00-22:00),ASIGNADO,,
3338,9427798,RAMOS YIKA MARIO DEMETRIO,VIRTUAL,HERRAMIENTAS DIGITALES E INTELIGENCIA ARTIFICIAL,118N,2,1816,6,9427798RAM,3338118N21816,AGOSTO,N,VIRTUAL,I,VIRTUAL,(MIÉRCOLES)(SABADO),(VIR 20:30-22:00)(VIR 19:00-22:00),ASIGNADO,,
3338,42657403,RAMOS ZAMORA DEISY MARILIN,VIRTUAL,CONTROL INTERNO,507M,1,1277,5,42657403RAM,3338507M11277,AGOSTO,M,VIRTUAL,V,VIRTUAL,(MARTES)(VIERNES),(VIR 07:00-08:30)(VIR 07:00-09:15),ASIGNADO,,PPH
3339,42657403,RAMOS ZAMORA DEISY MARILIN,VIRTUAL,DINÁMICA DEL PLAN CONTABLE,101M,2,236,5,42657403RAM,3339101M2236,AGOSTO,M,VIRTUAL,I,VIRTUAL,(LUNES)(VIERNES),(VIR 07:00-09:15)(VIR 07:00-08:30),ASIGNADO,,PPH
3339,42657403,RAMOS ZAMORA DEISY MARILIN,VIRTUAL,CONTABILIDAD TRIBUTARIA Y LABORAL,302N,2,151,5,42657403RAM,3339302N2151,AGOSTO,N,VIRTUAL,III,VIRTUAL,(LUNES),(VIR 19:00-22:45),ASIGNADO,,
3341,43308029,RAMOS ZEGARRA EBER RONNY,VIRTUAL,LIDERAZGO ESTRATÉGICO,402N,1,62,5,43308029RAM,3341402N162,AGOSTO,N,VIRTUAL,IV,VIRTUAL,(VIERNES),(VIR 19:00-22:45),ASIGNADO,,
3338,46065092,REAÑO SALINAS ASTRID MARIEL,VIRTUAL,OPERACIONES Y LOGÍSTICA,229M,2,382,8,46065092REA,3338229M2382,AGOSTO,M,VIRTUAL,II,VIRTUAL,(MARTES)(JUEVES),(VIR 07:00-10:00)(VIR 07:00-10:00),ASIGNADO,,PTP
3338,46065092,REAÑO SALINAS ASTRID MARIEL,VIRTUAL,DESARROLLO PROFESIONAL,114M,1,1743,2,46065092REA,3338114M11743,AGOSTO,M,VIRTUAL,I,VIRTUAL,(MARTES),(VIR 08:30-10:00),ASIGNADO,,
3338,46065092,REAÑO SALINAS ASTRID MARIEL,VIRTUAL,GESTIÓN DE OPERACIONES,N12N,1,,3,46065092REA,3338N12N1,AGOSTO,N,VIRTUAL,IV,VIRTUAL,(MARTES),(VIR 19:00-21:15),ASIGNADO,,
3338,46065092,REAÑO SALINAS ASTRID MARIEL,VIRTUAL,ADMINISTRACIÓN DE OPERACIONES,515N,2,1677,10,46065092REA,3338515N21677,AGOSTO,N,VIRTUAL,V,VIRTUAL,(MARTES)(JUEVES),(VIR 19:00-22:45)(VIR 19:00-22:45),ASIGNADO,,
3338,46065092,REAÑO SALINAS ASTRID MARIEL,VIRTUAL,DESARROLLO PROFESIONAL,123N,1,1758,2,46065092REA,3338123N11758,AGOSTO,N,VIRTUAL,I,VIRTUAL,(JUEVES),(VIR 20:30-22:00),ASIGNADO,,
3341,46065092,REAÑO SALINAS ASTRID MARIEL,VIRTUAL,PROCESOS EMPRESARIALES,201M,1,106,5,46065092REA,3341201M1106,AGOSTO,M,VIRTUAL,II,VIRTUAL,(LUNES),(VIR 07:00-10:45),ASIGNADO,,PTP
3341,46065092,REAÑO SALINAS ASTRID MARIEL,VIRTUAL,GESTIÓN DE PROCESOS DE MEJORA CONTINUA,401M,1,67,5,46065092REA,3341401M167,AGOSTO,M,VIRTUAL,IV,VIRTUAL,(VIERNES),(VIR 07:00-10:45),ASIGNADO,,PTP
3341,46065092,REAÑO SALINAS ASTRID MARIEL,VIRTUAL,GESTIÓN DE PROCESOS DE MEJORA CONTINUA,401N,1,29,5,46065092REA,3341401N129,AGOSTO,N,VIRTUAL,IV,VIRTUAL,(VIERNES),(VIR 19:00-22:45),ASIGNADO,,
3341,46065092,REAÑO SALINAS ASTRID MARIEL,VIRTUAL,PROCESOS EMPRESARIALES,203N,2,109,5,46065092REA,3341203N2109,AGOSTO,N,VIRTUAL,II,VIRTUAL,(VIERNES),(VIR 19:00-22:45),ASIGNADO,,
3338,70241717,REJAS GAVILANO LUIS EDUARDO,PRC,TOMA DE DECISIONES ESTRATÉGICAS,606M,2,1596,8,70241717REJ,3338606M21596,AGOSTO,M,PRC,VI,PRESENCIAL,(MIÉRCOLES)(VIERNES),(PRE 08:30-10:45)(PRE 07:00-10:45),ASIGNADO,,PTP
3338,70241717,REJAS GAVILANO LUIS EDUARDO,SJL,GESTIÓN DE PROVEEDORES,309N,1,802,10,70241717REJ,3338309N1802,AGOSTO,N,SJL,III,PRESENCIAL,(MIÉRCOLES)(VIERNES),(PRE 19:00-22:45)(PRE 19:00-22:45),ASIGNADO,,
3338,70241717,REJAS GAVILANO LUIS EDUARDO,VIRTUAL,TOMA DE DECISIONES ESTRATÉGICAS,620N,1,408,5,70241717REJ,3338620N1408,AGOSTO,N,VIRTUAL,VI,VIRTUAL,(SABADO),(VIR 19:00-22:45),ASIGNADO,,
3340,70241717,REJAS GAVILANO LUIS EDUARDO,VIRTUAL,Toma de decisiones estratégicas,803N,1,1155,5,70241717REJ,3340803N11155,AGOSTO,N,VIRTUAL,VI,VIRTUAL,(MARTES),(VIR 19:00-22:45),ASIGNADO,,
3340,70241717,REJAS GAVILANO LUIS EDUARDO,PRC,TOMA DE DECISIONES ESTRATÉGICAS,601N,2,397,10,70241717REJ,3340601N2397,AGOSTO,N,PRC,VI,PRESENCIAL,(MIÉRCOLES)(SABADO),(PRE 19:00-22:45)(PRE 19:00-22:45),ASIGNADO,,
3341,70241717,REJAS GAVILANO LUIS EDUARDO,VIRTUAL,TOMA DE DECISIONES ESTRATÉGICAS,601N,2,84,5,70241717REJ,3341601N284,AGOSTO,N,VIRTUAL,VI,VIRTUAL,(VIERNES),(VIR 19:00-22:45),ASIGNADO,,
3340,44087162,RENTERÍA CANO VILCHEZ SANDRA MILAGROS,SJL,FUNDAMENTOS DE MARKETING,116N,1,972,12,44087162REN,3340116N1972,AGOSTO,N,SJL,I,PRESENCIAL,(MARTES)(SABADO),(PRE 18:15-22:45)(PRE 18:15-22:45),ASIGNADO,,
3340,18213537,REYES RIOS RICARDO ALFREDO,PRC,COMUNICACIÓN ESTRATÉGICA,502N,1,756,10,18213537REY,3340502N1756,AGOSTO,N,PRC,V,PRESENCIAL,(MARTES)(JUEVES),(PRE 19:00-22:45)(PRE 19:00-22:45),ASIGNADO,,
3338,46222011,RIMARACHIN SUAREZ EDWIN FERNANDO,VIRTUAL,CONTABILIDAD GERENCIAL,625M,1,1566,5,46222011RIM,3338625M11566,AGOSTO,M,VIRTUAL,VI,VIRTUAL,(LUNES)(MIÉRCOLES),(VIR 07:00-09:15)(VIR 07:00-08:30),ASIGNADO,,PPH
3338,46222011,RIMARACHIN SUAREZ EDWIN FERNANDO,VIRTUAL,CONTABILIDAD GERENCIAL,617N,1,1565,5,46222011RIM,3338617N11565,AGOSTO,N,VIRTUAL,VI,VIRTUAL,(LUNES)(SABADO),(VIR 19:00-21:15)(VIR 19:00-20:30),ASIGNADO,,
3337,10003474,RIOS OJEDA CARLOS ALFONSO,VIRTUAL,Comunicación Estratégica,801N,2,39,5,10003474RIO,3337801N239,JUNIO,N,VIRTUAL,V,VIRTUAL,(JUEVES),(VIR 19:00-22:45),ASIGNADO,,
3338,10003474,RIOS OJEDA CARLOS ALFONSO,VIRTUAL,MARKETING ESTRATÉGICO,618M,2,1587,5,10003474RIO,3338618M21587,AGOSTO,M,VIRTUAL,VI,VIRTUAL,(LUNES),(VIR 07:00-10:45),ASIGNADO,,PPH
3340,10003474,RIOS OJEDA CARLOS ALFONSO,AQP,GESTIÓN DE MARCA,311M,1,572,8,10003474RIO,3340311M1572,AGOSTO,M,AQP,III,PRESENCIAL,(JUEVES)(SABADO),(PRE 07:00-10:00)(PRE 07:00-10:00),ASIGNADO,,PPH
3341,10003474,RIOS OJEDA CARLOS ALFONSO,VIRTUAL,FUNDAMENTOS DE MARKETING,101M,2,139,6,10003474RIO,3341101M2139,AGOSTO,M,VIRTUAL,I,VIRTUAL,(MIÉRCOLES),(VIR 07:00-11:30),ASIGNADO,,PPH
3338,70245898,RISCO ROJAS MACK PAUL,NOR,OPERATIVIDAD ADUANERA,211N,2,652,10,70245898RIS,3338211N2652,AGOSTO,N,NOR,II,PRESENCIAL,(LUNES)(MIÉRCOLES),(PRE 19:00-22:45)(PRE 19:00-22:45),ASIGNADO,,
3338,70245898,RISCO ROJAS MACK PAUL,NOR,"COTIZACIONES, PRECIOS Y COSTOS DE SERVICIOS LOGÍSTICOS",409N,1,1019,10,70245898RIS,3338409N11019,AGOSTO,N,NOR,IV,PRESENCIAL,(MARTES)(JUEVES),(PRE 19:00-22:45)(PRE 19:00-22:45),ASIGNADO,,
3338,70245898,RISCO ROJAS MACK PAUL,NOR,GESTIÓN DE LA CALIDAD EN COMERCIO EXTERIOR,508N,2,1190,10,70245898RIS,3338508N21190,AGOSTO,N,NOR,V,PRESENCIAL,(MARTES)(VIERNES),(PRE 19:00-22:45)(PRE 19:00-22:45),ASIGNADO,,
3338,70245898,RISCO ROJAS MACK PAUL,NOR,GESTIÓN ADUANERA,409N,1,1073,10,70245898RIS,3338409N11073,AGOSTO,N,NOR,IV,PRESENCIAL,(MIÉRCOLES)(SABADO),(PRE 19:00-22:45)(PRE 19:00-22:45),ASIGNADO,,
3338,46846521,RIVADENEIRA LUNA JULIO BRYAN,VIRTUAL,ESTRATEGIAS DE FIDELIZACIÓN Y RETENCIÓN DE CLIENTES,506M,1,1213,5,46846521RIV,3338506M11213,AGOSTO,M,VIRTUAL,V,VIRTUAL,(MARTES),(VIR 07:00-10:45),ASIGNADO,,PPH
3338,46846521,RIVADENEIRA LUNA JULIO BRYAN,VIRTUAL,ESTRATEGIAS DE FIDELIZACIÓN Y RETENCIÓN DE CLIENTES,501M,2,1210,5,46846521RIV,3338501M21210,AGOSTO,M,VIRTUAL,V,VIRTUAL,(MARTES),(VIR 07:00-10:45),ASIGNADO,,PPH
3338,6099640,RIVADENEYRA YAMASHITA JAVIER JAIME,VES,GESTIÓN DE EQUIPOS,520M,1,2108,8,6099640RIV,3338520M12108,AGOSTO,M,VES,V,PRESENCIAL,(LUNES)(VIERNES),(PRE 07:00-10:00)(PRE 07:00-10:00),ASIGNADO,,TCxH
3338,6099640,RIVADENEYRA YAMASHITA JAVIER JAIME,NOR,EMPRENDIMIENTO: MODELO DE NEGOCIO,411M,1,900,10,6099640RIV,3338411M1900,AGOSTO,M,NOR,IV,PRESENCIAL,(MIÉRCOLES)(SABADO),(PRE 07:00-10:45)(PRE 07:00-10:45),ASIGNADO,,TCxH
3338,6099640,RIVADENEYRA YAMASHITA JAVIER JAIME,SJL,EMPRENDIMIENTO: PROYECTO INTEGRADOR,617N,1,1429,12,6099640RIV,3338617N11429,AGOSTO,N,SJL,VI,PRESENCIAL,(MARTES)(VIERNES),(PRE 18:15-22:45)(PRE 18:15-22:45),ASIGNADO,,
3338,6099640,RIVADENEYRA YAMASHITA JAVIER JAIME,NOR,EMPRENDIMIENTO: MODELO DE NEGOCIO,408N,1,897,10,6099640RIV,3338408N1897,AGOSTO,N,NOR,IV,PRESENCIAL,(MIÉRCOLES)(SABADO),(PRE 19:00-22:45)(PRE 19:00-22:45),ASIGNADO,,
3338,40208417,RIVASPLATA VELIZ ADELA LETICIA,VIRTUAL,DESARROLLO PROFESIONAL,107M,1,1732,2,40208417RIV,3338107M11732,AGOSTO,M,VIRTUAL,I,VIRTUAL,(MARTES),(VIR 07:00-08:30),ASIGNADO,,PTC IN
3338,40208417,RIVASPLATA VELIZ ADELA LETICIA,VIRTUAL,DESARROLLO PROFESIONAL,116M,2,1745,2,40208417RIV,3338116M21745,AGOSTO,M,VIRTUAL,I,VIRTUAL,(LUNES),(VIR 08:30-10:00),ASIGNADO,,
3338,40208417,RIVASPLATA VELIZ ADELA LETICIA,VIRTUAL,ÉTICA EN LOS NEGOCIOS,512N,2,1226,3,40208417RIV,3338512N21226,AGOSTO,N,VIRTUAL,V,VIRTUAL,(MIÉRCOLES),(VIR 19:00-21:15),ASIGNADO,,
3338,40208417,RIVASPLATA VELIZ ADELA LETICIA,VIRTUAL,DESARROLLO PROFESIONAL,106N,1,1731,2,40208417RIV,3338106N11731,AGOSTO,N,VIRTUAL,I,VIRTUAL,(SABADO),(VIR 19:00-20:30),ASIGNADO,,
3339,40208417,RIVASPLATA VELIZ ADELA LETICIA,VIRTUAL,ÉTICA EN LOS NEGOCIOS,502N,2,92,3,40208417RIV,3339502N292,AGOSTO,N,VIRTUAL,V,VIRTUAL,(LUNES),(VIR 19:00-21:15),ASIGNADO,,
3339,40208417,RIVASPLATA VELIZ ADELA LETICIA,VIRTUAL,GESTIÓN DE EQUIPOS,501N,1,85,4,40208417RIV,3339501N185,AGOSTO,N,VIRTUAL,V,VIRTUAL,(MIÉRCOLES),(VIR 19:00-22:00),ASIGNADO,,
3342,40208417,RIVASPLATA VELIZ ADELA LETICIA,VIRTUAL,DESARROLLO PROFESIONAL,102M,,,2,40208417RIV,3342102M,AGOSTO,M,VIRTUAL,I,VIRTUAL,(SABADO),(VIR 07:00-08:30),ASIGNADO,,PTC IN
3340,9736141,RIVERA CHAVEZ RUTH ELIZABETH,VIRTUAL,LIDERAZGO ESTRATÉGICO,414M,1,1089,5,9736141RIV,3340414M11089,AGOSTO,M,VIRTUAL,IV,VIRTUAL,(LUNES),(VIR 07:00-10:45),ASIGNADO,,PTD
3340,9736141,RIVERA CHAVEZ RUTH ELIZABETH,VIRTUAL,DESARROLLO PROFESIONAL,114M,1,916,2,9736141RIV,3340114M1916,AGOSTO,M,VIRTUAL,I,VIRTUAL,(MARTES),(VIR 07:00-08:30),ASIGNADO,,PTD
3340,9736141,RIVERA CHAVEZ RUTH ELIZABETH,VIRTUAL,DESARROLLO PROFESIONAL,101M,2,890,2,9736141RIV,3340101M2890,AGOSTO,M,VIRTUAL,I,VIRTUAL,(MARTES),(VIR 07:00-08:30),ASIGNADO,,PTD
3340,9736141,RIVERA CHAVEZ RUTH ELIZABETH,VIRTUAL,DESARROLLO PROFESIONAL,106M,1,900,2,9736141RIV,3340106M1900,AGOSTO,M,VIRTUAL,I,VIRTUAL,(MIÉRCOLES),(VIR 07:00-08:30),ASIGNADO,,PTD
3340,9736141,RIVERA CHAVEZ RUTH ELIZABETH,VIRTUAL,LIDERAZGO ESTRATÉGICO,401M,1,544,5,9736141RIV,3340401M1544,AGOSTO,M,VIRTUAL,IV,VIRTUAL,(JUEVES),(VIR 07:00-10:45),ASIGNADO,,PTD
3340,9736141,RIVERA CHAVEZ RUTH ELIZABETH,VIRTUAL,LIDERAZGO ESTRATÉGICO,406M,2,550,5,9736141RIV,3340406M2550,AGOSTO,M,VIRTUAL,IV,VIRTUAL,(JUEVES),(VIR 07:00-10:45),ASIGNADO,,PTD
3340,9736141,RIVERA CHAVEZ RUTH ELIZABETH,VIRTUAL,LIDERAZGO ESTRATÉGICO,412M,1,553,5,9736141RIV,3340412M1553,AGOSTO,M,VIRTUAL,IV,VIRTUAL,(SABADO),(VIR 07:00-10:45),ASIGNADO,,PTD
3340,9736141,RIVERA CHAVEZ RUTH ELIZABETH,VIRTUAL,DESARROLLO PROFESIONAL,105M,2,898,2,9736141RIV,3340105M2898,AGOSTO,M,VIRTUAL,I,VIRTUAL,(SABADO),(VIR 07:00-08:30),ASIGNADO,,PTD
3340,9736141,RIVERA CHAVEZ RUTH ELIZABETH,VIRTUAL,DESARROLLO PROFESIONAL-DNI,108M,2,904,2,9736141RIV,3340108M2904,AGOSTO,M,VIRTUAL,I,VIRTUAL,(SABADO),(VIR 08:30-10:00),ASIGNADO,,
3340,9736141,RIVERA CHAVEZ RUTH ELIZABETH,VIRTUAL,DESARROLLO PROFESIONAL,111M,,910,2,9736141RIV,3340111M910,AGOSTO,M,VIRTUAL,I,VIRTUAL,(MIÉRCOLES),(VIR 09:15-10:45),ASIGNADO,,
3340,9736141,RIVERA CHAVEZ RUTH ELIZABETH,VIRTUAL,LIDERAZGO ESTRATÉGICO,403N,1,547,5,9736141RIV,3340403N1547,AGOSTO,N,VIRTUAL,IV,VIRTUAL,(MARTES),(VIR 19:00-22:45),ASIGNADO,,
3340,9736141,RIVERA CHAVEZ RUTH ELIZABETH,VIRTUAL,DESARROLLO PROFESIONAL,118N,2,922,2,9736141RIV,3340118N2922,AGOSTO,N,VIRTUAL,I,VIRTUAL,(MARTES),(VIR 19:00-20:30),ASIGNADO,,
3340,9736141,RIVERA CHAVEZ RUTH ELIZABETH,VIRTUAL,LIDERAZGO ESTRATÉGICO,401N,2,545,5,9736141RIV,3340401N2545,AGOSTO,N,VIRTUAL,IV,VIRTUAL,(MIÉRCOLES),(VIR 19:00-22:45),ASIGNADO,,
3340,9736141,RIVERA CHAVEZ RUTH ELIZABETH,VIRTUAL,LIDERAZGO ESTRATÉGICO,404N,1,549,5,9736141RIV,3340404N1549,AGOSTO,N,VIRTUAL,IV,VIRTUAL,(JUEVES),(VIR 19:00-22:45),ASIGNADO,,
3340,9736141,RIVERA CHAVEZ RUTH ELIZABETH,VIRTUAL,DESARROLLO PROFESIONAL,108N,2,905,2,9736141RIV,3340108N2905,AGOSTO,N,VIRTUAL,I,VIRTUAL,(VIERNES),(VIR 19:00-20:30),ASIGNADO,,
3340,9736141,RIVERA CHAVEZ RUTH ELIZABETH,VIRTUAL,DESARROLLO PROFESIONAL,115N,2,919,2,9736141RIV,3340115N2919,AGOSTO,N,VIRTUAL,I,VIRTUAL,(SABADO),(VIR 19:00-20:30),ASIGNADO,,
3340,9736141,RIVERA CHAVEZ RUTH ELIZABETH,VIRTUAL,DESARROLLO PROFESIONAL-DNI-9736141-RIVERA CHAVEZ RUTH ELIZABETH,101N,2,891,2,9736141RIV,3340101N2891,AGOSTO,N,VIRTUAL,I,VIRTUAL,(JUEVES),(VIR 20:30-22:00),ASIGNADO,,
3341,9736141,RIVERA CHAVEZ RUTH ELIZABETH,VIRTUAL,LIDERAZGO ESTRATÉGICO,401N,1,27,4,9736141RIV,3341401N127,AGOSTO,N,VIRTUAL,IV,VIRTUAL,(LUNES),(VIR 19:00-22:00),ASIGNADO,,
3341,9736141,RIVERA CHAVEZ RUTH ELIZABETH,VIRTUAL,LIDERAZGO ESTRATÉGICO,403N,1,63,5,9736141RIV,3341403N163,AGOSTO,N,VIRTUAL,IV,VIRTUAL,(MIÉRCOLES),(VIR 19:00-22:45),ASIGNADO,,
3341,9736141,RIVERA CHAVEZ RUTH ELIZABETH,VIRTUAL,DESARROLLO PROFESIONAL,102N,2,132,2,9736141RIV,3341102N2132,AGOSTO,N,VIRTUAL,I,VIRTUAL,(VIERNES),(VIR 20:30-22:00),ASIGNADO,,
3340,41643125,RIVERA CORONADO LUIS ENRIQUE,NOR,GESTIÓN DE MARCA,305M,1,570,8,41643125RIV,3340305M1570,AGOSTO,M,NOR,III,PRESENCIAL,(LUNES)(VIERNES),(PRE 07:00-10:00)(PRE 07:00-10:00),ASIGNADO,,PPH
3340,41643125,RIVERA CORONADO LUIS ENRIQUE,PRC,FUNDAMENTOS DE MARKETING,113M,2,968,12,41643125RIV,3340113M2968,AGOSTO,M,PRC,I,PRESENCIAL,(MARTES)(JUEVES),(PRE 07:00-11:30)(PRE 07:00-11:30),ASIGNADO,,PPH
3340,40682968,RIVERA REYES OMAR ANTONIO,ATE,EXPERIENCIAS FORMATIVAS EN SITUACIONES REALES DE TRABAJO,604M,2,437,2,40682968RIV,3340604M2437,AGOSTO,M,ATE,VI,PRESENCIAL,(MIÉRCOLES),(PRE 07:00-08:30),ASIGNADO,,PPH
3338,41270012,RIVERA YANA JOSE MANUEL,VIRTUAL,REDACCIÓN Y STORYTELLING,129N,1,2007,8,41270012RIV,3338129N12007,AGOSTO,N,VIRTUAL,I,VIRTUAL,(MARTES)(JUEVES),(VIR 19:00-22:00)(VIR 19:00-22:00),ASIGNADO,,
3338,29221717,RIVEROS BALLÓN GONZALO LEOPOLDO,AQP,INGLÉS APLICADO A PROYECTOS EMPRESARIALES,415M,2,1050,12,29221717RIV,3338415M21050,AGOSTO,M,AQP,IV,PRESENCIAL,(JUEVES)(SABADO),(PRE 07:00-11:30)(PRE 07:00-11:30),ASIGNADO,,PPH
3341,7443059,ROBLES MARRUFO HOILER LEONCIO,VIRTUAL,CONTABILIDAD,201M,1,101,4,7443059ROB,3341201M1101,AGOSTO,M,VIRTUAL,II,VIRTUAL,(VIERNES),(VIR 07:00-10:00),ASIGNADO,,PTC IN
3341,7443059,ROBLES MARRUFO HOILER LEONCIO,VIRTUAL,COSTOS Y PRESUPUESTOS,301N,2,119,5,7443059ROB,3341301N2119,AGOSTO,N,VIRTUAL,III,VIRTUAL,(VIERNES),(VIR 19:00-22:45),ASIGNADO,,
3337,6643510,ROCA SALVADOR MANUEL ANTONIO,VIRTUAL,RECURSOS HUMANOS,101M,2,18,5,6643510ROC,3337101M218,JUNIO,M,VIRTUAL,I,VIRTUAL,(MIÉRCOLES)(VIERNES),(VIR 07:00-08:30)(VIR 07:00-09:15),ASIGNADO,,PTD
3340,6643510,ROCA SALVADOR MANUEL ANTONIO,VIRTUAL,DESARROLLO PROFESIONAL,112M,2,912,2,6643510ROC,3340112M2912,AGOSTO,M,VIRTUAL,I,VIRTUAL,(LUNES),(VIR 07:00-08:30),ASIGNADO,,PTD
3340,6643510,ROCA SALVADOR MANUEL ANTONIO,VIRTUAL,ADMINISTRACIÓN DE PERSONAL,401M,1,528,5,6643510ROC,3340401M1528,AGOSTO,M,VIRTUAL,IV,VIRTUAL,(MARTES),(VIR 07:00-10:45),ASIGNADO,,PTD
3340,6643510,ROCA SALVADOR MANUEL ANTONIO,NOR,LIDERAZGO ESTRATÉGICO,407M,2,586,10,6643510ROC,3340407M2586,AGOSTO,M,NOR,IV,PRESENCIAL,(MARTES)(JUEVES),(PRE 07:00-10:45)(PRE 07:00-10:45),ASIGNADO,,PTD
3340,6643510,ROCA SALVADOR MANUEL ANTONIO,VIRTUAL,ADMINISTRACIÓN DE PERSONAL,414M,2,1083,5,6643510ROC,3340414M21083,AGOSTO,M,VIRTUAL,IV,VIRTUAL,(MIÉRCOLES),(VIR 07:00-10:45),ASIGNADO,,PTD
3340,6643510,ROCA SALVADOR MANUEL ANTONIO,VIRTUAL,DESARROLLO PROFESIONAL,115M,2,918,2,6643510ROC,3340115M2918,AGOSTO,M,VIRTUAL,I,VIRTUAL,(VIERNES),(VIR 07:00-08:30),ASIGNADO,,PTD
3340,6643510,ROCA SALVADOR MANUEL ANTONIO,VIRTUAL,ADMINISTRACIÓN DE PERSONAL,404N,1,532,5,6643510ROC,3340404N1532,AGOSTO,N,VIRTUAL,IV,VIRTUAL,(LUNES),(VIR 19:00-22:45),ASIGNADO,,
3340,6643510,ROCA SALVADOR MANUEL ANTONIO,VIRTUAL,DESARROLLO PROFESIONAL,110N,1,909,2,6643510ROC,3340110N1909,AGOSTO,N,VIRTUAL,I,VIRTUAL,(MARTES),(VIR 19:00-20:30),ASIGNADO,,
3340,6643510,ROCA SALVADOR MANUEL ANTONIO,VIRTUAL,DESARROLLO PROFESIONAL,111N,2,911,2,6643510ROC,3340111N2911,AGOSTO,N,VIRTUAL,I,VIRTUAL,(MARTES),(VIR 19:00-20:30),ASIGNADO,,
3340,6643510,ROCA SALVADOR MANUEL ANTONIO,VIRTUAL,DESARROLLO PROFESIONAL,120N,2,924,2,6643510ROC,3340120N2924,AGOSTO,N,VIRTUAL,I,VIRTUAL,(MIÉRCOLES),(VIR 19:00-20:30),ASIGNADO,,
3340,6643510,ROCA SALVADOR MANUEL ANTONIO,VIRTUAL,ADMINISTRACIÓN DE PERSONAL,403N,1,531,5,6643510ROC,3340403N1531,AGOSTO,N,VIRTUAL,IV,VIRTUAL,(JUEVES),(VIR 19:00-22:45),ASIGNADO,,
3340,6643510,ROCA SALVADOR MANUEL ANTONIO,VIRTUAL,DESARROLLO PROFESIONAL,113N,2,915,2,6643510ROC,3340113N2915,AGOSTO,N,VIRTUAL,I,VIRTUAL,(JUEVES),(VIR 19:00-20:30),ASIGNADO,,
3340,6643510,ROCA SALVADOR MANUEL ANTONIO,VIRTUAL,ADMINISTRACIÓN DE PERSONAL,408N,1,1082,5,6643510ROC,3340408N11082,AGOSTO,N,VIRTUAL,IV,VIRTUAL,(VIERNES),(VIR 19:00-22:45),ASIGNADO,,
3340,6643510,ROCA SALVADOR MANUEL ANTONIO,VIRTUAL,ADMINISTRACIÓN DE PERSONAL,401N,2,529,5,6643510ROC,3340401N2529,AGOSTO,N,VIRTUAL,IV,VIRTUAL,(SABADO),(VIR 19:00-22:45),ASIGNADO,,
3341,6643510,ROCA SALVADOR MANUEL ANTONIO,VIRTUAL,ADMINISTRACIÓN DE PERSONAL,401M,1,55,5,6643510ROC,3341401M155,AGOSTO,M,VIRTUAL,IV,VIRTUAL,(LUNES),(VIR 07:00-10:45),ASIGNADO,,PTD
3341,6643510,ROCA SALVADOR MANUEL ANTONIO,VIRTUAL,DESARROLLO PROFESIONAL,101M,1,129,2,6643510ROC,3341101M1129,AGOSTO,M,VIRTUAL,I,VIRTUAL,(VIERNES),(VIR 09:15-10:45),ASIGNADO,,
3341,6643510,ROCA SALVADOR MANUEL ANTONIO,VIRTUAL,DESARROLLO PROFESIONAL,102M,2,131,2,6643510ROC,3341102M2131,AGOSTO,M,VIRTUAL,I,VIRTUAL,(VIERNES),(VIR 09:15-10:45),ASIGNADO,,
3341,6643510,ROCA SALVADOR MANUEL ANTONIO,VIRTUAL,ADMINISTRACIÓN DE PERSONAL,403N,2,57,5,6643510ROC,3341403N257,AGOSTO,N,VIRTUAL,IV,VIRTUAL,(LUNES),(VIR 19:00-22:45),ASIGNADO,,
3341,6643510,ROCA SALVADOR MANUEL ANTONIO,VIRTUAL,ADMINISTRACIÓN DE PERSONAL,401N,1,122,5,6643510ROC,3341401N1122,AGOSTO,N,VIRTUAL,IV,VIRTUAL,(MIÉRCOLES),(VIR 19:00-22:45),ASIGNADO,,
3341,6643510,ROCA SALVADOR MANUEL ANTONIO,VIRTUAL,DESARROLLO PROFESIONAL,103N,2,133,2,6643510ROC,3341103N2133,AGOSTO,N,VIRTUAL,I,VIRTUAL,(VIERNES),(VIR 19:00-20:30),ASIGNADO,,
3340,42815728,RODRIGUEZ FLORES CARLOS SANTIAGO,VES,CONTABILIDAD,216N,1,1071,8,42815728ROD,3340216N11071,AGOSTO,N,VES,II,PRESENCIAL,(MARTES)(SABADO),(PRE 19:00-22:00)(PRE 19:00-22:00),ASIGNADO,,
3338,7762142,RODRIGUEZ NERI SOILA ELENA,ATE,EMPRENDIMIENTO: CREATIVIDAD E INNOVACIÓN,303M,1,755,10,7762142ROD,3338303M1755,AGOSTO,M,ATE,III,PRESENCIAL,(LUNES)(JUEVES),(PRE 07:00-10:45)(PRE 07:00-10:45),ASIGNADO,,PPH
3338,44426456,RODRIGUEZ URBANO JACKELINE CRISTINA,VES,EMPRENDIMIENTO: CREATIVIDAD E INNOVACIÓN,320M,1,2067,10,44426456ROD,3338320M12067,AGOSTO,M,VES,III,PRESENCIAL,(MIÉRCOLES)(SABADO),(PRE 07:00-10:45)(PRE 07:00-10:45),ASIGNADO,,PPH
3340,44426456,RODRIGUEZ URBANO JACKELINE CRISTINA,VIRTUAL,METODOLOGÍAS ÁGILES PARA LA INNOVACIÓN,403N,2,557,4,44426456ROD,3340403N2557,AGOSTO,N,VIRTUAL,IV,VIRTUAL,(MIÉRCOLES),(VIR 19:00-22:00),ASIGNADO,,
3341,44426456,RODRIGUEZ URBANO JACKELINE CRISTINA,VIRTUAL,METODOLOGÍAS ÁGILES PARA LA INNOVACIÓN,401N,2,30,5,44426456ROD,3341401N230,AGOSTO,N,VIRTUAL,IV,VIRTUAL,(LUNES),(VIR 19:00-22:45),ASIGNADO,,
3334,41184923,ROJAS CÁRDENAS MARÍA DEL ROSARIO,VIRTUAL,ADMINISTRACIÓN DE NEGOCIOS,101N,2,17,4,41184923ROJ,3334101N217,JUNIO,N,VIRTUAL,I,VIRTUAL,(MIÉRCOLES),(VIR 19:00-22:00),ASIGNADO,,
3338,72741749,ROJAS LOPEZ JERSON TADEO,VIRTUAL,HERRAMIENTAS DIGITALES E INTELIGENCIA ARTIFICIAL,112N,1,1807,6,72741749ROJ,3338112N11807,AGOSTO,N,VIRTUAL,I,VIRTUAL,(MARTES)(JUEVES),(VIR 20:30-22:00)(VIR 19:00-22:00),ASIGNADO,,
3338,9996022,ROJAS ZURITA PATRICIA KARIM,PRC,ANÁLISIS DE LA INFORMACIÓN FINANCIERA,301M,2,745,12,9996022ROJ,3338301M2745,AGOSTO,M,PRC,III,PRESENCIAL,(MARTES)(VIERNES),(PRE 07:00-11:30)(PRE 07:00-11:30),ASIGNADO,,PTP
3338,9996022,ROJAS ZURITA PATRICIA KARIM,VIRTUAL,ANÁLISIS DE LA INFORMACIÓN FINANCIERA,314N,2,329,8,9996022ROJ,3338314N2329,AGOSTO,N,VIRTUAL,III,VIRTUAL,(MIÉRCOLES)(VIERNES),(VIR 19:00-22:00)(VIR 19:00-22:00),ASIGNADO,,
3339,9996022,ROJAS ZURITA PATRICIA KARIM,VIRTUAL,EXPERIENCIA FORMATIVA EN SITUACIÓN REAL DE TRABAJO,404N,2,189,2,9996022ROJ,3339404N2189,AGOSTO,N,VIRTUAL,IV,VIRTUAL,(JUEVES),(VIR 19:00-20:30),ASIGNADO,,
3340,9996022,ROJAS ZURITA PATRICIA KARIM,SJL,ANÁLISIS DE LA INFORMACIÓN FINANCIERA,307M,1,307,12,9996022ROJ,3340307M1307,AGOSTO,M,SJL,III,PRESENCIAL,(LUNES)(VIERNES),(PRE 07:00-11:30)(PRE 07:00-11:30),ASIGNADO,,PTP
3341,9996022,ROJAS ZURITA PATRICIA KARIM,VIRTUAL,ANÁLISIS DE LA INFORMACIÓN FINANCIERA,303N,1,42,8,9996022ROJ,3341303N142,AGOSTO,N,VIRTUAL,III,VIRTUAL,(LUNES)(VIERNES),(VIR 19:00-22:00)(VIR 19:00-22:00),ASIGNADO,,
3337,70006010,ROMERO ESPINOZA ANGIE LUISA,VIRTUAL,Metodología Cuantitativa,801N,2,37,6,70006010ROM,3337801N237,JUNIO,N,VIRTUAL,III,VIRTUAL,(MARTES)(SABADO),(VIR 20:30-22:45)(VIR 20:30-22:45),ASIGNADO,,
3340,70006010,ROMERO ESPINOZA ANGIE LUISA,VIRTUAL,Trabajo de investigación,802N,2,1153,12,70006010ROM,3340802N21153,AGOSTO,N,VIRTUAL,VIII,VIRTUAL,(MARTES)(SABADO),(VIR 18:15-22:45)(VIR 18:15-22:45),ASIGNADO,,
3340,70006010,ROMERO ESPINOZA ANGIE LUISA,VIRTUAL,Introducción a la Investigación,701N,1,1113,6,70006010ROM,3340701N11113,AGOSTO,N,VIRTUAL,I,VIRTUAL,(MIÉRCOLES)(VIERNES),(VIR 19:00-21:15)(VIR 19:00-21:15),ASIGNADO,,
3338,16634759,ROMERO INOQUIO JUAN ARTURO,VIRTUAL,PORTAFOLIO DE PRODUCTOS Y SERVICIOS FINANCIEROS,429M,1,2034,4,16634759ROM,3338429M12034,AGOSTO,M,VIRTUAL,IV,VIRTUAL,(MARTES),(VIR 07:00-10:00),ASIGNADO,,PTC IN
3340,10867404,ROMERO LLERENA MIGUEL ANGEL,SJL,TOMA DE DECISIONES ESTRATÉGICAS,605N,2,407,10,10867404ROM,3340605N2407,AGOSTO,N,SJL,VI,PRESENCIAL,(JUEVES)(SABADO),(PRE 19:00-22:45)(PRE 19:00-22:45),ASIGNADO,,
3338,72723883,ROMERO SUCA JOSE MIGUEL,AQP,GESTIÓN ADUANERA,415M,1,,10,72723883ROM,3338415M1,AGOSTO,M,AQP,IV,PRESENCIAL,(LUNES)(SABADO),(PRE 07:00-10:45)(PRE 07:00-10:45),ASIGNADO,,PTP
3338,72723883,ROMERO SUCA JOSE MIGUEL,AQP,OPERATIVIDAD PORTUARIA,218M,1,667,10,72723883ROM,3338218M1667,AGOSTO,M,AQP,II,PRESENCIAL,(MARTES)(VIERNES),(PRE 07:00-10:45)(PRE 07:00-10:45),ASIGNADO,,PTP
3338,72723883,ROMERO SUCA JOSE MIGUEL,AQP,EXPERIENCIA FORMATIVA EN SITUACIÓN REAL DE TRABAJO,415M,2,,2,72723883ROM,3338415M2,AGOSTO,M,AQP,IV,PRESENCIAL,(MARTES),(PRE 07:00-08:30),ASIGNADO,,PTP
3338,72723883,ROMERO SUCA JOSE MIGUEL,AQP,SUPPLY CHAIN MANAGEMENT,415M,2,,5,72723883ROM,3338415M2,AGOSTO,M,AQP,IV,PRESENCIAL,(MIÉRCOLES),(PRE 07:00-10:45),ASIGNADO,,PTP
3338,72723883,ROMERO SUCA JOSE MIGUEL,AQP,SUPPLY CHAIN MANAGEMENT,415M,2,1090,5,72723883ROM,3338415M21090,AGOSTO,M,AQP,IV,PRESENCIAL,(VIERNES),(PRE 07:00-10:45),ASIGNADO,,PTP
3335,10815992,ROSALES HUAMAN JAIME,VIRTUAL,EXPERIENCIA FORMATIVA EN SITUACIÓN REAL DE TRABAJO,201M,2,43,2,10815992ROS,3335201M243,JUNIO,M,VIRTUAL,II,VIRTUAL,(LUNES),(VIR 07:00-08:30),ASIGNADO,,PTP
3335,10815992,ROSALES HUAMAN JAIME,VIRTUAL,FUNDAMENTOS DE COSTOS,201M,2,41,5,10815992ROS,3335201M241,JUNIO,M,VIRTUAL,II,VIRTUAL,(VIERNES),(VIR 07:00-10:45),ASIGNADO,,PTP
3338,10815992,ROSALES HUAMAN JAIME,NOR,GESTIÓN Y PLANEAMIENTO TRIBUTARIO,411M,2,1000,10,10815992ROS,3338411M21000,AGOSTO,M,NOR,IV,PRESENCIAL,(MIÉRCOLES)(SABADO),(PRE 07:00-10:45)(PRE 07:00-10:45),ASIGNADO,,PTP
3338,10815992,ROSALES HUAMAN JAIME,VIRTUAL,CONTROL Y VALORIZACIÓN DE INVENTARIOS,213M,2,672,4,10815992ROS,3338213M2672,AGOSTO,M,VIRTUAL,II,VIRTUAL,(JUEVES),(VIR 07:00-10:00),ASIGNADO,,PTP
3338,10815992,ROSALES HUAMAN JAIME,VIRTUAL,NUEVAS TENDENCIAS EN CONTABILI-1,C06M,1,2168,2,10815992ROS,3338C06M12168,AGOSTO,M,VIRTUAL,,VIRTUAL,(LUNES),(VIR 08:30-10:00),ASIGNADO,,
3338,10815992,ROSALES HUAMAN JAIME,NOR,EXPERIENCIA FORMATIVA EN SITUACIÓN REAL DE TRABAJO,411M,2,991,2,10815992ROS,3338411M2991,AGOSTO,M,NOR,IV,PRESENCIAL,(LUNES),(PRE 08:30-10:00),ASIGNADO,,
3338,10815992,ROSALES HUAMAN JAIME,NOR,EXPERIENCIA FORMATIVA EN SITUACIÓN REAL DE TRABAJO,408N,2,990,2,10815992ROS,3338408N2990,AGOSTO,N,NOR,IV,PRESENCIAL,(LUNES),(PRE 20:30-22:00),ASIGNADO,,
3339,10815992,ROSALES HUAMAN JAIME,VIRTUAL,SISTEMAS DE PROCESOS CONTABLES,302M,1,154,5,10815992ROS,3339302M1154,AGOSTO,M,VIRTUAL,III,VIRTUAL,(MIÉRCOLES),(VIR 07:00-10:45),ASIGNADO,,PTP
3339,10815992,ROSALES HUAMAN JAIME,VIRTUAL,CONTABILIDAD GERENCIAL,602N,1,181,5,10815992ROS,3339602N1181,AGOSTO,N,VIRTUAL,VI,VIRTUAL,(LUNES),(VIR 19:00-22:45),ASIGNADO,,
3339,10815992,ROSALES HUAMAN JAIME,VIRTUAL,GESTIÓN Y PLANEAMIENTO TRIBUTARIO,403N,1,178,5,10815992ROS,3339403N1178,AGOSTO,N,VIRTUAL,IV,VIRTUAL,(VIERNES),(VIR 19:00-22:45),ASIGNADO,,
3339,10815992,ROSALES HUAMAN JAIME,VIRTUAL,CIERRE CONTABLE TRIBUTARIO,502N,2,163,5,10815992ROS,3339502N2163,AGOSTO,N,VIRTUAL,V,VIRTUAL,(VIERNES),(VIR 19:00-22:45),ASIGNADO,,
3338,46744475,ROSALES HUAYHUALLA LORENA BELEN,SJL,PROYECTO DE PROTOTIPO DE DISEÑO,515M,2,1294,8,46744475ROS,3338515M21294,AGOSTO,M,SJL,V,PRESENCIAL,(MIÉRCOLES)(VIERNES),(PRE 07:00-10:00)(PRE 07:00-10:00),ASIGNADO,,PTP
3338,46744475,ROSALES HUAYHUALLA LORENA BELEN,SJL,USABILIDAD,626M,1,1674,8,46744475ROS,3338626M11674,AGOSTO,M,SJL,VI,PRESENCIAL,(MIÉRCOLES)(SABADO),(PRE 07:45-10:45)(PRE 07:45-10:45),ASIGNADO,,
3338,46744475,ROSALES HUAYHUALLA LORENA BELEN,SJL,EXPERIENCIA FORMATIVA EN SITUACIÓN REAL DE TRABAJO,626M,2,,2,46744475ROS,3338626M2,AGOSTO,M,SJL,VI,PRESENCIAL,(LUNES),(PRE 08:30-10:00),ASIGNADO,,
3338,46744475,ROSALES HUAYHUALLA LORENA BELEN,SJL,EXPERIENCIA FORMATIVA EN SITUACIÓN REAL DE TRABAJO,227M,2,739,2,46744475ROS,3338227M2739,AGOSTO,M,SJL,II,PRESENCIAL,(SABADO),(PRE 08:30-10:00),ASIGNADO,,
3338,46744475,ROSALES HUAYHUALLA LORENA BELEN,VIRTUAL,CULTURA VISUAL,129N,2,1966,10,46744475ROS,3338129N21966,AGOSTO,N,VIRTUAL,I,VIRTUAL,(MARTES)(JUEVES),(VIR 19:00-22:45)(VIR 19:00-22:45),ASIGNADO,,
3338,46744475,ROSALES HUAYHUALLA LORENA BELEN,VIRTUAL,DISEÑO DE ELEMENTOS VISUALES,316N,1,858,8,46744475ROS,3338316N1858,AGOSTO,N,VIRTUAL,III,VIRTUAL,(LUNES)(MIÉRCOLES),(VIR 19:45-22:45)(VIR 19:45-22:45),ASIGNADO,,
3338,46744475,ROSALES HUAYHUALLA LORENA BELEN,SJL,EDICIÓN DIGITAL,218N,1,732,8,46744475ROS,3338218N1732,AGOSTO,N,SJL,II,PRESENCIAL,(MARTES)(JUEVES),(PRE 19:45-22:45)(PRE 19:45-22:45),ASIGNADO,,
3338,43588818,ROSARIO PACAHUALA JORGE ARTURO,NOR,EMPRENDIMIENTO: PROYECTO INTEGRADOR,611N,1,1424,12,43588818ROS,3338611N11424,AGOSTO,N,NOR,VI,PRESENCIAL,(MARTES)(VIERNES),(PRE 18:15-22:45)(PRE 18:15-22:45),ASIGNADO,,
3340,43588818,ROSARIO PACAHUALA JORGE ARTURO,VIRTUAL,PROYECTO INTEGRADOR,604N,2,606,6,43588818ROS,3340604N2606,AGOSTO,N,VIRTUAL,VI,VIRTUAL,(LUNES),(VIR 18:15-22:45),ASIGNADO,,
3340,43588818,ROSARIO PACAHUALA JORGE ARTURO,VIRTUAL,METODOLOGÍAS ÁGILES PARA LA INNOVACIÓN,406N,2,561,5,43588818ROS,3340406N2561,AGOSTO,N,VIRTUAL,IV,VIRTUAL,(JUEVES),(VIR 19:00-22:45),ASIGNADO,,
3338,8549542,ROSAS MARROQUIN RICARDO MOISES,NOR,EMPRENDIMIENTO: PROYECTO INTEGRADOR,608N,1,1360,12,8549542ROS,3338608N11360,AGOSTO,N,NOR,VI,PRESENCIAL,(LUNES)(JUEVES),(PRE 18:15-22:45)(PRE 18:15-22:45),ASIGNADO,,
3340,40313865,ROSAS SHIMABUKURO JAVIER MITSUO,SJL,EXPERIENCIAS FORMATIVAS EN SITUACIONES REALES DE TRABAJO,411M,2,377,2,40313865ROS,3340411M2377,AGOSTO,M,SJL,IV,PRESENCIAL,(LUNES),(PRE 07:00-08:30),ASIGNADO,,TCxH
3340,40313865,ROSAS SHIMABUKURO JAVIER MITSUO,SJL,EXPERIENCIAS FORMATIVAS EN SITUACIONES REALES DE TRABAJO,216M,2,297,2,40313865ROS,3340216M2297,AGOSTO,M,SJL,II,PRESENCIAL,(VIERNES),(PRE 07:00-08:30),ASIGNADO,,TCxH
3340,40313865,ROSAS SHIMABUKURO JAVIER MITSUO,SJL,EXPERIENCIAS FORMATIVAS EN SITUACIONES REALES DE TRABAJO,215M,2,295,2,40313865ROS,3340215M2295,AGOSTO,M,SJL,II,PRESENCIAL,(MIÉRCOLES),(PRE 08:30-10:00),ASIGNADO,,
3340,40313865,ROSAS SHIMABUKURO JAVIER MITSUO,NOR,EXPERIENCIAS FORMATIVAS EN SITUACIONES REALES DE TRABAJO,205N,2,288,2,40313865ROS,3340205N2288,AGOSTO,N,NOR,II,PRESENCIAL,(MIÉRCOLES),(PRE 19:00-20:30),ASIGNADO,,
3340,40313865,ROSAS SHIMABUKURO JAVIER MITSUO,NOR,EXPERIENCIAS FORMATIVAS EN SITUACIONES REALES DE TRABAJO,403N,2,371,2,40313865ROS,3340403N2371,AGOSTO,N,NOR,IV,PRESENCIAL,(VIERNES),(PRE 20:30-22:00),ASIGNADO,,
3334,10286942,RUBIO BARTRA EDITH KATIAN,NOR,EXPERIENCIA FORMATIVA EN SITUACIÓN REAL DE TRABAJO,201M,2,43,2,10286942RUB,3334201M243,JUNIO,M,NOR,II,PRESENCIAL,(MARTES),(PRE 07:00-08:30),ASIGNADO,,PTD
3338,10286942,RUBIO BARTRA EDITH KATIAN,NOR,GESTIÓN DE EQUIPOS,508M,2,1177,8,10286942RUB,3338508M21177,AGOSTO,M,NOR,V,PRESENCIAL,(LUNES)(JUEVES),(PRE 07:00-10:00)(PRE 07:00-10:00),ASIGNADO,,PTD
3338,10286942,RUBIO BARTRA EDITH KATIAN,NOR,TOMA DE DECISIONES ESTRATÉGICAS,611M,1,1344,10,10286942RUB,3338611M11344,AGOSTO,M,NOR,VI,PRESENCIAL,(MIÉRCOLES)(SABADO),(PRE 07:00-10:45)(PRE 07:00-10:45),ASIGNADO,,PTD
3338,10286942,RUBIO BARTRA EDITH KATIAN,VIRTUAL,GESTIÓN DE CRÉDITOS Y COBRANZAS,426M,2,920,4,10286942RUB,3338426M2920,AGOSTO,M,VIRTUAL,IV,VIRTUAL,(VIERNES),(VIR 07:00-10:00),ASIGNADO,,PTD
3338,10286942,RUBIO BARTRA EDITH KATIAN,VIRTUAL,GESTIÓN DE CRÉDITOS Y COBRANZAS,405T,2,911,4,10286942RUB,3338405T2911,AGOSTO,T,VIRTUAL,IV,VIRTUAL,(MARTES),(VIR 14:30-17:30),ASIGNADO,,
3338,10286942,RUBIO BARTRA EDITH KATIAN,VIRTUAL,FUNDAMENTOS DE LA BANCA COMERCIAL,122N,2,1991,6,10286942RUB,3338122N21991,AGOSTO,N,VIRTUAL,I,VIRTUAL,(MIÉRCOLES),(VIR 18:15-22:45),ASIGNADO,,
3338,10286942,RUBIO BARTRA EDITH KATIAN,VIRTUAL,PORTAFOLIO DE PRODUCTOS Y SERVICIOS FINANCIEROS,416N,1,882,4,10286942RUB,3338416N1882,AGOSTO,N,VIRTUAL,IV,VIRTUAL,(LUNES),(VIR 19:00-22:00),ASIGNADO,,
3338,10286942,RUBIO BARTRA EDITH KATIAN,NOR,TOMA DE DECISIONES ESTRATÉGICAS,608N,1,1341,10,10286942RUB,3338608N11341,AGOSTO,N,NOR,VI,PRESENCIAL,(MARTES)(SABADO),(PRE 19:00-22:45)(PRE 19:00-22:45),ASIGNADO,,
3338,10286942,RUBIO BARTRA EDITH KATIAN,VIRTUAL,CONTROL INTERNO Y AUDITORÍA DE OPERACIONES,512N,1,1206,5,10286942RUB,3338512N11206,AGOSTO,N,VIRTUAL,V,VIRTUAL,(MIÉRCOLES),(VIR 19:00-22:45),ASIGNADO,,
3338,10286942,RUBIO BARTRA EDITH KATIAN,VIRTUAL,EXPERIENCIA DEL CLIENTE,227N,2,438,4,10286942RUB,3338227N2438,AGOSTO,N,VIRTUAL,II,VIRTUAL,(JUEVES),(VIR 19:00-22:00),ASIGNADO,,
3338,10286942,RUBIO BARTRA EDITH KATIAN,VIRTUAL,PORTAFOLIO DE PRODUCTOS Y SERVICIOS FINANCIEROS,407N,1,878,4,10286942RUB,3338407N1878,AGOSTO,N,VIRTUAL,IV,VIRTUAL,(VIERNES),(VIR 19:00-22:00),ASIGNADO,,
3338,10286942,RUBIO BARTRA EDITH KATIAN,VIRTUAL,GESTIÓN DE CRÉDITOS Y COBRANZAS,415N,2,916,4,10286942RUB,3338415N2916,AGOSTO,N,VIRTUAL,IV,VIRTUAL,(VIERNES),(VIR 19:00-22:00),ASIGNADO,,
3339,10286942,RUBIO BARTRA EDITH KATIAN,VIRTUAL,EXPERIENCIA DEL CLIENTE,201M,2,55,5,10286942RUB,3339201M255,AGOSTO,M,VIRTUAL,II,VIRTUAL,(MIÉRCOLES),(VIR 07:00-10:45),ASIGNADO,,PTD
3339,10286942,RUBIO BARTRA EDITH KATIAN,VIRTUAL,EXPERIENCIA DEL CLIENTE,202N,2,57,5,10286942RUB,3339202N257,AGOSTO,N,VIRTUAL,II,VIRTUAL,(LUNES),(VIR 19:00-22:45),ASIGNADO,,
3338,43669725,RUIZ ALFARO JUAN JAVIER,PRC,GESTIÓN DE PROVEEDORES,302M,2,796,10,43669725RUI,3338302M2796,AGOSTO,M,PRC,III,PRESENCIAL,(LUNES)(SABADO),(PRE 07:00-10:45)(PRE 07:00-10:45),ASIGNADO,,PPH
3339,43669725,RUIZ ALFARO JUAN JAVIER,VIRTUAL,FINANZAS INTERNACIONALES,601N,2,119,7,43669725RUI,3339601N2119,AGOSTO,N,VIRTUAL,VI,VIRTUAL,(LUNES)(VIERNES),(VIR 20:30-22:45)(VIR 19:00-22:00),ASIGNADO,,
3338,25408955,RUIZ BALDARRAGO MARIA LUISA,SJL,GESTIÓN ADUANERA,420M,1,,10,25408955RUI,3338420M1,AGOSTO,M,SJL,IV,PRESENCIAL,(LUNES)(MIÉRCOLES),(PRE 07:00-10:45)(PRE 07:00-10:45),ASIGNADO,,PTC IN
3338,25408955,RUIZ BALDARRAGO MARIA LUISA,NOR,EXPERIENCIA FORMATIVA EN SITUACIÓN REAL DE TRABAJO,413M,2,1063,2,25408955RUI,3338413M21063,AGOSTO,M,NOR,IV,PRESENCIAL,(MIÉRCOLES),(PRE 07:00-08:30),ASIGNADO,,PTC IN
3338,25408955,RUIZ BALDARRAGO MARIA LUISA,SJL,CONTROL DE DESPACHO,222M,2,624,10,25408955RUI,3338222M2624,AGOSTO,M,SJL,II,PRESENCIAL,(LUNES)(JUEVES),(PRE 08:30-11:30)(PRE 07:00-11:30),ASIGNADO,,PTC IN
3338,25408955,RUIZ BALDARRAGO MARIA LUISA,NOR,EXPERIENCIA FORMATIVA EN SITUACIÓN REAL DE TRABAJO,412M,2,,2,25408955RUI,3338412M2,AGOSTO,M,NOR,IV,PRESENCIAL,(MIÉRCOLES),(PRE 08:30-10:00),ASIGNADO,,
3338,25408955,RUIZ BALDARRAGO MARIA LUISA,NOR,EXPERIENCIA FORMATIVA EN SITUACIÓN REAL DE TRABAJO,215M,2,,1,25408955RUI,3338215M2,AGOSTO,M,NOR,II,PRESENCIAL,(MIÉRCOLES),(PRE 10:00-10:45),ASIGNADO,,
3338,25408955,RUIZ BALDARRAGO MARIA LUISA,NOR,EXPERIENCIA FORMATIVA EN SITUACIÓN REAL DE TRABAJO,215M,2,633,1,25408955RUI,3338215M2633,AGOSTO,M,NOR,II,PRESENCIAL,(MIÉRCOLES),(PRE 10:45-11:30),ASIGNADO,,
3338,25408955,RUIZ BALDARRAGO MARIA LUISA,SJL,GESTIÓN ADUANERA,411N,1,1074,10,25408955RUI,3338411N11074,AGOSTO,N,SJL,IV,PRESENCIAL,(LUNES)(MIÉRCOLES),(PRE 19:00-22:45)(PRE 19:00-22:45),ASIGNADO,,
3338,25408955,RUIZ BALDARRAGO MARIA LUISA,SJL,COMERCIO EXTERIOR,116N,2,1923,10,25408955RUI,3338116N21923,AGOSTO,N,SJL,I,PRESENCIAL,(LUNES)(JUEVES),(PRE 19:00-22:45)(PRE 19:00-22:45),ASIGNADO,,
3338,25408955,RUIZ BALDARRAGO MARIA LUISA,SJL,OPERATIVIDAD PORTUARIA,213N,1,664,10,25408955RUI,3338213N1664,AGOSTO,N,SJL,II,PRESENCIAL,(MARTES)(VIERNES),(PRE 19:00-22:45)(PRE 19:00-22:45),ASIGNADO,,
3338,16493691,RUIZ CORONADO MARCO ANTONIO,PRC,CONTABILIDAD SUPERIOR,203M,1,584,5,16493691RUI,3338203M1584,AGOSTO,M,PRC,II,PRESENCIAL,(LUNES),(PRE 07:00-10:45),ASIGNADO,,PTD
3338,16493691,RUIZ CORONADO MARCO ANTONIO,PRC,CONTABILIDAD,202M,1,,10,16493691RUI,3338202M1,AGOSTO,M,PRC,II,PRESENCIAL,(MARTES)(VIERNES),(PRE 07:00-10:45)(PRE 07:00-10:45),ASIGNADO,,PTD
3338,16493691,RUIZ CORONADO MARCO ANTONIO,VES,CONTABILIDAD,320M,2,2105,10,16493691RUI,3338320M22105,AGOSTO,M,VES,III,PRESENCIAL,(MARTES)(VIERNES),(PRE 07:00-10:45)(PRE 07:00-10:45),ASIGNADO,,PTD
3338,16493691,RUIZ CORONADO MARCO ANTONIO,PRC,CONTABILIDAD SUPERIOR,203M,1,,5,16493691RUI,3338203M1,AGOSTO,M,PRC,II,PRESENCIAL,(MIÉRCOLES),(PRE 07:00-10:45),ASIGNADO,,PTD
3338,16493691,RUIZ CORONADO MARCO ANTONIO,PRC,ANÁLISIS E INTERPRETACIÓN DE ESTADOS FINANCIEROS,602M,2,,10,16493691RUI,3338602M2,AGOSTO,M,PRC,VI,PRESENCIAL,(MIÉRCOLES)(SABADO),(PRE 07:00-10:45)(PRE 07:00-10:45),ASIGNADO,,PTD
3338,16493691,RUIZ CORONADO MARCO ANTONIO,VIRTUAL,CONTROL Y VALORIZACIÓN DE INVENTARIOS,203M,1,670,4,16493691RUI,3338203M1670,AGOSTO,M,VIRTUAL,II,VIRTUAL,(JUEVES),(VIR 07:00-10:00),ASIGNADO,,PTD
3338,16493691,RUIZ CORONADO MARCO ANTONIO,PRC,ANÁLISIS E INTERPRETACIÓN DE ESTADOS FINANCIEROS,602N,2,,10,16493691RUI,3338602N2,AGOSTO,N,PRC,VI,PRESENCIAL,(LUNES)(JUEVES),(PRE 19:00-22:45)(PRE 19:00-22:45),ASIGNADO,,
3338,16493691,RUIZ CORONADO MARCO ANTONIO,PRC,CONTABILIDAD SUPERIOR,202N,2,,5,16493691RUI,3338202N2,AGOSTO,N,PRC,II,PRESENCIAL,(MARTES),(PRE 19:00-22:45),ASIGNADO,,
3338,16493691,RUIZ CORONADO MARCO ANTONIO,VES,FUNDAMENTOS DE COSTOS,229N,1,2059,8,16493691RUI,3338229N12059,AGOSTO,N,VES,II,PRESENCIAL,(MIÉRCOLES)(VIERNES),(PRE 19:00-21:15)(PRE 19:00-22:45),ASIGNADO,,
3338,16493691,RUIZ CORONADO MARCO ANTONIO,PRC,CONTABILIDAD DE ENTIDADES FINANCIERAS,502N,1,,8,16493691RUI,3338502N1,AGOSTO,N,PRC,V,PRESENCIAL,(JUEVES)(SABADO),(PRE 19:00-22:00)(PRE 19:00-22:00),ASIGNADO,,
3338,16493691,RUIZ CORONADO MARCO ANTONIO,PRC,CONTABILIDAD SUPERIOR,202N,2,583,5,16493691RUI,3338202N2583,AGOSTO,N,PRC,II,PRESENCIAL,(SABADO),(PRE 19:00-22:45),ASIGNADO,,
3338,40758095,RUIZ HUAYNA NOE NESTOR,SJL,FUNDAMENTOS DE MARKETING,104N,1,1976,10,40758095RUI,3338104N11976,AGOSTO,N,SJL,I,PRESENCIAL,(MIÉRCOLES)(VIERNES),(PRE 18:15-22:45)(PRE 19:00-22:00),ASIGNADO,,
3340,40758095,RUIZ HUAYNA NOE NESTOR,SJL,MARKETING ESTRATÉGICO,604N,1,634,12,40758095RUI,3340604N1634,AGOSTO,N,SJL,VI,PRESENCIAL,(JUEVES)(SABADO),(PRE 18:15-22:45)(PRE 18:15-22:45),ASIGNADO,,
3338,7960515,RUIZ LINARES JUAN JOSE,SJL,EXPERIENCIA DEL CLIENTE,226M,1,572,10,7960515RUI,3338226M1572,AGOSTO,M,SJL,II,PRESENCIAL,(LUNES)(MIÉRCOLES),(PRE 07:00-10:45)(PRE 07:00-10:45),ASIGNADO,,PTC IN
3338,7960515,RUIZ LINARES JUAN JOSE,SJL,TOMA DE DECISIONES ESTRATÉGICAS,623M,2,,10,7960515RUI,3338623M2,AGOSTO,M,SJL,VI,PRESENCIAL,(MARTES)(VIERNES),(PRE 07:00-10:45)(PRE 07:00-10:45),ASIGNADO,,PTC IN
3338,7960515,RUIZ LINARES JUAN JOSE,SJL,EXPERIENCIA FORMATIVA EN SITUACIÓN REAL DE TRABAJO,623M,2,1329,2,7960515RUI,3338623M21329,AGOSTO,M,SJL,VI,PRESENCIAL,(MIÉRCOLES),(PRE 07:00-08:30),ASIGNADO,,PTC IN
3338,7960515,RUIZ LINARES JUAN JOSE,SJL,EXPERIENCIA FORMATIVA EN SITUACIÓN REAL DE TRABAJO,624M,2,1330,2,7960515RUI,3338624M21330,AGOSTO,M,SJL,VI,PRESENCIAL,(MIÉRCOLES),(PRE 08:30-10:00),ASIGNADO,,
3338,7960515,RUIZ LINARES JUAN JOSE,SJL,TOMA DE DECISIONES ESTRATÉGICAS,615N,1,,10,7960515RUI,3338615N1,AGOSTO,N,SJL,VI,PRESENCIAL,(MIÉRCOLES)(SABADO),(PRE 19:00-22:45)(PRE 19:00-22:45),ASIGNADO,,
3338,46712287,RUIZ MENACHO MAX ALEJANDRO,VIRTUAL,AUDITORÍA,602M,1,1537,5,46712287RUI,3338602M11537,AGOSTO,M,VIRTUAL,VI,VIRTUAL,(LUNES)(VIERNES),(VIR 07:00-09:15)(VIR 08:30-10:00),ASIGNADO,,PPH
3338,46712287,RUIZ MENACHO MAX ALEJANDRO,VIRTUAL,EXPERIENCIA FORMATIVA EN SITUACIÓN REAL DE TRABAJO,631M,2,468,2,46712287RUI,3338631M2468,AGOSTO,M,VIRTUAL,VI,VIRTUAL,(JUEVES),(VIR 07:45-09:15),ASIGNADO,,
3341,46712287,RUIZ MENACHO MAX ALEJANDRO,VIRTUAL,COSTOS Y PRESUPUESTOS,301M,2,31,5,46712287RUI,3341301M231,AGOSTO,M,VIRTUAL,III,VIRTUAL,(LUNES)(VIERNES),(VIR 09:15-10:45)(VIR 07:00-09:15),ASIGNADO,,PPH
3338,47661412,RUIZ MIDEYROS ELVA VIVIAN,SJL,LIDERAZGO COLABORATIVO PARA LA SOLUCIÓN DE PROBLEMAS,622M,1,1493,6,47661412RUI,3338622M11493,AGOSTO,M,SJL,VI,PRESENCIAL,(LUNES)(MIÉRCOLES),(PRE 07:00-09:15)(PRE 07:00-09:15),ASIGNADO,,PTC
3338,47661412,RUIZ MIDEYROS ELVA VIVIAN,PRC,LIDERAZGO COLABORATIVO PARA LA SOLUCIÓN DE PROBLEMAS,604M,2,1483,6,47661412RUI,3338604M21483,AGOSTO,M,PRC,VI,PRESENCIAL,(LUNES)(SABADO),(PRE 07:00-09:15)(PRE 08:30-10:45),ASIGNADO,,PTC
3338,47661412,RUIZ MIDEYROS ELVA VIVIAN,VIRTUAL,ADMINISTRACIÓN DE PERSONAL,405M,1,1111,4,47661412RUI,3338405M11111,AGOSTO,M,VIRTUAL,IV,VIRTUAL,(MARTES),(VIR 07:00-10:00),ASIGNADO,,PTC
3338,47661412,RUIZ MIDEYROS ELVA VIVIAN,VIRTUAL,LIDERAZGO COLABORATIVO PARA LA SOLUCIÓN DE PROBLEMAS,616M,2,1519,3,47661412RUI,3338616M21519,AGOSTO,M,VIRTUAL,VI,VIRTUAL,(JUEVES),(VIR 07:00-09:15),ASIGNADO,,PTC
3338,47661412,RUIZ MIDEYROS ELVA VIVIAN,VIRTUAL,ADMINISTRACIÓN DE PERSONAL,414M,1,1112,4,47661412RUI,3338414M11112,AGOSTO,M,VIRTUAL,IV,VIRTUAL,(VIERNES),(VIR 07:00-10:00),ASIGNADO,,PTC
3338,47661412,RUIZ MIDEYROS ELVA VIVIAN,VIRTUAL,LIDERAZGO COLABORATIVO PARA LA SOLUCIÓN DE PROBLEMAS,618M,2,1580,3,47661412RUI,3338618M21580,AGOSTO,M,VIRTUAL,VI,VIRTUAL,(VIERNES),(VIR 07:00-09:15),ASIGNADO,,PTC
3338,47661412,RUIZ MIDEYROS ELVA VIVIAN,VIRTUAL,GESTIÓN DE MARCA PERSONAL,N10M,1,,2,47661412RUI,3338N10M1,AGOSTO,M,VIRTUAL,VI,VIRTUAL,(LUNES),(VIR 10:00-11:30),ASIGNADO,,
3338,47661412,RUIZ MIDEYROS ELVA VIVIAN,VIRTUAL,LIDERAZGO COLABORATIVO PARA LA SOLUCIÓN DE PROBLEMAS,608T,2,1515,3,47661412RUI,3338608T21515,AGOSTO,T,VIRTUAL,VI,VIRTUAL,(SABADO),(VIR 14:30-16:45),ASIGNADO,,
3338,47661412,RUIZ MIDEYROS ELVA VIVIAN,VIRTUAL,LIDERAZGO COLABORATIVO PARA LA SOLUCIÓN DE PROBLEMAS,619N,1,1520,3,47661412RUI,3338619N11520,AGOSTO,N,VIRTUAL,VI,VIRTUAL,(LUNES),(VIR 19:00-21:15),ASIGNADO,,
3338,47661412,RUIZ MIDEYROS ELVA VIVIAN,VIRTUAL,LIDERAZGO COLABORATIVO PARA LA SOLUCIÓN DE PROBLEMAS,610N,2,1577,3,47661412RUI,3338610N21577,AGOSTO,N,VIRTUAL,VI,VIRTUAL,(LUNES),(VIR 19:00-21:15),ASIGNADO,,
3338,47661412,RUIZ MIDEYROS ELVA VIVIAN,PRC,DESARROLLO PROFESIONAL,102N,1,1904,4,47661412RUI,3338102N11904,AGOSTO,N,PRC,I,PRESENCIAL,(MARTES),(PRE 19:00-22:00),ASIGNADO,,
3338,47661412,RUIZ MIDEYROS ELVA VIVIAN,VIRTUAL,LIDERAZGO COLABORATIVO PARA LA SOLUCIÓN DE PROBLEMAS,621N,1,1582,3,47661412RUI,3338621N11582,AGOSTO,N,VIRTUAL,VI,VIRTUAL,(JUEVES),(VIR 19:00-21:15),ASIGNADO,,
3338,47661412,RUIZ MIDEYROS ELVA VIVIAN,VIRTUAL,LIDERAZGO COLABORATIVO PARA LA SOLUCIÓN DE PROBLEMAS,601N,2,1510,3,47661412RUI,3338601N21510,AGOSTO,N,VIRTUAL,VI,VIRTUAL,(JUEVES),(VIR 19:00-21:15),ASIGNADO,,
3338,47661412,RUIZ MIDEYROS ELVA VIVIAN,VIRTUAL,LIDERAZGO COLABORATIVO PARA LA SOLUCIÓN DE PROBLEMAS,620N,2,1581,3,47661412RUI,3338620N21581,AGOSTO,N,VIRTUAL,VI,VIRTUAL,(VIERNES),(VIR 19:00-21:15),ASIGNADO,,
3338,47661412,RUIZ MIDEYROS ELVA VIVIAN,VIRTUAL,ÉTICA EN LOS NEGOCIOS,502N,2,1257,3,47661412RUI,3338502N21257,AGOSTO,N,VIRTUAL,V,VIRTUAL,(SABADO),(VIR 19:00-21:15),ASIGNADO,,
3338,47661412,RUIZ MIDEYROS ELVA VIVIAN,VIRTUAL,GESTIÓN DE MARCA PERSONAL,N11N,1,,2,47661412RUI,3338N11N1,AGOSTO,N,VIRTUAL,VI,VIRTUAL,(LUNES),(VIR 21:15-22:45),ASIGNADO,,
3334,44755739,RUIZ SÁNCHEZ KATHERINE LESLY,NOR,EXPERIENCIA DEL CLIENTE,201M,2,46,10,44755739RUI,3334201M246,JUNIO,M,NOR,II,PRESENCIAL,(LUNES)(VIERNES),(PRE 07:00-10:45)(PRE 07:00-10:45),ASIGNADO,,PPH
3340,44755739,RUIZ SÁNCHEZ KATHERINE LESLY,SJL,EXPERIENCIA DEL CLIENTE,210N,1,224,10,44755739RUI,3340210N1224,AGOSTO,N,SJL,II,PRESENCIAL,(MARTES)(VIERNES),(PRE 19:00-22:45)(PRE 19:00-22:45),ASIGNADO,,
3338,25715041,SABALÚ SANTILLAN AMÉRICA LUCITANIA,PRC,HERRAMIENTAS DIGITALES PARA LOS NEGOCIOS,205M,1,638,10,25715041SAB,3338205M1638,AGOSTO,M,PRC,II,PRESENCIAL,(LUNES)(MIÉRCOLES),(PRE 07:00-10:45)(PRE 07:00-10:45),ASIGNADO,,PPH
3338,25715041,SABALÚ SANTILLAN AMÉRICA LUCITANIA,PRC,HERRAMIENTAS DIGITALES PARA LOS NEGOCIOS,204M,2,637,5,25715041SAB,3338204M2637,AGOSTO,M,PRC,II,PRESENCIAL,(LUNES),(PRE 07:00-10:45),ASIGNADO,,PPH
3338,25715041,SABALÚ SANTILLAN AMÉRICA LUCITANIA,PRC,HERRAMIENTAS DIGITALES PARA LOS NEGOCIOS,204M,2,,5,25715041SAB,3338204M2,AGOSTO,M,PRC,II,PRESENCIAL,(SABADO),(PRE 07:00-10:45),ASIGNADO,,PPH
3339,41047035,SÁENZ CONTRERAS IVONNE DEL CARMEN,VIRTUAL,DINÁMICA DEL PLAN CONTABLE,103N,1,239,5,41047035SÁE,3339103N1239,AGOSTO,N,VIRTUAL,I,VIRTUAL,(MIÉRCOLES)(VIERNES),(VIR 19:00-21:15)(VIR 19:00-20:30),ASIGNADO,,
3339,41047035,SÁENZ CONTRERAS IVONNE DEL CARMEN,VIRTUAL,EXPERIENCIA FORMATIVA EN SITUACIÓN REAL DE TRABAJO,204N,2,147,2,41047035SÁE,3339204N2147,AGOSTO,N,VIRTUAL,II,VIRTUAL,(MIÉRCOLES),(VIR 19:00-20:30),ASIGNADO,,
3339,41047035,SÁENZ CONTRERAS IVONNE DEL CARMEN,VIRTUAL,EXPERIENCIA FORMATIVA EN SITUACIÓN REAL DE TRABAJO,206N,2,149,2,41047035SÁE,3339206N2149,AGOSTO,N,VIRTUAL,II,VIRTUAL,(MIÉRCOLES),(VIR 20:30-22:00),ASIGNADO,,
3338,70362555,SALAS BONIFÁZ JOHN RODRIGO,AQP,"COTIZACIONES, PRECIOS Y COSTOS DE SERVICIOS LOGÍSTICOS",415M,1,1023,10,70362555SAL,3338415M11023,AGOSTO,M,AQP,IV,PRESENCIAL,(MARTES)(JUEVES),(PRE 07:00-10:45)(PRE 07:00-10:45),ASIGNADO,,PPH
3338,70362555,SALAS BONIFÁZ JOHN RODRIGO,AQP,GESTIÓN DE PROVEEDORES,309M,2,801,10,70362555SAL,3338309M2801,AGOSTO,M,AQP,III,PRESENCIAL,(MARTES)(VIERNES),(PRE 07:00-10:45)(PRE 07:00-10:45),ASIGNADO,,PPH
3338,70362555,SALAS BONIFÁZ JOHN RODRIGO,AQP,COMERCIO EXTERIOR,123M,2,1924,10,70362555SAL,3338123M21924,AGOSTO,M,AQP,I,PRESENCIAL,(MIÉRCOLES)(SABADO),(PRE 08:30-12:15)(PRE 08:30-12:15),ASIGNADO,,
3338,44015178,SALAS MUÑIZ DENISSE IVANNA,AQP,EXPERIENCIA DEL CLIENTE,220M,1,570,10,44015178SAL,3338220M1570,AGOSTO,M,AQP,II,PRESENCIAL,(LUNES)(SABADO),(PRE 07:00-10:45)(PRE 07:00-10:45),ASIGNADO,,PTD
3338,44015178,SALAS MUÑIZ DENISSE IVANNA,AQP,EXPERIENCIA DEL CLIENTE,219M,1,546,10,44015178SAL,3338219M1546,AGOSTO,M,AQP,II,PRESENCIAL,(MARTES)(JUEVES),(PRE 07:00-10:45)(PRE 07:00-10:45),ASIGNADO,,PTD
3338,44015178,SALAS MUÑIZ DENISSE IVANNA,AQP,INNOVACIÓN Y DISEÑO CX,416M,2,982,8,44015178SAL,3338416M2982,AGOSTO,M,AQP,IV,PRESENCIAL,(MARTES)(VIERNES),(PRE 07:00-10:00)(PRE 07:00-10:00),ASIGNADO,,PTD
3338,44015178,SALAS MUÑIZ DENISSE IVANNA,AQP,EVALUACIÓN DE CRÉDITOS,416M,1,948,10,44015178SAL,3338416M1948,AGOSTO,M,AQP,IV,PRESENCIAL,(MIÉRCOLES)(VIERNES),(PRE 07:00-10:45)(PRE 07:00-10:45),ASIGNADO,,PTD
3338,44015178,SALAS MUÑIZ DENISSE IVANNA,AQP,DISEÑO DE NEGOCIOS DIGITALES PARA EL SECTOR FINANCIERO,616M,2,,8,44015178SAL,3338616M2,AGOSTO,M,AQP,VI,PRESENCIAL,(LUNES)(MIÉRCOLES),(PRE 08:30-10:45)(PRE 07:00-10:45),ASIGNADO,,PTD
3338,44015178,SALAS MUÑIZ DENISSE IVANNA,AQP,EXPERIENCIA DEL CLIENTE,218M,2,612,10,44015178SAL,3338218M2612,AGOSTO,M,AQP,II,PRESENCIAL,(JUEVES)(SABADO),(PRE 07:00-10:45)(PRE 07:00-10:45),ASIGNADO,,PTD
3338,44015178,SALAS MUÑIZ DENISSE IVANNA,AQP,EXPERIENCIA DEL CLIENTE,212N,1,565,10,44015178SAL,3338212N1565,AGOSTO,N,AQP,II,PRESENCIAL,(LUNES)(SABADO),(PRE 18:15-22:00)(PRE 18:15-22:00),ASIGNADO,,
3338,44015178,SALAS MUÑIZ DENISSE IVANNA,VIRTUAL,ANÁLISIS DE LA INFORMACIÓN FINANCIERA,313N,2,328,8,44015178SAL,3338313N2328,AGOSTO,N,VIRTUAL,III,VIRTUAL,(LUNES)(SABADO),(VIR 19:00-22:00)(VIR 19:00-22:00),ASIGNADO,,
3338,44015178,SALAS MUÑIZ DENISSE IVANNA,VIRTUAL,EXPERIENCIA FORMATIVA EN SITUACIÓN REAL DE TRABAJO,220N,2,324,2,44015178SAL,3338220N2324,AGOSTO,N,VIRTUAL,II,VIRTUAL,(MARTES),(VIR 19:00-20:30),ASIGNADO,,
3338,44015178,SALAS MUÑIZ DENISSE IVANNA,VIRTUAL,GESTIÓN DE CRÉDITOS Y COBRANZAS,420N,2,2038,4,44015178SAL,3338420N22038,AGOSTO,N,VIRTUAL,IV,VIRTUAL,(MIÉRCOLES),(VIR 19:00-22:00),ASIGNADO,,
3338,44463944,SALAZAR ALCOS CESAR AUGUSTO,SJL,GESTIÓN DE COSTOS,311N,1,834,8,44463944SAL,3338311N1834,AGOSTO,N,SJL,III,PRESENCIAL,(LUNES)(JUEVES),(PRE 19:00-21:15)(PRE 19:00-22:45),ASIGNADO,,
3338,44463944,SALAZAR ALCOS CESAR AUGUSTO,SJL,SISTEMAS CONTABLES INTEGRADOS,414N,1,,10,44463944SAL,3338414N1,AGOSTO,N,SJL,IV,PRESENCIAL,(MIÉRCOLES)(SABADO),(PRE 19:00-22:45)(PRE 19:00-22:45),ASIGNADO,,
3338,44463944,SALAZAR ALCOS CESAR AUGUSTO,SJL,SISTEMAS DE PROCESOS CONTABLES,311N,2,840,10,44463944SAL,3338311N2840,AGOSTO,N,SJL,III,PRESENCIAL,(MIÉRCOLES)(SABADO),(PRE 19:00-22:45)(PRE 19:00-22:45),ASIGNADO,,
3338,45897033,SALAZAR CANCINO MARELI,NOR,EXPERIENCIA FORMATIVA EN SITUACIÓN REAL DE TRABAJO,213M,2,599,2,45897033SAL,3338213M2599,AGOSTO,M,NOR,II,PRESENCIAL,(MIÉRCOLES),(PRE 08:30-10:00),ASIGNADO,,
3338,45897033,SALAZAR CANCINO MARELI,VIRTUAL,CONSTITUCIÓN Y ORGANIZACIÓN DE EMPRESAS,408N,1,1095,4,45897033SAL,3338408N11095,AGOSTO,N,VIRTUAL,IV,VIRTUAL,(VIERNES),(VIR 19:00-22:00),ASIGNADO,,
3336,40515508,SALAZAR MORALES ANIBAL FRANCISCO,NOR,EXPERIENCIAS FORMATIVAS EN SITUACIONES REALES DE TRABAJO,201N,2,,2,40515508SAL,3336201N2,JUNIO,N,NOR,II,PRESENCIAL,(VIERNES),(PRE 19:00-20:30),ASIGNADO,,
3338,40515508,SALAZAR MORALES ANIBAL FRANCISCO,NOR,EXPERIENCIA FORMATIVA EN SITUACIÓN REAL DE TRABAJO,414M,2,1124,2,40515508SAL,3338414M21124,AGOSTO,M,NOR,IV,PRESENCIAL,(MARTES),(PRE 07:00-08:30),ASIGNADO,,PPH
3338,40515508,SALAZAR MORALES ANIBAL FRANCISCO,SJL,EXPERIENCIA FORMATIVA EN SITUACIÓN REAL DE TRABAJO,225M,2,700,2,40515508SAL,3338225M2700,AGOSTO,M,SJL,II,PRESENCIAL,(JUEVES),(PRE 07:00-08:30),ASIGNADO,,PPH
3338,40515508,SALAZAR MORALES ANIBAL FRANCISCO,VIRTUAL,GESTIÓN DE PROCESOS DE MEJORA CONTINUA,417N,1,392,5,40515508SAL,3338417N1392,AGOSTO,N,VIRTUAL,IV,VIRTUAL,(LUNES),(VIR 19:00-22:45),ASIGNADO,,
3340,40515508,SALAZAR MORALES ANIBAL FRANCISCO,NOR,PROCESOS EMPRESARIALES,209M,1,274,10,40515508SAL,3340209M1274,AGOSTO,M,NOR,II,PRESENCIAL,(MARTES)(VIERNES),(PRE 07:00-10:45)(PRE 07:00-10:45),ASIGNADO,,PPH
3340,40515508,SALAZAR MORALES ANIBAL FRANCISCO,NOR,GESTIÓN DE PROCESOS DE MEJORA CONTINUA,406M,2,360,10,40515508SAL,3340406M2360,AGOSTO,M,NOR,IV,PRESENCIAL,(MIÉRCOLES)(VIERNES),(PRE 07:00-10:45)(PRE 07:00-10:45),ASIGNADO,,PPH
3340,40515508,SALAZAR MORALES ANIBAL FRANCISCO,SJL,EXPERIENCIAS FORMATIVAS EN SITUACIONES REALES DE TRABAJO,610M,2,,2,40515508SAL,3340610M2,AGOSTO,M,SJL,VI,PRESENCIAL,(SABADO),(PRE 08:30-10:00),ASIGNADO,,
3338,45497209,SALINAS CALDERON MARICELI ANABEL,VIRTUAL,PRODUCTIVIDAD Y GESTIÓN DE PERSONAS,608N,2,1528,5,45497209SAL,3338608N21528,AGOSTO,N,VIRTUAL,VI,VIRTUAL,(MARTES),(VIR 19:00-22:45),ASIGNADO,,
3340,45497209,SALINAS CALDERON MARICELI ANABEL,VIRTUAL,DESARROLLO PROFESIONAL,114N,1,917,2,45497209SAL,3340114N1917,AGOSTO,N,VIRTUAL,I,VIRTUAL,(LUNES),(VIR 19:00-20:30),ASIGNADO,,
3340,45497209,SALINAS CALDERON MARICELI ANABEL,VIRTUAL,DESARROLLO PROFESIONAL,102N,,893,2,45497209SAL,3340102N893,AGOSTO,N,VIRTUAL,I,VIRTUAL,(MIÉRCOLES),(VIR 21:15-22:45),ASIGNADO,,
3340,42670470,SÁNCHEZ CÉSPEDES MIRKO NAPOLEÓN,SJL,PENSAMIENTO LÓGICO,110M,2,942,12,42670470SÁN,3340110M2942,AGOSTO,M,SJL,I,PRESENCIAL,(LUNES)(MIÉRCOLES)(VIERNES),(PRE 07:00-10:45)(PRE 07:00-10:45)(PRE 07:00-08:30),ASIGNADO,,PTC
3340,42670470,SÁNCHEZ CÉSPEDES MIRKO NAPOLEÓN,PRC,PENSAMIENTO LÓGICO,105M,1,933,12,42670470SÁN,3340105M1933,AGOSTO,M,PRC,I,PRESENCIAL,(MARTES)(JUEVES)(VIERNES),(PRE 07:00-10:45)(PRE 07:00-10:45)(PRE 07:00-08:30),ASIGNADO,,PTC
3340,42670470,SÁNCHEZ CÉSPEDES MIRKO NAPOLEÓN,VIRTUAL,PENSAMIENTO LÓGICO,114M,2,1043,6,42670470SÁN,3340114M21043,AGOSTO,M,VIRTUAL,I,VIRTUAL,(MARTES)(SABADO),(VIR 07:00-09:15)(VIR 07:00-09:15),ASIGNADO,,PTC
3340,42670470,SÁNCHEZ CÉSPEDES MIRKO NAPOLEÓN,SJL,PENSAMIENTO LÓGICO,101N,1,928,12,42670470SÁN,3340101N1928,AGOSTO,N,SJL,I,PRESENCIAL,(MARTES)(JUEVES)(VIERNES),(PRE 19:00-22:45)(PRE 19:00-22:45)(PRE 20:30-22:00),ASIGNADO,,
3340,42670470,SÁNCHEZ CÉSPEDES MIRKO NAPOLEÓN,SJL,PENSAMIENTO LÓGICO,116N,2,950,12,42670470SÁN,3340116N2950,AGOSTO,N,SJL,I,PRESENCIAL,(MARTES)(JUEVES)(VIERNES),(PRE 19:00-22:45)(PRE 19:00-22:45)(PRE 19:00-20:30),ASIGNADO,,
3341,42670470,SÁNCHEZ CÉSPEDES MIRKO NAPOLEÓN,VIRTUAL,PENSAMIENTO LÓGICO,101M,1,134,6,42670470SÁN,3341101M1134,AGOSTO,M,VIRTUAL,I,VIRTUAL,(LUNES),(VIR 07:00-11:30),ASIGNADO,,PTC
3340,77033439,SANCHEZ HUAMAN KATHERINE JHOCCY,VIRTUAL,PROYECTO INTEGRADOR,606M,1,608,6,77033439SAN,3340606M1608,AGOSTO,M,VIRTUAL,VI,VIRTUAL,(SABADO),(VIR 07:00-11:30),ASIGNADO,,PPH
3340,77033439,SANCHEZ HUAMAN KATHERINE JHOCCY,VIRTUAL,METODOLOGÍAS ÁGILES PARA LA INNOVACIÓN,408N,2,1090,4,77033439SAN,3340408N21090,AGOSTO,N,VIRTUAL,IV,VIRTUAL,(LUNES),(VIR 19:00-22:00),ASIGNADO,,
3340,77033439,SANCHEZ HUAMAN KATHERINE JHOCCY,VIRTUAL,METODOLOGÍAS ÁGILES PARA LA INNOVACIÓN,404N,2,559,4,77033439SAN,3340404N2559,AGOSTO,N,VIRTUAL,IV,VIRTUAL,(MARTES),(VIR 19:00-22:00),ASIGNADO,,
3338,7924350,SANCHEZ MONTALBAN CESAR ARTURO,ATE,TOMA DE DECISIONES ESTRATÉGICAS,608M,1,1340,10,7924350SAN,3338608M11340,AGOSTO,M,ATE,VI,PRESENCIAL,(MARTES)(SABADO),(PRE 07:00-10:45)(PRE 07:00-10:45),ASIGNADO,,PPH
3338,7924350,SANCHEZ MONTALBAN CESAR ARTURO,ATE,TOMA DE DECISIONES ESTRATÉGICAS,604N,1,1336,10,7924350SAN,3338604N11336,AGOSTO,N,ATE,VI,PRESENCIAL,(LUNES)(SABADO),(PRE 19:00-22:45)(PRE 19:00-22:45),ASIGNADO,,
3338,7924350,SANCHEZ MONTALBAN CESAR ARTURO,PRC,EXPERIENCIA FORMATIVA EN SITUACIÓN REAL DE TRABAJO,601N,2,1315,2,7924350SAN,3338601N21315,AGOSTO,N,PRC,VI,PRESENCIAL,(MARTES),(PRE 19:00-20:30),ASIGNADO,,
3338,10193001,SÁNCHEZ SAAVEDRA ADA PAOLA,PRC,OPERATIVIDAD PORTUARIA,204M,2,659,10,10193001SÁN,3338204M2659,AGOSTO,M,PRC,II,PRESENCIAL,(MARTES)(VIERNES),(PRE 07:00-10:45)(PRE 07:00-10:45),ASIGNADO,,PPH
3338,10193001,SÁNCHEZ SAAVEDRA ADA PAOLA,NOR,OPERATIVIDAD PORTUARIA,214M,1,665,10,10193001SÁN,3338214M1665,AGOSTO,M,NOR,II,PRESENCIAL,(MIÉRCOLES)(SABADO),(PRE 07:00-10:45)(PRE 07:00-10:45),ASIGNADO,,PPH
3338,45802109,SANCHEZ SANCHEZ CESAR ENRIQUE,VIRTUAL,TALLER DE DESARROLLO GRÁFICO,225N,2,722,12,45802109SAN,3338225N2722,AGOSTO,N,VIRTUAL,II,VIRTUAL,(LUNES)(MIÉRCOLES)(SABADO),(VIR 19:00-22:00)(VIR 19:00-22:45)(VIR 19:00-21:15),ASIGNADO,,
3338,10771708,SANDOVAL DELGADO MARCELLA,VIRTUAL,HERRAMIENTAS DIGITALES E INTELIGENCIA ARTIFICIAL,108N,1,1802,6,10771708SAN,3338108N11802,AGOSTO,N,VIRTUAL,I,VIRTUAL,(LUNES)(MIÉRCOLES),(VIR 19:00-22:00)(VIR 19:00-20:30),ASIGNADO,,
3338,10771708,SANDOVAL DELGADO MARCELLA,VIRTUAL,HERRAMIENTAS DIGITALES E INTELIGENCIA ARTIFICIAL,130N,2,1836,6,10771708SAN,3338130N21836,AGOSTO,N,VIRTUAL,I,VIRTUAL,(LUNES)(MIÉRCOLES),(VIR 19:00-22:00)(VIR 19:00-20:30),ASIGNADO,,
3338,10771708,SANDOVAL DELGADO MARCELLA,VIRTUAL,HERRAMIENTAS DIGITALES E INTELIGENCIA ARTIFICIAL,121N,1,1822,6,10771708SAN,3338121N11822,AGOSTO,N,VIRTUAL,I,VIRTUAL,(MARTES)(VIERNES),(VIR 19:00-20:30)(VIR 19:00-22:00),ASIGNADO,,
3338,10771708,SANDOVAL DELGADO MARCELLA,VIRTUAL,HERRAMIENTAS DIGITALES E INTELIGENCIA ARTIFICIAL,122N,2,1824,6,10771708SAN,3338122N21824,AGOSTO,N,VIRTUAL,I,VIRTUAL,(MARTES)(VIERNES),(VIR 19:00-20:30)(VIR 19:00-22:00),ASIGNADO,,
3334,45077376,SANDOVAL MONTOYA ALEXIS AARON,VIRTUAL,PENSAMIENTO LÓGICO PARA LOS NEGOCIOS,104N,2,27,6,45077376SAN,3334104N227,JUNIO,N,VIRTUAL,I,VIRTUAL,(LUNES)(VIERNES),(VIR 19:00-21:15)(VIR 19:00-21:15),ASIGNADO,,
3338,45077376,SANDOVAL MONTOYA ALEXIS AARON,NOR,PENSAMIENTO LÓGICO,115M,2,1869,12,45077376SAN,3338115M21869,AGOSTO,M,NOR,I,PRESENCIAL,(MIÉRCOLES)(VIERNES)(SABADO),(PRE 07:00-10:45)(PRE 07:00-10:45)(PRE 08:30-10:00),ASIGNADO,,PTP
3338,45077376,SANDOVAL MONTOYA ALEXIS AARON,VIRTUAL,PENSAMIENTO LÓGICO,122N,1,1782,6,45077376SAN,3338122N11782,AGOSTO,N,VIRTUAL,I,VIRTUAL,(JUEVES)(SABADO),(VIR 19:00-21:15)(VIR 19:00-21:15),ASIGNADO,,
3339,45077376,SANDOVAL MONTOYA ALEXIS AARON,VIRTUAL,PENSAMIENTO LÓGICO,102N,1,219,6,45077376SAN,3339102N1219,AGOSTO,N,VIRTUAL,I,VIRTUAL,(MIÉRCOLES),(VIR 18:15-22:45),ASIGNADO,,
3340,45077376,SANDOVAL MONTOYA ALEXIS AARON,NOR,PENSAMIENTO LÓGICO,101M,1,927,12,45077376SAN,3340101M1927,AGOSTO,M,NOR,I,PRESENCIAL,(LUNES)(MIÉRCOLES)(SABADO),(PRE 07:00-10:45)(PRE 07:00-10:45)(PRE 07:00-08:30),ASIGNADO,,PTP
3340,45077376,SANDOVAL MONTOYA ALEXIS AARON,NOR,PENSAMIENTO LÓGICO,122N,2,954,12,45077376SAN,3340122N2954,AGOSTO,N,NOR,I,PRESENCIAL,(MARTES)(JUEVES)(VIERNES),(PRE 19:00-22:45)(PRE 19:00-22:45)(PRE 20:30-22:00),ASIGNADO,,
3341,45077376,SANDOVAL MONTOYA ALEXIS AARON,VIRTUAL,PENSAMIENTO LÓGICO,102N,2,137,6,45077376SAN,3341102N2137,AGOSTO,N,VIRTUAL,I,VIRTUAL,(LUNES),(VIR 18:15-22:45),ASIGNADO,,
3338,70044893,SANDOVAL VALVERDE JUAN ALBERTO,NOR,INGLÉS PARA NEGOCIOS INTERNACIONALES,508M,1,1195,10,70044893SAN,3338508M11195,AGOSTO,M,NOR,V,PRESENCIAL,(LUNES)(JUEVES),(PRE 07:00-10:45)(PRE 07:00-10:45),ASIGNADO,,PTP
3338,70044893,SANDOVAL VALVERDE JUAN ALBERTO,NOR,INGLÉS PARA LA COMUNICACIÓN EN LOS NEGOCIOS,307M,1,775,12,70044893SAN,3338307M1775,AGOSTO,M,NOR,III,PRESENCIAL,(MARTES)(VIERNES),(PRE 07:00-11:30)(PRE 07:00-11:30),ASIGNADO,,PTP
3338,70044893,SANDOVAL VALVERDE JUAN ALBERTO,NOR,INGLÉS APLICADO A PROYECTOS EMPRESARIALES,413M,2,1049,12,70044893SAN,3338413M21049,AGOSTO,M,NOR,IV,PRESENCIAL,(MARTES)(VIERNES),(PRE 07:00-11:30)(PRE 07:00-11:30),ASIGNADO,,PTP
3338,70044893,SANDOVAL VALVERDE JUAN ALBERTO,PRC,INGLÉS APLICADO A PROYECTOS EMPRESARIALES,404M,2,1041,12,70044893SAN,3338404M21041,AGOSTO,M,PRC,IV,PRESENCIAL,(MIÉRCOLES)(SABADO),(PRE 07:00-11:30)(PRE 07:00-11:30),ASIGNADO,,PTP
3338,44396189,SANES BENAVENTE PABLO CESAR,PRC,EXPERIENCIA FORMATIVA EN SITUACIÓN REAL DE TRABAJO,604M,2,1459,2,44396189SAN,3338604M21459,AGOSTO,M,PRC,VI,PRESENCIAL,(SABADO),(PRE 07:00-08:30),ASIGNADO,,PPH
3338,44396189,SANES BENAVENTE PABLO CESAR,PRC,EXPERIENCIA FORMATIVA EN SITUACIÓN REAL DE TRABAJO,203N,2,625,2,44396189SAN,3338203N2625,AGOSTO,N,PRC,II,PRESENCIAL,(VIERNES),(PRE 21:15-22:45),ASIGNADO,,
3340,15969811,SANTA CRUZ ESPINOZA CESAR LEONARDO,NOR,FUNDAMENTOS DE MARKETING,101M,2,955,12,15969811SAN,3340101M2955,AGOSTO,M,NOR,I,PRESENCIAL,(LUNES)(MIÉRCOLES),(PRE 07:00-11:30)(PRE 07:00-11:30),ASIGNADO,,PPH
3340,15969811,SANTA CRUZ ESPINOZA CESAR LEONARDO,NOR,FUNDAMENTOS DE MARKETING,106M,1,958,12,15969811SAN,3340106M1958,AGOSTO,M,NOR,I,PRESENCIAL,(MARTES)(JUEVES),(PRE 07:00-11:30)(PRE 07:00-11:30),ASIGNADO,,PPH
3340,15969811,SANTA CRUZ ESPINOZA CESAR LEONARDO,VES,FUNDAMENTOS DE MARKETING,118N,2,974,12,15969811SAN,3340118N2974,AGOSTO,N,VES,I,PRESENCIAL,(LUNES)(JUEVES),(PRE 18:15-22:45)(PRE 18:15-22:45),ASIGNADO,,
3340,15969811,SANTA CRUZ ESPINOZA CESAR LEONARDO,NOR,FUNDAMENTOS DE MARKETING,114N,1,970,12,15969811SAN,3340114N1970,AGOSTO,N,NOR,I,PRESENCIAL,(MARTES)(VIERNES),(PRE 18:15-22:45)(PRE 18:15-22:45),ASIGNADO,,
3338,70937548,SANTILLAN CABALLERO BRUNO ALBERTO,PRC,TALLER DE DESARROLLO GRÁFICO,207M,1,,12,70937548SAN,3338207M1,AGOSTO,M,PRC,II,PRESENCIAL,(MARTES)(JUEVES),(PRE 07:00-11:30)(PRE 07:00-11:30),ASIGNADO,,PTC
3338,70937548,SANTILLAN CABALLERO BRUNO ALBERTO,VES,EXPERIENCIA FORMATIVA EN SITUACIÓN REAL DE TRABAJO,432M,2,,2,70937548SAN,3338432M2,AGOSTO,M,VES,IV,PRESENCIAL,(SABADO),(PRE 07:00-08:30),ASIGNADO,,PTC
3338,70937548,SANTILLAN CABALLERO BRUNO ALBERTO,VES,DISEÑO DE ELEMENTOS VISUALES,321M,1,2136,8,70937548SAN,3338321M12136,AGOSTO,M,VES,III,PRESENCIAL,(MIÉRCOLES)(VIERNES),(PRE 07:45-10:45)(PRE 07:45-10:45),ASIGNADO,,
3338,70937548,SANTILLAN CABALLERO BRUNO ALBERTO,VES,EXPERIENCIA FORMATIVA EN SITUACIÓN REAL DE TRABAJO,236M,2,2133,2,70937548SAN,3338236M22133,AGOSTO,M,VES,II,PRESENCIAL,(VIERNES),(PRE 08:30-10:00),ASIGNADO,,
3338,70937548,SANTILLAN CABALLERO BRUNO ALBERTO,VES,PROYECTO INTEGRADOR DE DISEÑO,616D,2,2158,8,70937548SAN,3338616D22158,AGOSTO,D,VES,VI,PRESENCIAL,(LUNES)(VIERNES),(PRE 11:30-14:30)(PRE 11:30-14:30),ASIGNADO,,
3338,70937548,SANTILLAN CABALLERO BRUNO ALBERTO,VIRTUAL,PROCESO DE DISEÑO,516N,1,1288,10,70937548SAN,3338516N11288,AGOSTO,N,VIRTUAL,V,VIRTUAL,(MARTES)(JUEVES),(VIR 19:00-22:45)(VIR 19:00-22:45),ASIGNADO,,
3338,70937548,SANTILLAN CABALLERO BRUNO ALBERTO,VIRTUAL,CULTURA VISUAL,127N,2,1962,10,70937548SAN,3338127N21962,AGOSTO,N,VIRTUAL,I,VIRTUAL,(MARTES)(VIERNES),(VIR 19:00-22:45)(VIR 19:00-22:45),ASIGNADO,,
3338,70937548,SANTILLAN CABALLERO BRUNO ALBERTO,VIRTUAL,TALLER DE IDENTIDAD VISUAL,316N,2,,8,70937548SAN,3338316N2,AGOSTO,N,VIRTUAL,III,VIRTUAL,(LUNES)(MIÉRCOLES),(VIR 19:45-22:45)(VIR 19:45-22:45),ASIGNADO,,
3338,76176281,SANTOS CHAVEZ DAVID,VES,GESTIÓN DE PROVEEDORES,320M,1,2106,5,76176281SAN,3338320M12106,AGOSTO,M,VES,III,PRESENCIAL,(MARTES),(PRE 07:00-10:45),ASIGNADO,,PTP
3338,76176281,SANTOS CHAVEZ DAVID,VES,OPERATIVIDAD PORTUARIA,235M,2,2102,10,76176281SAN,3338235M22102,AGOSTO,M,VES,II,PRESENCIAL,(MARTES)(JUEVES),(PRE 07:00-10:45)(PRE 07:00-10:45),ASIGNADO,,PTP
3338,76176281,SANTOS CHAVEZ DAVID,VES,CONTROL DE DESPACHO,235M,1,2090,10,76176281SAN,3338235M12090,AGOSTO,M,VES,II,PRESENCIAL,(MIÉRCOLES)(SABADO),(PRE 07:00-11:30)(PRE 07:00-10:00),ASIGNADO,,PTP
3338,76176281,SANTOS CHAVEZ DAVID,VES,COMERCIO EXTERIOR,112M,2,1920,10,76176281SAN,3338112M21920,AGOSTO,M,VES,I,PRESENCIAL,(MIÉRCOLES)(VIERNES),(PRE 07:00-10:45)(PRE 07:00-10:45),ASIGNADO,,PTP
3338,76176281,SANTOS CHAVEZ DAVID,VES,GESTIÓN DE PROVEEDORES,320M,1,,5,76176281SAN,3338320M1,AGOSTO,M,VES,III,PRESENCIAL,(VIERNES),(PRE 07:00-10:45),ASIGNADO,,PTP
3338,76176281,SANTOS CHAVEZ DAVID,VES,EXPERIENCIA FORMATIVA EN SITUACIÓN REAL DE TRABAJO,234M,2,,2,76176281SAN,3338234M2,AGOSTO,M,VES,II,PRESENCIAL,(SABADO),(PRE 07:00-08:30),ASIGNADO,,PTP
3338,76176281,SANTOS CHAVEZ DAVID,VES,EXPERIENCIA FORMATIVA EN SITUACIÓN REAL DE TRABAJO,235M,2,,2,76176281SAN,3338235M2,AGOSTO,M,VES,II,PRESENCIAL,(SABADO),(PRE 08:30-10:00),ASIGNADO,,
3338,76176281,SANTOS CHAVEZ DAVID,VIRTUAL,EXPERIENCIAS FORMATIVAS EN SITUACIONES REALES DE TRABAJO,N13N,1,,2,76176281SAN,3338N13N1,AGOSTO,N,VIRTUAL,I,VIRTUAL,(LUNES),(VIR 19:00-20:30),ASIGNADO,,
3339,76176281,SANTOS CHAVEZ DAVID,VIRTUAL,GESTIÓN ADUANERA,401N,1,107,5,76176281SAN,3339401N1107,AGOSTO,N,VIRTUAL,IV,VIRTUAL,(MIÉRCOLES),(VIR 19:00-22:45),ASIGNADO,,
3340,74318195,SARAVIA MURAYARI CARLOS,VIRTUAL,Dirección Estratégica,802N,2,1152,6,74318195SAR,3340802N21152,AGOSTO,N,VIRTUAL,VIII,VIRTUAL,(JUEVES),(VIR 18:15-22:45),ASIGNADO,,
3336,16794818,SAUCEDO VASQUEZ BRANGEL OMAR,VIRTUAL,EXPERIENCIAS FORMATIVAS EN SITUACIONES REALES DE TRABAJO,206N,2,65,2,16794818SAU,3336206N265,JUNIO,N,VIRTUAL,II,VIRTUAL,(MIÉRCOLES),(VIR 19:00-20:30),ASIGNADO,,
3336,16794818,SAUCEDO VASQUEZ BRANGEL OMAR,VIRTUAL,EXPERIENCIAS FORMATIVAS EN SITUACIONES REALES DE TRABAJO,205N,2,60,2,16794818SAU,3336205N260,JUNIO,N,VIRTUAL,II,VIRTUAL,(MIÉRCOLES),(VIR 20:30-22:00),ASIGNADO,,
3340,16794818,SAUCEDO VASQUEZ BRANGEL OMAR,VIRTUAL,ARQUITECTURA DE TECNOLOGÍAS DE LA INFORMACIÓN,612M,1,650,5,16794818SAU,3340612M1650,AGOSTO,M,VIRTUAL,VI,VIRTUAL,(LUNES),(VIR 07:00-10:45),ASIGNADO,,PPH
3340,16794818,SAUCEDO VASQUEZ BRANGEL OMAR,VIRTUAL,GESTIÓN EMPRESARIAL BASADA EN BI,501N,2,506,5,16794818SAU,3340501N2506,AGOSTO,N,VIRTUAL,V,VIRTUAL,(LUNES),(VIR 19:00-22:45),ASIGNADO,,
3338,47674190,SAYHUA FLORES ALDAIR EDUO,AQP,CREATIVIDAD E INNOVACIÓN,311M,1,866,10,47674190SAY,3338311M1866,AGOSTO,M,AQP,III,PRESENCIAL,(MIÉRCOLES)(VIERNES),(PRE 07:00-10:45)(PRE 07:00-10:45),ASIGNADO,,PPH
3338,41510319,SEDANO DE LA CRUZ DANIEL ITALO,ATE,EVALUACIÓN DE CRÉDITOS,406M,1,942,10,41510319SED,3338406M1942,AGOSTO,M,ATE,IV,PRESENCIAL,(LUNES)(VIERNES),(PRE 07:00-10:45)(PRE 07:00-10:45),ASIGNADO,,PPH
3338,41510319,SEDANO DE LA CRUZ DANIEL ITALO,PRC,EVALUACIÓN DE CRÉDITOS,401M,2,935,10,41510319SED,3338401M2935,AGOSTO,M,PRC,IV,PRESENCIAL,(LUNES)(VIERNES),(PRE 07:00-10:45)(PRE 07:00-10:45),ASIGNADO,,PPH
3338,41510319,SEDANO DE LA CRUZ DANIEL ITALO,VES,EVALUACIÓN DE CRÉDITOS,420N,1,2042,10,41510319SED,3338420N12042,AGOSTO,N,VES,IV,PRESENCIAL,(LUNES)(SABADO),(PRE 19:00-22:45)(PRE 19:00-22:45),ASIGNADO,,
3338,41510319,SEDANO DE LA CRUZ DANIEL ITALO,ATE,EXPERIENCIA FORMATIVA EN SITUACIÓN REAL DE TRABAJO,404N,2,957,2,41510319SED,3338404N2957,AGOSTO,N,ATE,IV,PRESENCIAL,(VIERNES),(PRE 19:00-20:30),ASIGNADO,,
3339,42704852,SEGALES SANTOS FREDDY JAVIER,VIRTUAL,HERRAMIENTAS DIGITALES E INTELIGENCIA ARTIFICIAL,103N,1,231,6,42704852SEG,3339103N1231,AGOSTO,N,VIRTUAL,I,VIRTUAL,(LUNES)(VIERNES),(VIR 19:00-22:00)(VIR 20:30-22:00),ASIGNADO,,
3340,42704852,SEGALES SANTOS FREDDY JAVIER,VIRTUAL,"INFRAESTRUCTURAS, PLATAFORMAS Y SERVICIOS DE TECNOLOGÍAS DE LA INFORMACIÓN",225M,2,1101,5,42704852SEG,3340225M21101,AGOSTO,M,VIRTUAL,II,VIRTUAL,(SABADO),(VIR 07:00-10:45),ASIGNADO,,PTP
3340,42704852,SEGALES SANTOS FREDDY JAVIER,VIRTUAL,DISEÑO DE SOLUCIONES DE BIGDATA,507N,2,782,5,42704852SEG,3340507N2782,AGOSTO,N,VIRTUAL,V,VIRTUAL,(MARTES),(VIR 19:00-22:45),ASIGNADO,,
3340,42704852,SEGALES SANTOS FREDDY JAVIER,VIRTUAL,FUNDAMENTOS DE DESARROLLO DE SOFTWARE,111N,1,1036,9,42704852SEG,3340111N11036,AGOSTO,N,VIRTUAL,I,VIRTUAL,(MIÉRCOLES)(JUEVES)(SABADO),(VIR 19:00-21:15)(VIR 19:00-21:15)(VIR 19:00-21:15),ASIGNADO,,
3340,42704852,SEGALES SANTOS FREDDY JAVIER,VIRTUAL,FUNDAMENTOS DE DESARROLLO DE SOFTWARE,110N,2,1035,9,42704852SEG,3340110N21035,AGOSTO,N,VIRTUAL,I,VIRTUAL,(MIÉRCOLES)(JUEVES)(SABADO),(VIR 19:00-21:15)(VIR 19:00-21:15)(VIR 19:00-21:15),ASIGNADO,,
3340,42704852,SEGALES SANTOS FREDDY JAVIER,VIRTUAL,DISEÑO DE SOLUCIONES BASADAS EN SERVICIOS,507N,2,780,5,42704852SEG,3340507N2780,AGOSTO,N,VIRTUAL,V,VIRTUAL,(VIERNES),(VIR 19:00-22:45),ASIGNADO,,
3336,70908314,SEQUEIROS VARGAS DAVID CHRISTIAN,VIRTUAL,PENSAMIENTO LÓGICO PARA LOS NEGOCIOS,101N,2,4,6,70908314SEQ,3336101N24,JUNIO,N,VIRTUAL,I,VIRTUAL,(MIÉRCOLES)(SABADO),(VIR 19:00-21:15)(VIR 19:00-21:15),ASIGNADO,,
3338,70908314,SEQUEIROS VARGAS DAVID CHRISTIAN,SJL,PENSAMIENTO LÓGICO,111M,2,1861,12,70908314SEQ,3338111M21861,AGOSTO,M,SJL,I,PRESENCIAL,(LUNES)(MIÉRCOLES)(VIERNES),(PRE 07:00-08:30)(PRE 07:00-10:45)(PRE 07:00-10:45),ASIGNADO,,PTP
3338,70908314,SEQUEIROS VARGAS DAVID CHRISTIAN,PRC,PENSAMIENTO LÓGICO,108M,2,1857,12,70908314SEQ,3338108M21857,AGOSTO,M,PRC,I,PRESENCIAL,(MARTES)(JUEVES)(SABADO),(PRE 07:00-10:45)(PRE 07:00-10:45)(PRE 07:00-08:30),ASIGNADO,,PTP
3338,70908314,SEQUEIROS VARGAS DAVID CHRISTIAN,VIRTUAL,PENSAMIENTO LÓGICO,107N,1,1776,6,70908314SEQ,3338107N11776,AGOSTO,N,VIRTUAL,I,VIRTUAL,(MARTES)(VIERNES),(VIR 19:00-21:15)(VIR 19:00-21:15),ASIGNADO,,
3339,70908314,SEQUEIROS VARGAS DAVID CHRISTIAN,VIRTUAL,PENSAMIENTO LÓGICO,105N,1,224,6,70908314SEQ,3339105N1224,AGOSTO,N,VIRTUAL,I,VIRTUAL,(LUNES),(VIR 18:15-22:45),ASIGNADO,,
3340,70908314,SEQUEIROS VARGAS DAVID CHRISTIAN,PRC,PENSAMIENTO LÓGICO,113M,1,946,12,70908314SEQ,3340113M1946,AGOSTO,M,PRC,I,PRESENCIAL,(LUNES)(MIÉRCOLES)(VIERNES),(PRE 07:00-10:45)(PRE 07:00-10:45)(PRE 07:00-08:30),ASIGNADO,,PTP
3338,10666636,SERPA DIAZ OMAR MIGUEL MELCHICIDER,SJL,EVALUACIÓN DE CRÉDITOS,421M,1,,10,10666636SER,3338421M1,AGOSTO,M,SJL,IV,PRESENCIAL,(MARTES)(VIERNES),(PRE 07:00-10:45)(PRE 07:00-10:45),ASIGNADO,,PTC IN
3338,10666636,SERPA DIAZ OMAR MIGUEL MELCHICIDER,ATE,EVALUACIÓN DE CRÉDITOS,404N,1,,5,10666636SER,3338404N1,AGOSTO,N,ATE,IV,PRESENCIAL,(MIÉRCOLES),(PRE 19:00-22:45),ASIGNADO,,
3338,10666636,SERPA DIAZ OMAR MIGUEL MELCHICIDER,SJL,EVALUACIÓN DE CRÉDITOS,413N,2,,10,10666636SER,3338413N2,AGOSTO,N,SJL,IV,PRESENCIAL,(MIÉRCOLES)(VIERNES),(PRE 19:00-22:45)(PRE 19:00-22:45),ASIGNADO,,
3338,10666636,SERPA DIAZ OMAR MIGUEL MELCHICIDER,ATE,EVALUACIÓN DE CRÉDITOS,404N,1,940,5,10666636SER,3338404N1940,AGOSTO,N,ATE,IV,PRESENCIAL,(SABADO),(PRE 19:00-22:45),ASIGNADO,,
3338,40155502,SERRANO SOTELO JULIO CESAR,SJL,BANCA COMERCIAL,223M,2,508,10,40155502SER,3338223M2508,AGOSTO,M,SJL,II,PRESENCIAL,(LUNES)(JUEVES),(PRE 07:00-10:45)(PRE 07:00-10:45),ASIGNADO,,PTC IN
3338,40155502,SERRANO SOTELO JULIO CESAR,PRC,TOMA DE DECISIONES ESTRATÉGICAS,601M,1,1332,10,40155502SER,3338601M11332,AGOSTO,M,PRC,VI,PRESENCIAL,(MIÉRCOLES)(SABADO),(PRE 07:00-10:45)(PRE 07:00-10:45),ASIGNADO,,PTC IN
3338,74988531,SILVA GARCIA EVELYN GUIANELLY,VIRTUAL,GESTIÓN DE CADENA DE SUMINISTROS,414M,1,1116,4,74988531SIL,3338414M11116,AGOSTO,M,VIRTUAL,IV,VIRTUAL,(MARTES),(VIR 07:00-10:00),ASIGNADO,,TCxH
3338,74988531,SILVA GARCIA EVELYN GUIANELLY,VIRTUAL,GESTIÓN DE CADENA DE SUMINISTROS,405M,1,1115,4,74988531SIL,3338405M11115,AGOSTO,M,VIRTUAL,IV,VIRTUAL,(MIÉRCOLES),(VIR 07:00-10:00),ASIGNADO,,TCxH
3338,74988531,SILVA GARCIA EVELYN GUIANELLY,VIRTUAL,GESTIÓN DE CADENA DE SUMINISTROS,417N,2,1117,4,74988531SIL,3338417N21117,AGOSTO,N,VIRTUAL,IV,VIRTUAL,(MIÉRCOLES),(VIR 19:00-22:00),ASIGNADO,,
3338,74988531,SILVA GARCIA EVELYN GUIANELLY,VIRTUAL,GESTIÓN DE CADENA DE SUMINISTROS,418N,2,1118,4,74988531SIL,3338418N21118,AGOSTO,N,VIRTUAL,IV,VIRTUAL,(JUEVES),(VIR 19:00-22:00),ASIGNADO,,
3339,74988531,SILVA GARCIA EVELYN GUIANELLY,VIRTUAL,EXPERIENCIA FORMATIVA EN SITUACIÓN REAL DE TRABAJO,201M,2,67,2,74988531SIL,3339201M267,AGOSTO,M,VIRTUAL,II,VIRTUAL,(LUNES),(VIR 07:00-08:30),ASIGNADO,,TCxH
3339,74988531,SILVA GARCIA EVELYN GUIANELLY,VIRTUAL,COMERCIO EXTERIOR,103M,2,212,5,74988531SIL,3339103M2212,AGOSTO,M,VIRTUAL,I,VIRTUAL,(MIÉRCOLES)(VIERNES),(VIR 07:00-09:15)(VIR 08:30-10:00),ASIGNADO,,TCxH
3339,74988531,SILVA GARCIA EVELYN GUIANELLY,VIRTUAL,COMERCIO EXTERIOR,106N,1,215,5,74988531SIL,3339106N1215,AGOSTO,N,VIRTUAL,I,VIRTUAL,(LUNES)(VIERNES),(VIR 19:00-21:15)(VIR 20:30-22:00),ASIGNADO,,
3339,74988531,SILVA GARCIA EVELYN GUIANELLY,VIRTUAL,GESTIÓN ADUANERA,402N,1,108,5,74988531SIL,3339402N1108,AGOSTO,N,VIRTUAL,IV,VIRTUAL,(MIÉRCOLES),(VIR 19:00-22:45),ASIGNADO,,
3339,74988531,SILVA GARCIA EVELYN GUIANELLY,VIRTUAL,EXPERIENCIA FORMATIVA EN SITUACIÓN REAL DE TRABAJO,202N,2,69,2,74988531SIL,3339202N269,AGOSTO,N,VIRTUAL,II,VIRTUAL,(VIERNES),(VIR 19:00-20:30),ASIGNADO,,
3338,42958216,SILVA GUERRERO ALEX RICHAR,VIRTUAL,HERRAMIENTAS DIGITALES PARA LOS NEGOCIOS,229M,1,718,5,42958216SIL,3338229M1718,AGOSTO,M,VIRTUAL,II,VIRTUAL,(LUNES),(VIR 07:00-10:45),ASIGNADO,,PTP
3338,42958216,SILVA GUERRERO ALEX RICHAR,VIRTUAL,HERRAMIENTAS DIGITALES E INTELIGENCIA ARTIFICIAL,118M,2,1815,6,42958216SIL,3338118M21815,AGOSTO,M,VIRTUAL,I,VIRTUAL,(LUNES)(SABADO),(VIR 07:00-10:00)(VIR 07:00-08:30),ASIGNADO,,PTP
3338,42958216,SILVA GUERRERO ALEX RICHAR,VIRTUAL,HERRAMIENTAS DIGITALES E INTELIGENCIA ARTIFICIAL,114M,1,1810,6,42958216SIL,3338114M11810,AGOSTO,M,VIRTUAL,I,VIRTUAL,(MARTES)(VIERNES),(VIR 07:00-08:30)(VIR 07:00-10:00),ASIGNADO,,PTP
3338,42958216,SILVA GUERRERO ALEX RICHAR,VIRTUAL,HERRAMIENTAS DIGITALES E INTELIGENCIA ARTIFICIAL,104M,1,1793,6,42958216SIL,3338104M11793,AGOSTO,M,VIRTUAL,I,VIRTUAL,(JUEVES)(SABADO),(VIR 07:00-08:30)(VIR 07:00-10:00),ASIGNADO,,PTP
3340,42958216,SILVA GUERRERO ALEX RICHAR,VIRTUAL,HERRAMIENTAS DIGITALES PARA LOS NEGOCIOS,224M,2,1066,5,42958216SIL,3340224M21066,AGOSTO,M,VIRTUAL,II,VIRTUAL,(MIÉRCOLES),(VIR 07:00-10:45),ASIGNADO,,PTP
3340,40271888,SILVA PINTO ARTURO,NOR,GESTIÓN DE PROCESOS DE MEJORA CONTINUA,402T,1,356,10,40271888SIL,3340402T1356,AGOSTO,T,NOR,IV,PRESENCIAL,(LUNES)(JUEVES),(PRE 14:30-18:15)(PRE 14:30-18:15),ASIGNADO,,
3338,25793095,SILVA TORRES YANIRE MARLENY,NOR,"COTIZACIONES, PRECIOS Y COSTOS DE SERVICIOS LOGÍSTICOS",412M,1,1021,10,25793095SIL,3338412M11021,AGOSTO,M,NOR,IV,PRESENCIAL,(MIÉRCOLES)(SABADO),(PRE 07:00-10:45)(PRE 07:00-10:45),ASIGNADO,,PPH
3338,25793095,SILVA TORRES YANIRE MARLENY,NOR,SUPPLY CHAIN MANAGEMENT,404T,2,1083,10,25793095SIL,3338404T21083,AGOSTO,T,NOR,IV,PRESENCIAL,(LUNES)(JUEVES),(PRE 14:30-18:15)(PRE 14:30-18:15),ASIGNADO,,
3340,25793095,SILVA TORRES YANIRE MARLENY,VIRTUAL,GESTIÓN DE LA CADENA DE SUMINISTROS,412M,2,543,5,25793095SIL,3340412M2543,AGOSTO,M,VIRTUAL,IV,VIRTUAL,(MIÉRCOLES),(VIR 07:00-10:45),ASIGNADO,,PPH
3340,25793095,SILVA TORRES YANIRE MARLENY,NOR,PERSONAL BRANDING,606M,1,642,6,25793095SIL,3340606M1642,AGOSTO,M,NOR,VI,PRESENCIAL,(MARTES)(JUEVES),(PRE 08:30-10:45)(PRE 08:30-10:45),ASIGNADO,,
3341,25793095,SILVA TORRES YANIRE MARLENY,VIRTUAL,GESTIÓN DE LA CADENA DE SUMINISTROS,401M,2,58,5,25793095SIL,3341401M258,AGOSTO,M,VIRTUAL,IV,VIRTUAL,(VIERNES),(VIR 07:00-10:45),ASIGNADO,,PPH
3338,20075416,SOLANO ARROYO LUIS ENRIQUE,SJL,EMPRENDIMIENTO: MODELO DE NEGOCIO,424M,1,907,10,20075416SOL,3338424M1907,AGOSTO,M,SJL,IV,PRESENCIAL,(LUNES)(MIÉRCOLES),(PRE 07:00-10:45)(PRE 07:00-10:45),ASIGNADO,,PTP
3338,20075416,SOLANO ARROYO LUIS ENRIQUE,SJL,EMPRENDIMIENTO: PLAN DE DESARROLLO DEL NEGOCIO,512M,2,1161,10,20075416SOL,3338512M21161,AGOSTO,M,SJL,V,PRESENCIAL,(LUNES)(SABADO),(PRE 07:00-10:45)(PRE 07:00-10:45),ASIGNADO,,PTP
3338,20075416,SOLANO ARROYO LUIS ENRIQUE,SJL,EMPRENDIMIENTO: CREATIVIDAD E INNOVACIÓN,313M,1,759,10,20075416SOL,3338313M1759,AGOSTO,M,SJL,III,PRESENCIAL,(MARTES)(VIERNES),(PRE 07:00-10:45)(PRE 07:00-10:45),ASIGNADO,,PTP
3338,20075416,SOLANO ARROYO LUIS ENRIQUE,SJL,EMPRENDIMIENTO: CREATIVIDAD E INNOVACIÓN,312M,2,770,10,20075416SOL,3338312M2770,AGOSTO,M,SJL,III,PRESENCIAL,(MARTES)(VIERNES),(PRE 07:00-10:45)(PRE 07:00-10:45),ASIGNADO,,PTP
3338,20075416,SOLANO ARROYO LUIS ENRIQUE,SJL,EMPRENDIMIENTO: MODELO DE NEGOCIO,420M,1,1038,10,20075416SOL,3338420M11038,AGOSTO,M,SJL,IV,PRESENCIAL,(JUEVES)(SABADO),(PRE 07:00-10:45)(PRE 07:00-10:45),ASIGNADO,,PTP
3338,20075416,SOLANO ARROYO LUIS ENRIQUE,SJL,EMPRENDIMIENTO: PLAN DE DESARROLLO DEL NEGOCIO,510N,2,1158,10,20075416SOL,3338510N21158,AGOSTO,N,SJL,V,PRESENCIAL,(MARTES)(SABADO),(PRE 19:00-22:45)(PRE 19:00-22:45),ASIGNADO,,
3339,44118409,SOLANO COELLO ELOY IVAN,VIRTUAL,HERRAMIENTAS DIGITALES E INTELIGENCIA ARTIFICIAL,106N,1,235,6,44118409SOL,3339106N1235,AGOSTO,N,VIRTUAL,I,VIRTUAL,(MIÉRCOLES)(VIERNES),(VIR 19:00-22:00)(VIR 19:00-20:30),ASIGNADO,,
3338,40406200,SOLIER MURRUGARRA EDUARDO JASON,VIRTUAL,INGLÉS APLICADO A PROYECTOS EMPRESARIALES,414N,2,1103,6,40406200SOL,3338414N21103,AGOSTO,N,VIRTUAL,IV,VIRTUAL,(MIÉRCOLES)(VIERNES),(VIR 19:00-21:15)(VIR 19:00-21:15),ASIGNADO,,
3338,40716877,"SOLORZANO CAMPOS, IVONNE ELENA",VIRTUAL,FUNDAMENTOS DE MARKETING,104M,2,1783,6,40716877SOL,3338104M21783,AGOSTO,M,VIRTUAL,I,VIRTUAL,(MARTES),(VIR 07:00-11:30),ASIGNADO,,PPH
3338,40716877,"SOLORZANO CAMPOS, IVONNE ELENA",VIRTUAL,ESTRATEGIAS DE VENTAS PARA LA GESTIÓN COMERCIAL,227N,1,439,8,40716877SOL,3338227N1439,AGOSTO,N,VIRTUAL,II,VIRTUAL,(LUNES)(JUEVES),(VIR 19:00-22:00)(VIR 19:00-22:00),ASIGNADO,,
3338,40716877,"SOLORZANO CAMPOS, IVONNE ELENA",VIRTUAL,FLUJOS OPERATIVOS COMERCIALES,517N,1,445,5,40716877SOL,3338517N1445,AGOSTO,N,VIRTUAL,V,VIRTUAL,(MIÉRCOLES),(VIR 19:00-22:45),ASIGNADO,,
3338,40716877,"SOLORZANO CAMPOS, IVONNE ELENA",VIRTUAL,MARKETING,227N,2,689,5,40716877SOL,3338227N2689,AGOSTO,N,VIRTUAL,II,VIRTUAL,(SABADO),(VIR 19:00-22:45),ASIGNADO,,
3340,40408734,SOLORZANO ROSALES EDWIN MIGUEL,VIRTUAL,METODOLOGÍA CUANTITATIVA-DNI,308M,1,503,6,40408734SOL,3340308M1503,AGOSTO,M,VIRTUAL,III,VIRTUAL,(LUNES)(VIERNES),(VIR 07:00-09:15)(VIR 07:00-09:15),ASIGNADO,,PTC
3340,40408734,SOLORZANO ROSALES EDWIN MIGUEL,VIRTUAL,ÉTICA PROFESIONAL,501M,1,520,3,40408734SOL,3340501M1520,AGOSTO,M,VIRTUAL,V,VIRTUAL,(MIÉRCOLES),(VIR 07:00-09:15),ASIGNADO,,PTC
3340,40408734,SOLORZANO ROSALES EDWIN MIGUEL,VIRTUAL,IMPLEMENTACIÓN DE SOLUCIONES INNOVADORAS,613M,2,611,6,40408734SOL,3340613M2611,AGOSTO,M,VIRTUAL,VI,VIRTUAL,(MIÉRCOLES),(VIR 07:00-11:30),ASIGNADO,,PTC
3340,40408734,SOLORZANO ROSALES EDWIN MIGUEL,VIRTUAL,IMPLEMENTACIÓN DE SOLUCIONES INNOVADORAS,608N,2,616,6,40408734SOL,3340608N2616,AGOSTO,N,VIRTUAL,VI,VIRTUAL,(LUNES),(VIR 18:15-22:45),ASIGNADO,,
3340,40408734,SOLORZANO ROSALES EDWIN MIGUEL,VIRTUAL,METODOLOGÍA CUANTITATIVA,303N,1,497,6,40408734SOL,3340303N1497,AGOSTO,N,VIRTUAL,III,VIRTUAL,(LUNES)(JUEVES),(VIR 19:00-21:15)(VIR 19:00-21:15),ASIGNADO,,
3340,40408734,SOLORZANO ROSALES EDWIN MIGUEL,VIRTUAL,METODOLOGÍA CUANTITATIVA,304N,2,499,6,40408734SOL,3340304N2499,AGOSTO,N,VIRTUAL,III,VIRTUAL,(MIÉRCOLES)(VIERNES),(VIR 19:00-21:15)(VIR 19:00-21:15),ASIGNADO,,
3341,40408734,SOLORZANO ROSALES EDWIN MIGUEL,VIRTUAL,INTRODUCCIÓN A LA INVESTIGACIÓN,C01M,1,149,6,40408734SOL,3341C01M1149,AGOSTO,M,VIRTUAL,I,VIRTUAL,(JUEVES),(VIR 07:00-11:30),ASIGNADO,,PTC
3338,16687083,SOSA PUMAYALLA DE LARA MAGDA VICTORIA,VIRTUAL,ADMINISTRACIÓN DE NEGOCIOS,104M,1,1688,5,16687083SOS,3338104M11688,AGOSTO,M,VIRTUAL,I,VIRTUAL,(MARTES),(VIR 07:00-10:45),ASIGNADO,,PTC
3338,16687083,SOSA PUMAYALLA DE LARA MAGDA VICTORIA,VIRTUAL,ADMINISTRACIÓN DE NEGOCIOS,121M,2,1715,5,16687083SOS,3338121M21715,AGOSTO,M,VIRTUAL,I,VIRTUAL,(MARTES),(VIR 07:00-10:45),ASIGNADO,,PTC
3338,16687083,SOSA PUMAYALLA DE LARA MAGDA VICTORIA,VIRTUAL,ADMINISTRACIÓN DE NEGOCIOS,118M,1,1709,5,16687083SOS,3338118M11709,AGOSTO,M,VIRTUAL,I,VIRTUAL,(MIÉRCOLES),(VIR 07:00-10:45),ASIGNADO,,PTC
3338,16687083,SOSA PUMAYALLA DE LARA MAGDA VICTORIA,VIRTUAL,ADMINISTRACIÓN DE NEGOCIOS,114M,2,1704,5,16687083SOS,3338114M21704,AGOSTO,M,VIRTUAL,I,VIRTUAL,(MIÉRCOLES),(VIR 07:00-10:45),ASIGNADO,,PTC
3338,16687083,SOSA PUMAYALLA DE LARA MAGDA VICTORIA,VIRTUAL,ADMINISTRACIÓN DE NEGOCIOS,111N,1,1700,5,16687083SOS,3338111N11700,AGOSTO,N,VIRTUAL,I,VIRTUAL,(LUNES),(VIR 19:00-22:45),ASIGNADO,,
3338,16687083,SOSA PUMAYALLA DE LARA MAGDA VICTORIA,VIRTUAL,ADMINISTRACIÓN DE NEGOCIOS,104N,1,1689,5,16687083SOS,3338104N11689,AGOSTO,N,VIRTUAL,I,VIRTUAL,(MARTES),(VIR 19:00-22:45),ASIGNADO,,
3338,16687083,SOSA PUMAYALLA DE LARA MAGDA VICTORIA,VIRTUAL,ADMINISTRACIÓN DE NEGOCIOS,119N,1,1712,5,16687083SOS,3338119N11712,AGOSTO,N,VIRTUAL,I,VIRTUAL,(JUEVES),(VIR 19:00-22:45),ASIGNADO,,
3338,16687083,SOSA PUMAYALLA DE LARA MAGDA VICTORIA,VIRTUAL,ÉTICA EN LOS NEGOCIOS,510N,2,1225,3,16687083SOS,3338510N21225,AGOSTO,N,VIRTUAL,V,VIRTUAL,(JUEVES),(VIR 19:00-21:15),ASIGNADO,,
3338,16687083,SOSA PUMAYALLA DE LARA MAGDA VICTORIA,VIRTUAL,ADMINISTRACIÓN DE NEGOCIOS,108N,1,1696,5,16687083SOS,3338108N11696,AGOSTO,N,VIRTUAL,I,VIRTUAL,(VIERNES),(VIR 19:00-22:45),ASIGNADO,,
3339,16687083,SOSA PUMAYALLA DE LARA MAGDA VICTORIA,VIRTUAL,ADMINISTRACIÓN DE NEGOCIOS,106N,2,200,5,16687083SOS,3339106N2200,AGOSTO,N,VIRTUAL,I,VIRTUAL,(LUNES)(VIERNES),(VIR 19:00-21:15)(VIR 20:30-22:00),ASIGNADO,,
3339,16687083,SOSA PUMAYALLA DE LARA MAGDA VICTORIA,VIRTUAL,ADMINISTRACIÓN DE NEGOCIOS,104N,2,198,5,16687083SOS,3339104N2198,AGOSTO,N,VIRTUAL,I,VIRTUAL,(MARTES)(SABADO),(VIR 19:00-21:15)(VIR 20:30-22:00),ASIGNADO,,
3339,16687083,SOSA PUMAYALLA DE LARA MAGDA VICTORIA,VIRTUAL,ÉTICA EN LOS NEGOCIOS,501N,2,90,3,16687083SOS,3339501N290,AGOSTO,N,VIRTUAL,V,VIRTUAL,(MIÉRCOLES),(VIR 19:00-21:15),ASIGNADO,,
3336,44091192,SOTO COTOS MIGUEL ALFREDO,VIRTUAL,METODOLOGÍAS ÁGILES PARA LA SOLUCIÓN DE PROBLEMAS,103N,2,14,5,44091192SOT,3336103N214,JUNIO,N,VIRTUAL,I,VIRTUAL,(JUEVES),(VIR 19:00-22:45),ASIGNADO,,
3338,71007464,SOTO QUILCA ANGELA MONICA,NOR,CREATIVIDAD E INNOVACIÓN,308M,1,865,10,71007464SOT,3338308M1865,AGOSTO,M,NOR,III,PRESENCIAL,(MARTES)(VIERNES),(PRE 07:00-10:45)(PRE 07:00-10:45),ASIGNADO,,PTP
3340,71007464,SOTO QUILCA ANGELA MONICA,NOR,CREATIVIDAD E INNOVACIÓN,305M,2,318,8,71007464SOT,3340305M2318,AGOSTO,M,NOR,III,PRESENCIAL,(LUNES)(JUEVES),(PRE 07:00-10:00)(PRE 07:00-10:00),ASIGNADO,,PTP
3340,71007464,SOTO QUILCA ANGELA MONICA,NOR,CREATIVIDAD E INNOVACIÓN,304M,2,316,8,71007464SOT,3340304M2316,AGOSTO,M,NOR,III,PRESENCIAL,(MARTES)(VIERNES),(PRE 07:00-10:00)(PRE 07:00-10:00),ASIGNADO,,PTP
3340,71007464,SOTO QUILCA ANGELA MONICA,NOR,METODOLOGÍAS ÁGILES PARA LA INNOVACIÓN,407M,1,590,8,71007464SOT,3340407M1590,AGOSTO,M,NOR,IV,PRESENCIAL,(MIÉRCOLES)(SABADO),(PRE 07:00-10:00)(PRE 07:00-10:00),ASIGNADO,,PTP
3341,71007464,SOTO QUILCA ANGELA MONICA,VIRTUAL,PROYECTO INTEGRADOR,601N,2,80,6,71007464SOT,3341601N280,AGOSTO,N,VIRTUAL,VI,VIRTUAL,(LUNES),(VIR 18:15-22:45),ASIGNADO,,
3341,71007464,SOTO QUILCA ANGELA MONICA,VIRTUAL,METODOLOGÍAS ÁGILES PARA LA INNOVACIÓN,403N,1,66,5,71007464SOT,3341403N166,AGOSTO,N,VIRTUAL,IV,VIRTUAL,(VIERNES),(VIR 19:00-22:45),ASIGNADO,,
3338,10137280,STEIN HUAMANI JULIO CESAR,VIRTUAL,HERRAMIENTAS DIGITALES E INTELIGENCIA ARTIFICIAL,127N,1,1830,6,10137280STE,3338127N11830,AGOSTO,N,VIRTUAL,I,VIRTUAL,(MARTES)(JUEVES),(VIR 20:30-22:00)(VIR 19:00-22:00),ASIGNADO,,
3340,10137280,STEIN HUAMANI JULIO CESAR,SJL,ALGORITMOS PARA LA SOLUCIÓN DE PROBLEMAS,208N,1,,10,10137280STE,3340208N1,AGOSTO,N,SJL,II,PRESENCIAL,(LUNES)(MIÉRCOLES),(PRE 19:00-22:45)(PRE 19:00-22:45),ASIGNADO,,
3340,73074399,SUAREZ FIGUEROA LUIS ALBERTO,PRC,FUNDAMENTOS DE MARKETING,108M,1,961,12,73074399SUA,3340108M1961,AGOSTO,M,PRC,I,PRESENCIAL,(MARTES)(JUEVES),(PRE 07:00-11:30)(PRE 07:00-11:30),ASIGNADO,,PPH
3340,73074399,SUAREZ FIGUEROA LUIS ALBERTO,VIRTUAL,COMUNICACIÓN ESTRATÉGICA EN MARKETING,403M,2,577,6,73074399SUA,3340403M2577,AGOSTO,M,VIRTUAL,IV,VIRTUAL,(MARTES)(JUEVES),(VIR 07:00-09:15)(VIR 07:00-09:15),ASIGNADO,,PPH
3338,7251721,SUAREZ VILLASIS EFREN,VIRTUAL,PLANEAMIENTO ESTRATÉGICO,513N,2,335,10,7251721SUA,3338513N2335,AGOSTO,N,VIRTUAL,V,VIRTUAL,(MARTES)(SABADO),(VIR 19:00-22:45)(VIR 19:00-22:45),ASIGNADO,,
3338,7251721,SUAREZ VILLASIS EFREN,VIRTUAL,TALLER DE ATENCIÓN AL CLIENTE,N14N,2,,2,7251721SUA,3338N14N2,AGOSTO,N,VIRTUAL,VI,VIRTUAL,(MIÉRCOLES),(VIR 19:00-20:30),ASIGNADO,,
3338,7251721,SUAREZ VILLASIS EFREN,VIRTUAL,SOLUCIONES FINANCIERAS CON SOPORTE TECNOLÓGICO,619N,1,1506,5,7251721SUA,3338619N11506,AGOSTO,N,VIRTUAL,VI,VIRTUAL,(SABADO),(VIR 19:00-22:45),ASIGNADO,,
3340,9126890,TAHUA DELGADO ROGER,VIRTUAL,HERRAMIENTAS DIGITALES E INTELIGENCIA ARTIFICIAL,119N,1,1010,6,9126890TAH,3340119N11010,AGOSTO,N,VIRTUAL,I,VIRTUAL,(MIÉRCOLES)(VIERNES),(VIR 20:30-22:00)(VIR 19:00-22:00),ASIGNADO,,
3340,9126890,TAHUA DELGADO ROGER,VIRTUAL,HERRAMIENTAS DIGITALES E INTELIGENCIA ARTIFICIAL,120N,2,1011,6,9126890TAH,3340120N21011,AGOSTO,N,VIRTUAL,I,VIRTUAL,(MIÉRCOLES)(VIERNES),(VIR 20:30-22:00)(VIR 19:00-22:00),ASIGNADO,,
3338,44634169,TAICO DENEGRI ERNESTO,VES,TALLER DE DESARROLLO GRÁFICO,236M,1,2130,12,44634169TAI,3338236M12130,AGOSTO,M,VES,II,PRESENCIAL,(MARTES)(JUEVES),(PRE 07:00-11:30)(PRE 07:00-11:30),ASIGNADO,,PPH
3340,41894418,TASAYCO CARBAJAL GLADYS MARIBEL,NOR,CONTABILIDAD,210M,1,,4,41894418TAS,3340210M1,AGOSTO,M,NOR,II,PRESENCIAL,(MARTES),(PRE 07:00-10:00),ASIGNADO,,PTC IN
3340,41894418,TASAYCO CARBAJAL GLADYS MARIBEL,NOR,CONTABILIDAD,210M,1,257,4,41894418TAS,3340210M1257,AGOSTO,M,NOR,II,PRESENCIAL,(VIERNES),(PRE 07:00-10:00),ASIGNADO,,PTC IN
3334,43648255,TASAYCO CARBAJAL MARISOL CATALINA,PRC,BANCA COMERCIAL,202M,2,38,10,43648255TAS,3334202M238,JUNIO,M,PRC,II,PRESENCIAL,(MARTES)(VIERNES),(PRE 07:00-10:45)(PRE 07:00-10:45),ASIGNADO,,PPH
3338,41415739,TELLO LIZARRAGA KENNY MARTIN,VIRTUAL,EMPRENDIMIENTO: PROYECTO INTEGRADOR,621N,2,400,6,41415739TEL,3338621N2400,AGOSTO,N,VIRTUAL,VI,VIRTUAL,(LUNES),(VIR 18:15-22:45),ASIGNADO,,
3338,41415739,TELLO LIZARRAGA KENNY MARTIN,ATE,EMPRENDIMIENTO: CREATIVIDAD E INNOVACIÓN,305N,1,764,10,41415739TEL,3338305N1764,AGOSTO,N,ATE,III,PRESENCIAL,(MIÉRCOLES)(VIERNES),(PRE 19:00-22:45)(PRE 19:00-22:45),ASIGNADO,,
3338,41415739,TELLO LIZARRAGA KENNY MARTIN,SJL,EMPRENDIMIENTO: PLAN DE DESARROLLO DEL NEGOCIO,511N,2,,5,41415739TEL,3338511N2,AGOSTO,N,SJL,V,PRESENCIAL,(MIÉRCOLES),(PRE 19:00-22:45),ASIGNADO,,
3338,41415739,TELLO LIZARRAGA KENNY MARTIN,VIRTUAL,EMPRENDIMIENTO: PLAN DE DESARROLLO DEL NEGOCIO,513N,1,338,5,41415739TEL,3338513N1338,AGOSTO,N,VIRTUAL,V,VIRTUAL,(JUEVES),(VIR 19:00-22:45),ASIGNADO,,
3338,41415739,TELLO LIZARRAGA KENNY MARTIN,SJL,EMPRENDIMIENTO: PLAN DE DESARROLLO DEL NEGOCIO,511N,2,1160,5,41415739TEL,3338511N21160,AGOSTO,N,SJL,V,PRESENCIAL,(VIERNES),(PRE 19:00-22:45),ASIGNADO,,
3338,7451650,TELLO PARRA JOSE LUIS,ATE,INGLÉS APLICADO A PROYECTOS EMPRESARIALES,406N,2,1043,12,7451650TEL,3338406N21043,AGOSTO,N,ATE,IV,PRESENCIAL,(MIÉRCOLES)(VIERNES),(PRE 18:15-22:45)(PRE 18:15-22:45),ASIGNADO,,
3338,7451650,TELLO PARRA JOSE LUIS,VIRTUAL,INGLÉS APLICADO A PROYECTOS EMPRESARIALES,420N,2,2040,6,7451650TEL,3338420N22040,AGOSTO,N,VIRTUAL,IV,VIRTUAL,(JUEVES),(VIR 18:15-22:45),ASIGNADO,,
3338,7451650,TELLO PARRA JOSE LUIS,VIRTUAL,INGLÉS APLICADO A PROYECTOS EMPRESARIALES,416N,2,931,6,7451650TEL,3338416N2931,AGOSTO,N,VIRTUAL,IV,VIRTUAL,(LUNES)(SABADO),(VIR 19:00-21:15)(VIR 19:00-21:15),ASIGNADO,,
3339,7451650,TELLO PARRA JOSE LUIS,VIRTUAL,INGLÉS APLICADO A PROYECTOS EMPRESARIALES,404N,1,187,6,7451650TEL,3339404N1187,AGOSTO,N,VIRTUAL,IV,VIRTUAL,(LUNES),(VIR 18:15-22:45),ASIGNADO,,
3339,7451650,TELLO PARRA JOSE LUIS,VIRTUAL,INGLÉS PARA LA COMUNICACIÓN EN LOS NEGOCIOS,302N,1,75,8,7451650TEL,3339302N175,AGOSTO,N,VIRTUAL,III,VIRTUAL,(MIÉRCOLES)(VIERNES),(VIR 19:00-22:00)(VIR 19:00-22:00),ASIGNADO,,
3339,7451650,TELLO PARRA JOSE LUIS,VIRTUAL,INGLÉS PARA LA COMUNICACIÓN EN LOS NEGOCIOS,301N,1,73,8,7451650TEL,3339301N173,AGOSTO,N,VIRTUAL,III,VIRTUAL,(JUEVES)(SABADO),(VIR 19:00-22:00)(VIR 19:00-22:00),ASIGNADO,,
3334,45464954,TELLO RAVINES KIARA RUTH,VIRTUAL,PROCESOS OPERATIVOS Y COMERCIALES DEL SISTEMA FINANCIERO,104N,2,29,5,45464954TEL,3334104N229,JUNIO,N,VIRTUAL,I,VIRTUAL,(MIÉRCOLES),(VIR 19:00-22:45),ASIGNADO,,
3334,45464954,TELLO RAVINES KIARA RUTH,VIRTUAL,EXPERIENCIA FORMATIVA EN SITUACIÓN REAL DE TRABAJO,202N,2,58,2,45464954TEL,3334202N258,JUNIO,N,VIRTUAL,II,VIRTUAL,(JUEVES),(VIR 19:00-20:30),ASIGNADO,,
3334,45464954,TELLO RAVINES KIARA RUTH,VIRTUAL,BANCA COMERCIAL,202N,2,57,5,45464954TEL,3334202N257,JUNIO,N,VIRTUAL,II,VIRTUAL,(VIERNES),(VIR 19:00-22:45),ASIGNADO,,
3338,41476806,TOBIAS ANDRADE ADHEMIR OCTAVIO,NOR,PENSAMIENTO LÓGICO,125M,2,1884,12,41476806TOB,3338125M21884,AGOSTO,M,NOR,I,PRESENCIAL,(LUNES)(JUEVES)(SABADO),(PRE 07:00-10:45)(PRE 08:30-10:00)(PRE 07:00-10:45),ASIGNADO,,PTP
3340,41476806,TOBIAS ANDRADE ADHEMIR OCTAVIO,PRC,PENSAMIENTO LÓGICO,104M,1,931,12,41476806TOB,3340104M1931,AGOSTO,M,PRC,I,PRESENCIAL,(LUNES)(MIÉRCOLES)(VIERNES),(PRE 07:00-10:45)(PRE 07:00-10:45)(PRE 07:00-08:30),ASIGNADO,,PTP
3338,40115274,TOLENTINO RIVAS JOSÉ LUIS,VIRTUAL,INGLÉS APLICADO A PROYECTOS EMPRESARIALES,417N,1,1121,6,40115274TOL,3338417N11121,AGOSTO,N,VIRTUAL,IV,VIRTUAL,(MARTES)(JUEVES),(VIR 19:00-21:15)(VIR 19:00-21:15),ASIGNADO,,
3338,40115274,TOLENTINO RIVAS JOSÉ LUIS,VIRTUAL,INGLÉS APLICADO A PROYECTOS EMPRESARIALES,408N,2,1101,6,40115274TOL,3338408N21101,AGOSTO,N,VIRTUAL,IV,VIRTUAL,(MARTES)(JUEVES),(VIR 19:00-21:15)(VIR 19:00-21:15),ASIGNADO,,
3339,42365349,TORRES SALINAS RAUL SANTOS,VIRTUAL,HERRAMIENTAS DIGITALES E INTELIGENCIA ARTIFICIAL,104N,1,233,6,42365349TOR,3339104N1233,AGOSTO,N,VIRTUAL,I,VIRTUAL,(MARTES)(SABADO),(VIR 19:00-22:00)(VIR 20:30-22:00),ASIGNADO,,
3338,42304229,TORRES VILLAVICENCIO HENRY,SJL,CÁLCULO FINANCIERO Y TRIBUTARIO PARA DECLARACIÓN JURADA ANUAL,617N,2,,5,42304229TOR,3338617N2,AGOSTO,N,SJL,VI,PRESENCIAL,(MARTES),(PRE 19:00-22:45),ASIGNADO,,
3338,42304229,TORRES VILLAVICENCIO HENRY,SJL,CÁLCULO FINANCIERO Y TRIBUTARIO PARA DECLARACIÓN JURADA ANUAL,617N,2,1395,5,42304229TOR,3338617N21395,AGOSTO,N,SJL,VI,PRESENCIAL,(VIERNES),(PRE 19:00-22:45),ASIGNADO,,
3340,8685975,TRUJILLO TELLO ROCIO,VIRTUAL,HERRAMIENTAS DIGITALES PARA LOS NEGOCIOS,223M,2,209,5,8685975TRU,3340223M2209,AGOSTO,M,VIRTUAL,II,VIRTUAL,(MARTES),(VIR 07:00-10:45),ASIGNADO,,PTD
3340,8685975,TRUJILLO TELLO ROCIO,VIRTUAL,HERRAMIENTAS DIGITALES PARA LOS NEGOCIOS,211M,2,202,5,8685975TRU,3340211M2202,AGOSTO,M,VIRTUAL,II,VIRTUAL,(MIÉRCOLES),(VIR 07:00-10:45),ASIGNADO,,PTD
3340,8685975,TRUJILLO TELLO ROCIO,VIRTUAL,HERRAMIENTAS DIGITALES E INTELIGENCIA ARTIFICIAL,114M,1,1003,6,8685975TRU,3340114M11003,AGOSTO,M,VIRTUAL,I,VIRTUAL,(MARTES)(JUEVES),(VIR 08:30-10:00)(VIR 07:00-10:00),ASIGNADO,,PTD
3340,8685975,TRUJILLO TELLO ROCIO,VIRTUAL,HERRAMIENTAS DIGITALES PARA LOS NEGOCIOS,207M,2,199,5,8685975TRU,3340207M2199,AGOSTO,M,VIRTUAL,II,VIRTUAL,(JUEVES),(VIR 07:00-10:45),ASIGNADO,,PTD
3340,8685975,TRUJILLO TELLO ROCIO,VIRTUAL,HERRAMIENTAS DIGITALES PARA LOS NEGOCIOS,205M,2,708,5,8685975TRU,3340205M2708,AGOSTO,M,VIRTUAL,II,VIRTUAL,(VIERNES),(VIR 07:00-10:45),ASIGNADO,,PTD
3340,8685975,TRUJILLO TELLO ROCIO,VIRTUAL,HERRAMIENTAS DIGITALES E INTELIGENCIA ARTIFICIAL,113N,1,1002,6,8685975TRU,3340113N11002,AGOSTO,N,VIRTUAL,I,VIRTUAL,(MARTES)(JUEVES),(VIR 19:00-22:00)(VIR 20:30-22:00),ASIGNADO,,
3340,8685975,TRUJILLO TELLO ROCIO,VIRTUAL,HERRAMIENTAS DIGITALES PARA LOS NEGOCIOS,206N,2,198,5,8685975TRU,3340206N2198,AGOSTO,N,VIRTUAL,II,VIRTUAL,(MARTES),(VIR 19:00-22:45),ASIGNADO,,
3340,8685975,TRUJILLO TELLO ROCIO,VIRTUAL,HERRAMIENTAS DIGITALES PARA LOS NEGOCIOS},210N,2,201,5,8685975TRU,3340210N2201,AGOSTO,N,VIRTUAL,II,VIRTUAL,(MIÉRCOLES),(VIR 19:00-22:45),ASIGNADO,,
3340,8685975,TRUJILLO TELLO ROCIO,VIRTUAL,HERRAMIENTAS DIGITALES PARA LOS NEGOCIOS,214N,2,715,5,8685975TRU,3340214N2715,AGOSTO,N,VIRTUAL,II,VIRTUAL,(JUEVES),(VIR 19:00-22:45),ASIGNADO,,
3341,8685975,TRUJILLO TELLO ROCIO,VIRTUAL,HERRAMIENTAS DIGITALES PARA LOS NEGOCIOS,201M,2,87,5,8685975TRU,3341201M287,AGOSTO,M,VIRTUAL,II,VIRTUAL,(LUNES),(VIR 07:00-10:45),ASIGNADO,,PTD
3341,8685975,TRUJILLO TELLO ROCIO,VIRTUAL,HERRAMIENTAS DIGITALES E INTELIGENCIA ARTIFICIAL,102M,1,146,6,8685975TRU,3341102M1146,AGOSTO,M,VIRTUAL,I,VIRTUAL,(LUNES)(VIERNES),(VIR 07:45-10:45)(VIR 07:45-09:15),ASIGNADO,,
3341,8685975,TRUJILLO TELLO ROCIO,VIRTUAL,HERRAMIENTAS DIGITALES E INTELIGENCIA ARTIFICIAL,102N,1,147,6,8685975TRU,3341102N1147,AGOSTO,N,VIRTUAL,I,VIRTUAL,(LUNES)(VIERNES),(VIR 19:00-22:00)(VIR 19:00-20:30),ASIGNADO,,
3341,8685975,TRUJILLO TELLO ROCIO,VIRTUAL,HERRAMIENTAS DIGITALES PARA LOS NEGOCIOS,202N,1,89,5,8685975TRU,3341202N189,AGOSTO,N,VIRTUAL,II,VIRTUAL,(MIÉRCOLES),(VIR 19:00-22:45),ASIGNADO,,
3338,47327862,TUESTA VALQUI DARWIN,VIRTUAL,MARKETING ESTRATÉGICO,621N,1,1589,5,47327862TUE,3338621N11589,AGOSTO,N,VIRTUAL,VI,VIRTUAL,(SABADO),(VIR 19:00-22:45),ASIGNADO,,
3340,47327862,TUESTA VALQUI DARWIN,VIRTUAL,DISEÑO Y GESTIÓN DE PRODUCTOS,301N,2,564,10,47327862TUE,3340301N2564,AGOSTO,N,VIRTUAL,III,VIRTUAL,(LUNES)(MIÉRCOLES),(VIR 19:00-22:45)(VIR 19:00-22:45),ASIGNADO,,
3340,47327862,TUESTA VALQUI DARWIN,VIRTUAL,Dirección Comercial y de Marketing,701N,1,1119,6,47327862TUE,3340701N11119,AGOSTO,N,VIRTUAL,VII,VIRTUAL,(MARTES)(JUEVES),(VIR 19:00-21:15)(VIR 19:00-21:15),ASIGNADO,,
3338,47843326,UGALDE JULCA ANGIE CAROLYN,NOR,EXPERIENCIA FORMATIVA EN SITUACIÓN REAL DE TRABAJO,611M,2,1326,2,47843326UGA,3338611M21326,AGOSTO,M,NOR,VI,PRESENCIAL,(MIÉRCOLES),(PRE 07:00-08:30),ASIGNADO,,PPH
3338,47843326,UGALDE JULCA ANGIE CAROLYN,NOR,EXPERIENCIA FORMATIVA EN SITUACIÓN REAL DE TRABAJO,608N,2,1323,2,47843326UGA,3338608N21323,AGOSTO,N,NOR,VI,PRESENCIAL,(LUNES),(PRE 19:00-20:30),ASIGNADO,,
3340,44232083,UGARTE GALDOS JUAN DIEGO ANIBAL,VIRTUAL,Gerencia estratégica,802N,2,1150,6,44232083UGA,3340802N21150,AGOSTO,N,VIRTUAL,VII,VIRTUAL,(JUEVES),(VIR 18:15-22:45),ASIGNADO,,
3338,15854596,URBINA CRUZ PERCY WILLIAM,SJL,EXPERIENCIA FORMATIVA EN SITUACIÓN REAL DE TRABAJO,625M,2,,2,15854596URB,3338625M2,AGOSTO,M,SJL,VI,PRESENCIAL,(SABADO),(PRE 07:00-08:30),ASIGNADO,,PPH
3340,15854596,URBINA CRUZ PERCY WILLIAM,SJL,CONTABILIDAD,216M,1,262,4,15854596URB,3340216M1262,AGOSTO,M,SJL,II,PRESENCIAL,(LUNES),(PRE 07:00-10:00),ASIGNADO,,PPH
3340,15854596,URBINA CRUZ PERCY WILLIAM,SJL,CONTABILIDAD,216M,1,,4,15854596URB,3340216M1,AGOSTO,M,SJL,II,PRESENCIAL,(VIERNES),(PRE 07:00-10:00),ASIGNADO,,PPH
3338,70085409,URETA GUTIERREZ GISELA,ATE,CONTABILIDAD,304M,2,790,10,70085409URE,3338304M2790,AGOSTO,M,ATE,III,PRESENCIAL,(LUNES)(SABADO),(PRE 07:00-10:45)(PRE 07:00-10:45),ASIGNADO,,PTD
3338,70085409,URETA GUTIERREZ GISELA,ATE,FUNDAMENTOS DE COSTOS,209M,1,,5,70085409URE,3338209M1,AGOSTO,M,ATE,II,PRESENCIAL,(MIÉRCOLES),(PRE 07:00-10:45),ASIGNADO,,PTD
3338,70085409,URETA GUTIERREZ GISELA,VIRTUAL,COSTOS Y PRESUPUESTOS,317M,2,871,5,70085409URE,3338317M2871,AGOSTO,M,VIRTUAL,III,VIRTUAL,(MIÉRCOLES),(VIR 07:00-10:45),ASIGNADO,,PTD
3338,70085409,URETA GUTIERREZ GISELA,ATE,DINÁMICA DEL PLAN CONTABLE,114M,1,,5,70085409URE,3338114M1,AGOSTO,M,ATE,I,PRESENCIAL,(JUEVES),(PRE 07:00-10:45),ASIGNADO,,PTD
3338,70085409,URETA GUTIERREZ GISELA,ATE,FUNDAMENTOS DE COSTOS,209M,1,576,3,70085409URE,3338209M1576,AGOSTO,M,ATE,II,PRESENCIAL,(VIERNES),(PRE 07:00-09:15),ASIGNADO,,PTD
3338,70085409,URETA GUTIERREZ GISELA,ATE,DINÁMICA DEL PLAN CONTABLE,114M,1,1980,5,70085409URE,3338114M11980,AGOSTO,M,ATE,I,PRESENCIAL,(SABADO),(PRE 07:00-10:45),ASIGNADO,,PTD
3338,70085409,URETA GUTIERREZ GISELA,ATE,EXPERIENCIA FORMATIVA EN SITUACIÓN REAL DE TRABAJO,209M,2,596,2,70085409URE,3338209M2596,AGOSTO,M,ATE,II,PRESENCIAL,(VIERNES),(PRE 08:30-10:00),ASIGNADO,,
3338,70085409,URETA GUTIERREZ GISELA,PRC,CONTABILIDAD,303N,1,789,10,70085409URE,3338303N1789,AGOSTO,N,PRC,III,PRESENCIAL,(LUNES)(JUEVES),(PRE 19:00-22:45)(PRE 19:00-22:45),ASIGNADO,,
3338,70085409,URETA GUTIERREZ GISELA,ATE,ANÁLISIS E INTERPRETACIÓN DE ESTADOS FINANCIEROS,605N,2,1372,5,70085409URE,3338605N21372,AGOSTO,N,ATE,VI,PRESENCIAL,(LUNES),(PRE 19:00-22:45),ASIGNADO,,
3338,70085409,URETA GUTIERREZ GISELA,ATE,EXPERIENCIA FORMATIVA EN SITUACIÓN REAL DE TRABAJO,605N,2,1402,2,70085409URE,3338605N21402,AGOSTO,N,ATE,VI,PRESENCIAL,(MARTES),(PRE 19:00-20:30),ASIGNADO,,
3338,70085409,URETA GUTIERREZ GISELA,ATE,DINÁMICA DEL PLAN CONTABLE,117N,2,1983,5,70085409URE,3338117N21983,AGOSTO,N,ATE,I,PRESENCIAL,(MIÉRCOLES),(PRE 19:00-22:45),ASIGNADO,,
3338,70085409,URETA GUTIERREZ GISELA,VIRTUAL,CIERRE CONTABLE TRIBUTARIO,511N,1,1272,6,70085409URE,3338511N11272,AGOSTO,N,VIRTUAL,V,VIRTUAL,(MIÉRCOLES)(VIERNES),(VIR 20:30-22:00)(VIR 19:00-22:00),ASIGNADO,,
3338,70085409,URETA GUTIERREZ GISELA,ATE,ANÁLISIS E INTERPRETACIÓN DE ESTADOS FINANCIEROS,605N,2,,5,70085409URE,3338605N2,AGOSTO,N,ATE,VI,PRESENCIAL,(VIERNES),(PRE 19:00-22:45),ASIGNADO,,
3338,70085409,URETA GUTIERREZ GISELA,ATE,DINÁMICA DEL PLAN CONTABLE,117N,2,,5,70085409URE,3338117N2,AGOSTO,N,ATE,I,PRESENCIAL,(SABADO),(PRE 19:00-22:45),ASIGNADO,,
3339,70085409,URETA GUTIERREZ GISELA,VIRTUAL,CONTABILIDAD GUBERNAMENTAL,402M,1,168,5,70085409URE,3339402M1168,AGOSTO,M,VIRTUAL,IV,VIRTUAL,(LUNES),(VIR 07:00-10:45),ASIGNADO,,PTD
3338,72573629,UZQUIANO RODRIGUEZ JUAN RICARDO,NOR,EXPERIENCIA FORMATIVA EN SITUACIÓN REAL DE TRABAJO,610N,2,1607,2,72573629UZQ,3338610N21607,AGOSTO,N,NOR,VI,PRESENCIAL,(SABADO),(PRE 19:00-20:30),ASIGNADO,,
3340,72573629,UZQUIANO RODRIGUEZ JUAN RICARDO,VIRTUAL,Procesos Empresariales,801N,1,1132,5,72573629UZQ,3340801N11132,AGOSTO,N,VIRTUAL,II,VIRTUAL,(JUEVES)(SABADO),(VIR 18:15-20:30)(VIR 19:00-20:30),ASIGNADO,,
3340,72573629,UZQUIANO RODRIGUEZ JUAN RICARDO,SJL,GESTIÓN DE PROCESOS DE MEJORA CONTINUA,404N,1,358,10,72573629UZQ,3340404N1358,AGOSTO,N,SJL,IV,PRESENCIAL,(MARTES)(VIERNES),(PRE 19:00-22:45)(PRE 19:00-22:45),ASIGNADO,,
3340,72573629,UZQUIANO RODRIGUEZ JUAN RICARDO,SJL,EXPERIENCIAS FORMATIVAS EN SITUACIONES REALES DE TRABAJO,605N,2,,2,72573629UZQ,3340605N2,AGOSTO,N,SJL,VI,PRESENCIAL,(MIÉRCOLES),(PRE 20:30-22:00),ASIGNADO,,
3341,72573629,UZQUIANO RODRIGUEZ JUAN RICARDO,VIRTUAL,EXPERIENCIAS FORMATIVAS EN SITUACIONES REALES DE TRABAJO,601N,2,86,2,72573629UZQ,3341601N286,AGOSTO,N,VIRTUAL,VI,VIRTUAL,(MIÉRCOLES),(VIR 18:15-19:45),ASIGNADO,,
3338,45453476,VALDIVIA  APAZA STEPHANIE CAROLA,VIRTUAL,EMPRENDIMIENTO: CREATIVIDAD E INNOVACIÓN,317M,1,384,8,45453476VAL,3338317M1384,AGOSTO,M,VIRTUAL,III,VIRTUAL,(MIÉRCOLES)(VIERNES),(VIR 07:00-10:00)(VIR 07:00-10:00),ASIGNADO,,PTP
3338,45453476,VALDIVIA  APAZA STEPHANIE CAROLA,AQP,EMPRENDIMIENTO: CREATIVIDAD E INNOVACIÓN,309M,2,768,10,45453476VAL,3338309M2768,AGOSTO,M,AQP,III,PRESENCIAL,(JUEVES)(SABADO),(PRE 07:00-10:45)(PRE 07:00-10:45),ASIGNADO,,PTP
3338,45453476,VALDIVIA  APAZA STEPHANIE CAROLA,VIRTUAL,MODELO DE NEGOCIO,428M,1,1134,4,45453476VAL,3338428M11134,AGOSTO,M,VIRTUAL,IV,VIRTUAL,(SABADO),(VIR 07:45-10:45),ASIGNADO,,
3340,45453476,VALDIVIA  APAZA STEPHANIE CAROLA,AQP,METODOLOGÍAS ÁGILES PARA LA INNOVACIÓN,413M,1,592,8,45453476VAL,3340413M1592,AGOSTO,M,AQP,IV,PRESENCIAL,(MARTES)(JUEVES),(PRE 07:00-10:00)(PRE 07:00-10:00),ASIGNADO,,PTP
3340,45453476,VALDIVIA  APAZA STEPHANIE CAROLA,AQP,CREATIVIDAD E INNOVACIÓN,311M,2,322,8,45453476VAL,3340311M2322,AGOSTO,M,AQP,III,PRESENCIAL,(MARTES)(VIERNES),(PRE 07:00-10:00)(PRE 07:00-10:00),ASIGNADO,,PTP
3338,9255124,VALENTINO OCARES RODOLFO WILLY,PRC,EXPERIENCIA FORMATIVA EN SITUACIÓN REAL DE TRABAJO,602M,2,,2,9255124VAL,3338602M2,AGOSTO,M,PRC,VI,PRESENCIAL,(VIERNES),(PRE 07:00-08:30),ASIGNADO,,PPH
3338,9255124,VALENTINO OCARES RODOLFO WILLY,ATE,EXPERIENCIA FORMATIVA EN SITUACIÓN REAL DE TRABAJO,405N,2,,2,9255124VAL,3338405N2,AGOSTO,N,ATE,IV,PRESENCIAL,(VIERNES),(PRE 20:30-22:00),ASIGNADO,,
3340,9255124,VALENTINO OCARES RODOLFO WILLY,ATE,CONTABILIDAD,208M,1,,4,9255124VAL,3340208M1,AGOSTO,M,ATE,II,PRESENCIAL,(MIÉRCOLES),(PRE 07:00-10:00),ASIGNADO,,PPH
3340,9255124,VALENTINO OCARES RODOLFO WILLY,ATE,CONTABILIDAD,208M,1,255,4,9255124VAL,3340208M1255,AGOSTO,M,ATE,II,PRESENCIAL,(VIERNES),(PRE 07:00-10:00),ASIGNADO,,PPH
3339,41228142,VALENZUELA VEGA STANLEY ROBERTO,VIRTUAL,CONTABILIDAD DE ENTIDADES FINANCIERAS,502N,2,159,5,41228142VAL,3339502N2159,AGOSTO,N,VIRTUAL,V,VIRTUAL,(LUNES)(MIÉRCOLES),(VIR 21:15-22:45)(VIR 19:00-21:15),ASIGNADO,,
3339,41228142,VALENZUELA VEGA STANLEY ROBERTO,VIRTUAL,FORMULACIÓN DE ESTADOS FINANCIEROS,502N,1,161,5,41228142VAL,3339502N1161,AGOSTO,N,VIRTUAL,V,VIRTUAL,(LUNES)(MIÉRCOLES),(VIR 21:15-22:45)(VIR 20:30-22:45),ASIGNADO,,
3338,44318695,VALENZUELA VILLANUEVA JESUS ALBERTO,PRC,BIG DATA APLICADA A LOS NEGOCIOS,303N,1,781,10,44318695VAL,3338303N1781,AGOSTO,N,PRC,III,PRESENCIAL,(MIÉRCOLES)(SABADO),(PRE 19:00-22:45)(PRE 19:00-22:45),ASIGNADO,,
3340,44318695,VALENZUELA VILLANUEVA JESUS ALBERTO,SJL,DESARROLLO Y SOPORTE DE APLICACIONES MULTIPLATAFORMA,208N,1,735,10,44318695VAL,3340208N1735,AGOSTO,N,SJL,II,PRESENCIAL,(MARTES)(VIERNES),(PRE 19:00-22:45)(PRE 19:00-22:45),ASIGNADO,,
3338,45087460,VALERIANO QUISPE MIRIAM MARGOT,VIRTUAL,MARKETING ESTRATÉGICO,610N,2,1585,5,45087460VAL,3338610N21585,AGOSTO,N,VIRTUAL,VI,VIRTUAL,(JUEVES),(VIR 19:00-22:45),ASIGNADO,,
3338,45087460,VALERIANO QUISPE MIRIAM MARGOT,VIRTUAL,MARKETING ESTRATÉGICO,620N,2,1588,5,45087460VAL,3338620N21588,AGOSTO,N,VIRTUAL,VI,VIRTUAL,(SABADO),(VIR 19:00-22:45),ASIGNADO,,
3340,45087460,VALERIANO QUISPE MIRIAM MARGOT,AQP,INVESTIGACIÓN DE MERCADO,223M,1,696,14,45087460VAL,3340223M1696,AGOSTO,M,AQP,II,PRESENCIAL,(LUNES)(JUEVES)(SABADO),(PRE 07:00-10:45)(PRE 07:00-10:00)(PRE 07:00-10:45),ASIGNADO,,PPH
3340,45087460,VALERIANO QUISPE MIRIAM MARGOT,AQP,FUNDAMENTOS DE MARKETING,117N,,973,6,45087460VAL,3340117N973,AGOSTO,N,AQP,I,PRESENCIAL,(MIÉRCOLES)(VIERNES),(PRE 17:30-19:45)(PRE 19:00-21:15),ASIGNADO,,
3340,45543575,VARGAS LA ROSA PATRICIA ELIZABETH,VIRTUAL,COMUNICACIÓN Y GESTIÓN DE LA INFORMACIÓN,C01M,1,1109,5,45543575VAR,3340C01M11109,AGOSTO,M,VIRTUAL,I,VIRTUAL,(LUNES),(VIR 07:00-10:45),ASIGNADO,,PTC
3340,45543575,VARGAS LA ROSA PATRICIA ELIZABETH,VIRTUAL,HERRAMIENTAS DIGITALES PARA LOS NEGOCIOS,214M,2,204,5,45543575VAR,3340214M2204,AGOSTO,M,VIRTUAL,II,VIRTUAL,(LUNES),(VIR 07:00-10:45),ASIGNADO,,PTC
3340,45543575,VARGAS LA ROSA PATRICIA ELIZABETH,SJL,IMPLEMENTACIÓN DE SOLUCIONES INNOVADORAS,610M,1,426,12,45543575VAR,3340610M1426,AGOSTO,M,SJL,VI,PRESENCIAL,(MARTES)(VIERNES),(PRE 07:00-11:30)(PRE 07:00-11:30),ASIGNADO,,PTC
3340,45543575,VARGAS LA ROSA PATRICIA ELIZABETH,ATE,IMPLEMENTACIÓN DE SOLUCIONES INNOVADORAS,604M,2,421,12,45543575VAR,3340604M2421,AGOSTO,M,ATE,VI,PRESENCIAL,(MARTES)(VIERNES),(PRE 07:00-11:30)(PRE 07:00-11:30),ASIGNADO,,PTC
3340,45543575,VARGAS LA ROSA PATRICIA ELIZABETH,VIRTUAL,HERRAMIENTAS DIGITALES PARA LOS NEGOCIOS-,204M,1,196,5,45543575VAR,3340204M1196,AGOSTO,M,VIRTUAL,II,VIRTUAL,(MIÉRCOLES),(VIR 07:00-10:45),ASIGNADO,,PTC
3340,45543575,VARGAS LA ROSA PATRICIA ELIZABETH,VIRTUAL,BIG DATA APLICADA A LOS NEGOCIOS,304M,2,484,5,45543575VAR,3340304M2484,AGOSTO,M,VIRTUAL,III,VIRTUAL,(MIÉRCOLES),(VIR 07:00-10:45),ASIGNADO,,PTC
3340,45543575,VARGAS LA ROSA PATRICIA ELIZABETH,VIRTUAL,HERRAMIENTAS DIGITALES PARA LOS NEGOCIOS,206M,1,709,5,45543575VAR,3340206M1709,AGOSTO,M,VIRTUAL,II,VIRTUAL,(JUEVES),(VIR 07:00-10:45),ASIGNADO,,PTC
3340,45543575,VARGAS LA ROSA PATRICIA ELIZABETH,VIRTUAL,BIG DATA APLICADA A LOS NEGOCIOS,307M,2,487,5,45543575VAR,3340307M2487,AGOSTO,M,VIRTUAL,III,VIRTUAL,(JUEVES),(VIR 07:00-10:45),ASIGNADO,,PTC
3338,45594340,VARIAS VASQUEZ SAMMY HENRY,SJL,EXPERIENCIA FORMATIVA EN SITUACIÓN REAL DE TRABAJO,425M,2,,2,45594340VAR,3338425M2,AGOSTO,M,SJL,IV,PRESENCIAL,(VIERNES),(PRE 09:15-10:45),ASIGNADO,,
3338,45594340,VARIAS VASQUEZ SAMMY HENRY,SJL,DIBUJO DIGITAL VECTORIAL,125N,1,,10,45594340VAR,3338125N1,AGOSTO,N,SJL,I,PRESENCIAL,(MARTES)(JUEVES),(PRE 19:00-22:45)(PRE 19:00-22:45),ASIGNADO,,
3338,45594340,VARIAS VASQUEZ SAMMY HENRY,VIRTUAL,DIBUJO DIGITAL VECTORIAL,127N,1,1993,10,45594340VAR,3338127N11993,AGOSTO,N,VIRTUAL,I,VIRTUAL,(MIÉRCOLES)(SABADO),(VIR 19:00-22:45)(VIR 19:00-22:45),ASIGNADO,,
3338,45594340,VARIAS VASQUEZ SAMMY HENRY,VIRTUAL,DIBUJO DIGITAL VECTORIAL,126N,2,,10,45594340VAR,3338126N2,AGOSTO,N,VIRTUAL,I,VIRTUAL,(MIÉRCOLES)(SABADO),(VIR 19:00-22:45)(VIR 19:00-22:45),ASIGNADO,,
3338,7364911,VASQUEZ CUEVA MIGUEL ANGEL,SJL,EMPRENDIMIENTO: PROYECTO INTEGRADOR,608T,1,1361,12,7364911VAS,3338608T11361,AGOSTO,T,SJL,VI,PRESENCIAL,(MARTES)(VIERNES),(PRE 14:30-19:00)(PRE 14:30-19:00),ASIGNADO,,
3338,7364911,VASQUEZ CUEVA MIGUEL ANGEL,SJL,EMPRENDIMIENTO: PROYECTO INTEGRADOR,615N,1,,12,7364911VAS,3338615N1,AGOSTO,N,SJL,VI,PRESENCIAL,(LUNES)(JUEVES),(PRE 18:15-22:45)(PRE 18:15-22:45),ASIGNADO,,
3338,7364911,VASQUEZ CUEVA MIGUEL ANGEL,SJL,EMPRENDIMIENTO: CREATIVIDAD E INNOVACIÓN,309N,1,769,10,7364911VAS,3338309N1769,AGOSTO,N,SJL,III,PRESENCIAL,(MARTES)(SABADO),(PRE 19:00-22:45)(PRE 19:00-22:45),ASIGNADO,,
3338,7364911,VASQUEZ CUEVA MIGUEL ANGEL,SJL,EMPRENDIMIENTO: CREATIVIDAD E INNOVACIÓN,310N,1,758,10,7364911VAS,3338310N1758,AGOSTO,N,SJL,III,PRESENCIAL,(MIÉRCOLES)(VIERNES),(PRE 19:00-22:45)(PRE 19:00-22:45),ASIGNADO,,
3338,7364911,VASQUEZ CUEVA MIGUEL ANGEL,ATE,EXPERIENCIA DEL CLIENTE,207N,2,606,10,7364911VAS,3338207N2606,AGOSTO,N,ATE,II,PRESENCIAL,(JUEVES)(SABADO),(PRE 19:00-22:45)(PRE 19:00-22:45),ASIGNADO,,
3340,7921232,VASQUEZ GALLO JHONY CHRISTIAM,NOR,EXPERIENCIA DEL CLIENTE,209M,1,222,10,7921232VAS,3340209M1222,AGOSTO,M,NOR,II,PRESENCIAL,(LUNES)(MIÉRCOLES),(PRE 07:00-10:45)(PRE 07:00-10:45),ASIGNADO,,PTC IN
3340,7921232,VASQUEZ GALLO JHONY CHRISTIAM,SJL,EXPERIENCIA DEL CLIENTE,213M,1,723,8,7921232VAS,3340213M1723,AGOSTO,M,SJL,II,PRESENCIAL,(MARTES)(JUEVES),(PRE 07:00-10:00)(PRE 07:00-10:00),ASIGNADO,,PTC IN
3340,7921232,VASQUEZ GALLO JHONY CHRISTIAM,NOR,EXPERIENCIA DEL CLIENTE,205N,1,218,10,7921232VAS,3340205N1218,AGOSTO,N,NOR,II,PRESENCIAL,(LUNES)(MIÉRCOLES),(PRE 19:00-22:45)(PRE 19:00-22:45),ASIGNADO,,
3340,7921232,VASQUEZ GALLO JHONY CHRISTIAM,NOR,EXPERIENCIA DEL CLIENTE,206N,1,219,10,7921232VAS,3340206N1219,AGOSTO,N,NOR,II,PRESENCIAL,(MARTES)(VIERNES),(PRE 19:00-22:45)(PRE 19:00-22:45),ASIGNADO,,
3340,7921232,VASQUEZ GALLO JHONY CHRISTIAM,VIRTUAL,EXPERIENCIA DEL CLIENTE,213N,1,827,4,7921232VAS,3340213N1827,AGOSTO,N,VIRTUAL,II,VIRTUAL,(SABADO),(VIR 19:00-22:00),ASIGNADO,,
3337,46294469,VASQUEZ GARCIA GUSTAVO ALONSO,VIRTUAL,Modelo de Negocios Digitales,801N,2,44,5,46294469VAS,3337801N244,JUNIO,N,VIRTUAL,VI,VIRTUAL,(JUEVES),(VIR 19:00-22:45),ASIGNADO,,
3340,46294469,VASQUEZ GARCIA GUSTAVO ALONSO,VIRTUAL,DISEÑO Y GESTIÓN DE PRODUCTOS,306M,2,566,10,46294469VAS,3340306M2566,AGOSTO,M,VIRTUAL,III,VIRTUAL,(LUNES)(SABADO),(VIR 07:00-10:45)(VIR 07:00-10:45),ASIGNADO,,PPH
3340,46294469,VASQUEZ GARCIA GUSTAVO ALONSO,VIRTUAL,MARKETING ESTRATÉGICO,601M,1,470,5,46294469VAS,3340601M1470,AGOSTO,M,VIRTUAL,VI,VIRTUAL,(JUEVES),(VIR 07:00-10:45),ASIGNADO,,PPH
3340,46294469,VASQUEZ GARCIA GUSTAVO ALONSO,VIRTUAL,TRADE MARKETING,508N,1,753,8,46294469VAS,3340508N1753,AGOSTO,N,VIRTUAL,V,VIRTUAL,(LUNES)(VIERNES),(VIR 19:00-22:00)(VIR 19:00-22:00),ASIGNADO,,
3340,46294469,VASQUEZ GARCIA GUSTAVO ALONSO,VIRTUAL,DISEÑO Y GESTIÓN DE PRODUCTOS,306N,2,567,10,46294469VAS,3340306N2567,AGOSTO,N,VIRTUAL,III,VIRTUAL,(LUNES)(JUEVES),(VIR 19:00-22:45)(VIR 19:00-22:45),ASIGNADO,,
3340,46294469,VASQUEZ GARCIA GUSTAVO ALONSO,VIRTUAL,MODELO DE NEGOCIOS DIGITALES,608N,1,601,5,46294469VAS,3340608N1601,AGOSTO,N,VIRTUAL,VI,VIRTUAL,(MIÉRCOLES),(VIR 19:00-22:45),ASIGNADO,,
3340,45766017,VEGA CABRERA DANIEL ALEXIS,SJL,FUNDAMENTOS DE MARKETING,101N,2,956,12,45766017VEG,3340101N2956,AGOSTO,N,SJL,I,PRESENCIAL,(MARTES)(VIERNES),(PRE 18:15-22:45)(PRE 18:15-22:45),ASIGNADO,,
3340,8779869,VEGA GARCIA GERMAN FERNANDO,VIRTUAL,DESARROLLO PROFESIONAL,110M,1,908,2,8779869VEG,3340110M1908,AGOSTO,M,VIRTUAL,I,VIRTUAL,(MARTES),(VIR 08:30-10:00),ASIGNADO,,
3340,8779869,VEGA GARCIA GERMAN FERNANDO,VIRTUAL,PERSONAL BRANDING,608N,1,455,4,8779869VEG,3340608N1455,AGOSTO,N,VIRTUAL,VI,VIRTUAL,(LUNES),(VIR 19:00-22:00),ASIGNADO,,
3340,8779869,VEGA GARCIA GERMAN FERNANDO,VIRTUAL,DESARROLLO PROFESIONAL,103N,1,895,2,8779869VEG,3340103N1895,AGOSTO,N,VIRTUAL,I,VIRTUAL,(MARTES),(VIR 20:30-22:00),ASIGNADO,,
3341,8779869,VEGA GARCIA GERMAN FERNANDO,VIRTUAL,PERSONAL BRANDING,601N,2,74,4,8779869VEG,3341601N274,AGOSTO,N,VIRTUAL,VI,VIRTUAL,(MIÉRCOLES),(VIR 19:45-22:45),ASIGNADO,,
3338,44755544,VEGA VIDAL JHON JANDAR,VIRTUAL,GESTIÓN DE PROCESOS DE MEJORA CONTINUA,418N,1,393,5,44755544VEG,3338418N1393,AGOSTO,N,VIRTUAL,IV,VIRTUAL,(MARTES),(VIR 19:00-22:45),ASIGNADO,,
3340,44755544,VEGA VIDAL JHON JANDAR,VES,EXPERIENCIAS FORMATIVAS EN SITUACIONES REALES DE TRABAJO,224M,2,1076,2,44755544VEG,3340224M21076,AGOSTO,M,VES,II,PRESENCIAL,(JUEVES),(PRE 07:00-08:30),ASIGNADO,,PTP
3340,44755544,VEGA VIDAL JHON JANDAR,VES,EXPERIENCIAS FORMATIVAS EN SITUACIONES REALES DE TRABAJO,414M,2,1093,2,44755544VEG,3340414M21093,AGOSTO,M,VES,IV,PRESENCIAL,(LUNES),(PRE 08:30-10:00),ASIGNADO,,
3340,44755544,VEGA VIDAL JHON JANDAR,VIRTUAL,ADMINISTRACIÓN DE NEGOCIOS,109N,1,873,5,44755544VEG,3340109N1873,AGOSTO,N,VIRTUAL,I,VIRTUAL,(JUEVES),(VIR 19:00-22:45),ASIGNADO,,
3340,44755544,VEGA VIDAL JHON JANDAR,VIRTUAL,ADMINISTRACIÓN DE NEGOCIOS,119N,1,886,5,44755544VEG,3340119N1886,AGOSTO,N,VIRTUAL,I,VIRTUAL,(SABADO),(VIR 19:00-22:45),ASIGNADO,,
3341,44755544,VEGA VIDAL JHON JANDAR,VIRTUAL,EXPERIENCIAS FORMATIVAS EN SITUACIONES REALES DE TRABAJO,201M,2,110,2,44755544VEG,3341201M2110,AGOSTO,M,VIRTUAL,II,VIRTUAL,(VIERNES),(VIR 07:00-08:30),ASIGNADO,,PTP
3341,44755544,VEGA VIDAL JHON JANDAR,VIRTUAL,EXPERIENCIAS FORMATIVAS EN SITUACIONES REALES DE TRABAJO,401M,2,70,2,44755544VEG,3341401M270,AGOSTO,M,VIRTUAL,IV,VIRTUAL,(MIÉRCOLES),(VIR 08:30-10:00),ASIGNADO,,
3341,44755544,VEGA VIDAL JHON JANDAR,VIRTUAL,ADMINISTRACIÓN DE OPERACIONES,501N,2,50,8,44755544VEG,3341501N250,AGOSTO,N,VIRTUAL,V,VIRTUAL,(LUNES)(VIERNES),(VIR 20:30-22:45)(VIR 19:00-22:45),ASIGNADO,,
3338,72226739,VELARDE LUDENA JOSELYN ANDREA,VIRTUAL,MODELO DE NEGOCIOS DIGITALES,618M,1,1571,4,72226739VEL,3338618M11571,AGOSTO,M,VIRTUAL,VI,VIRTUAL,(MARTES),(VIR 07:00-10:00),ASIGNADO,,PPH
3340,72226739,VELARDE LUDENA JOSELYN ANDREA,SJL,INVESTIGACIÓN DE MERCADO,214M,1,695,14,72226739VEL,3340214M1695,AGOSTO,M,SJL,II,PRESENCIAL,(LUNES)(JUEVES)(SABADO),(PRE 07:00-10:45)(PRE 07:00-10:00)(PRE 07:00-10:45),ASIGNADO,,PPH
3340,72226739,VELARDE LUDENA JOSELYN ANDREA,SJL,ESTRATEGIAS DE MEDIOS DIGITALES,604N,2,627,12,72226739VEL,3340604N2627,AGOSTO,N,SJL,VI,PRESENCIAL,(MARTES)(SABADO),(PRE 18:15-22:45)(PRE 18:15-22:45),ASIGNADO,,
3338,47584083,VELASQUEZ RIVERA CARLOS JAVIER,PRC,FUNDAMENTOS DE MARKETING,103N,1,1975,10,47584083VEL,3338103N11975,AGOSTO,N,PRC,I,PRESENCIAL,(MIÉRCOLES)(VIERNES),(PRE 18:15-22:45)(PRE 19:00-22:00),ASIGNADO,,
3340,47584083,VELASQUEZ RIVERA CARLOS JAVIER,VIRTUAL,Ética Profesional,701N,2,1138,3,47584083VEL,3340701N21138,AGOSTO,N,VIRTUAL,V,VIRTUAL,(MIÉRCOLES),(VIR 19:00-21:15),ASIGNADO,,
3340,47584083,VELASQUEZ RIVERA CARLOS JAVIER,PRC,EXPERIENCIAS FORMATIVAS EN SITUACIONES REALES DE TRABAJO,202N,2,,2,47584083VEL,3340202N2,AGOSTO,N,PRC,II,PRESENCIAL,(VIERNES),(PRE 19:00-20:30),ASIGNADO,,
3340,40549763,VERA INGA MARIA DEL PILAR,VIRTUAL,PENSAMIENTO LÓGICO,115M,1,1044,6,40549763VER,3340115M11044,AGOSTO,M,VIRTUAL,I,VIRTUAL,(LUNES)(VIERNES),(VIR 07:00-09:15)(VIR 07:00-09:15),ASIGNADO,,TCxH
3340,40549763,VERA INGA MARIA DEL PILAR,ATE,PENSAMIENTO LÓGICO,109M,2,940,12,40549763VER,3340109M2940,AGOSTO,M,ATE,I,PRESENCIAL,(LUNES)(MIÉRCOLES)(SABADO),(PRE 07:00-10:45)(PRE 07:00-10:45)(PRE 07:00-08:30),ASIGNADO,,TCxH
3340,40549763,VERA INGA MARIA DEL PILAR,ATE,PENSAMIENTO LÓGICO,115N,1,949,12,40549763VER,3340115N1949,AGOSTO,N,ATE,I,PRESENCIAL,(MARTES)(JUEVES)(SABADO),(PRE 19:00-22:45)(PRE 19:00-22:45)(PRE 19:00-20:30),ASIGNADO,,
3340,40549763,VERA INGA MARIA DEL PILAR,VIRTUAL,PENSAMIENTO LÓGICO,119N,2,1045,6,40549763VER,3340119N21045,AGOSTO,N,VIRTUAL,I,VIRTUAL,(JUEVES)(SABADO),(VIR 19:00-21:15)(VIR 19:00-21:15),ASIGNADO,,
3338,70439980,VERGARA TORRE FERNANDO ALONSO,NOR,SISTEMAS CONTABLES INTEGRADOS,408N,1,,10,70439980VER,3338408N1,AGOSTO,N,NOR,IV,PRESENCIAL,(LUNES)(JUEVES),(PRE 19:00-22:45)(PRE 19:00-22:45),ASIGNADO,,
3340,70439980,VERGARA TORRE FERNANDO ALONSO,VIRTUAL,Costos y Presupuestos,701N,2,1127,5,70439980VER,3340701N21127,AGOSTO,N,VIRTUAL,III,VIRTUAL,(MIÉRCOLES),(VIR 19:00-22:45),ASIGNADO,,
3338,43097140,VICENTE FELIX CRISTINA ZULEIKA,VIRTUAL,CONSTITUCIÓN Y ORGANIZACIÓN DE EMPRESAS,411M,1,1096,4,43097140VIC,3338411M11096,AGOSTO,M,VIRTUAL,IV,VIRTUAL,(VIERNES),(VIR 07:00-10:00),ASIGNADO,,PPH
3339,43097140,VICENTE FELIX CRISTINA ZULEIKA,VIRTUAL,CONTROL Y VALORIZACIÓN DE INVENTARIOS,202M,2,124,5,43097140VIC,3339202M2124,AGOSTO,M,VIRTUAL,II,VIRTUAL,(VIERNES),(VIR 07:00-10:45),ASIGNADO,,PPH
3338,6595296,VICENTE PINEDO ALVARO JESUS,PRC,HERRAMIENTAS DIGITALES E INTELIGENCIA ARTIFICIAL,110M,1,1931,12,6595296VIC,3338110M11931,AGOSTO,M,PRC,I,PRESENCIAL,(LUNES)(JUEVES)(SABADO),(PRE 08:30-10:00)(PRE 07:00-10:45)(PRE 07:00-10:45),ASIGNADO,,PPH
3338,40752322,VIGO AYONA JOSE FELIX,SJL,ANÁLISIS E INTERPRETACIÓN DE ESTADOS FINANCIEROS,625M,2,,10,40752322VIG,3338625M2,AGOSTO,M,SJL,VI,PRESENCIAL,(LUNES)(JUEVES),(PRE 07:00-10:45)(PRE 07:00-10:45),ASIGNADO,,PPH
3340,40752322,VIGO AYONA JOSE FELIX,SJL,CONTABILIDAD,215M,1,260,4,40752322VIG,3340215M1260,AGOSTO,M,SJL,II,PRESENCIAL,(MARTES),(PRE 07:00-10:00),ASIGNADO,,PPH
3340,40752322,VIGO AYONA JOSE FELIX,SJL,CONTABILIDAD,215M,1,,4,40752322VIG,3340215M1,AGOSTO,M,SJL,II,PRESENCIAL,(SABADO),(PRE 07:00-10:00),ASIGNADO,,PPH
3342,45494405,VILCA ALCANTARA CESAR TEOFILO,ATE,PENSAMIENTO LÓGICO,101N,1,27,12,45494405VIL,3342101N127,SETIEMBRE,N,ATE,I,PRESENCIAL,(LUNES)(MIÉRCOLES)(VIERNES),(PRE 19:00-22:45)(PRE 19:00-20:30)(PRE 19:00-22:45),ASIGNADO,,
3338,40302370,VILCA BORCHANI VICTOR ERMELO,VES,BIG DATA APLICADA A LOS NEGOCIOS,320M,2,2104,10,40302370VIL,3338320M22104,AGOSTO,M,VES,III,PRESENCIAL,(LUNES)(MIÉRCOLES),(PRE 07:00-10:45)(PRE 07:00-10:45),ASIGNADO,,PPH
3338,40302370,VILCA BORCHANI VICTOR ERMELO,VES,HERRAMIENTAS DIGITALES PARA LOS NEGOCIOS,234M,1,2095,10,40302370VIL,3338234M12095,AGOSTO,M,VES,II,PRESENCIAL,(MIÉRCOLES)(VIERNES),(PRE 07:00-10:45)(PRE 07:00-10:45),ASIGNADO,,PPH
3340,40302370,VILCA BORCHANI VICTOR ERMELO,VES,DESARROLLO Y SOPORTE DE APLICACIONES MULTIPLATAFORMA,225M,1,1105,10,40302370VIL,3340225M11105,AGOSTO,M,VES,II,PRESENCIAL,(JUEVES)(SABADO),(PRE 07:00-10:45)(PRE 07:00-10:45),ASIGNADO,,PPH
3340,41764228,VILCA CHAMBI JOEL RONALD,VIRTUAL,HERRAMIENTAS DIGITALES PARA LOS NEGOCIOS,201M,2,193,5,41764228VIL,3340201M2193,AGOSTO,M,VIRTUAL,II,VIRTUAL,(LUNES),(VIR 07:00-10:45),ASIGNADO,,PTC
3340,41764228,VILCA CHAMBI JOEL RONALD,VIRTUAL,IMPLEMENTACIÓN DE SOLUCIONES PARA PLATAFORMAS MULTIUSUARIO,308M,1,835,5,41764228VIL,3340308M1835,AGOSTO,M,VIRTUAL,III,VIRTUAL,(MARTES),(VIR 07:00-10:45),ASIGNADO,,PTC
3340,41764228,VILCA CHAMBI JOEL RONALD,SJL,EXPERIENCIAS FORMATIVAS EN SITUACIONES REALES DE TRABAJO,408M,2,792,2,41764228VIL,3340408M2792,AGOSTO,M,SJL,IV,PRESENCIAL,(MARTES),(PRE 07:00-08:30),ASIGNADO,,PTC
3340,41764228,VILCA CHAMBI JOEL RONALD,NOR,ALGORITMOS PARA LA SOLUCIÓN DE PROBLEMAS,212M,1,,10,41764228VIL,3340212M1,AGOSTO,M,NOR,II,PRESENCIAL,(JUEVES)(SABADO),(PRE 07:00-10:45)(PRE 07:00-10:45),ASIGNADO,,PTC
3340,41764228,VILCA CHAMBI JOEL RONALD,VIRTUAL,PROYECTO INTEGRADOR DE TI,612M,2,844,5,41764228VIL,3340612M2844,AGOSTO,M,VIRTUAL,VI,VIRTUAL,(JUEVES),(VIR 07:00-10:45),ASIGNADO,,PTC
3340,41764228,VILCA CHAMBI JOEL RONALD,VIRTUAL,HERRAMIENTAS DIGITALES PARA LOS NEGOCIOS,220M,2,208,5,41764228VIL,3340220M2208,AGOSTO,M,VIRTUAL,II,VIRTUAL,(SABADO),(VIR 07:00-10:45),ASIGNADO,,PTC
3340,41764228,VILCA CHAMBI JOEL RONALD,VIRTUAL,HERRAMIENTAS DIGITALES PARA LOS NEGOCIOS,201T,2,195,5,41764228VIL,3340201T2195,AGOSTO,T,VIRTUAL,II,VIRTUAL,(JUEVES),(VIR 14:30-18:15),ASIGNADO,,
3340,41764228,VILCA CHAMBI JOEL RONALD,VIRTUAL,HERRAMIENTAS DIGITALES E INTELIGENCIA ARTIFICIAL,101N,2,978,6,41764228VIL,3340101N2978,AGOSTO,N,VIRTUAL,I,VIRTUAL,(LUNES)(JUEVES),(VIR 19:00-22:00)(VIR 19:00-20:30),ASIGNADO,,
3340,41764228,VILCA CHAMBI JOEL RONALD,NOR,ALGORITMOS PARA LA SOLUCIÓN DE PROBLEMAS,207N,1,,10,41764228VIL,3340207N1,AGOSTO,N,NOR,II,PRESENCIAL,(JUEVES)(SABADO),(PRE 19:00-22:45)(PRE 19:00-22:45),ASIGNADO,,
3340,41764228,VILCA CHAMBI JOEL RONALD,VIRTUAL,EXPERIENCIAS FORMATIVAS EN SITUACIONES REALES DE TRABAJO,405N,2,839,2,41764228VIL,3340405N2839,AGOSTO,N,VIRTUAL,IV,VIRTUAL,(VIERNES),(VIR 20:30-22:00),ASIGNADO,,
3341,41764228,VILCA CHAMBI JOEL RONALD,VIRTUAL,BIG DATA APLICADA A LOS NEGOCIOS,302N,1,117,5,41764228VIL,3341302N1117,AGOSTO,N,VIRTUAL,III,VIRTUAL,(LUNES),(VIR 19:00-22:45),ASIGNADO,,
3338,10696265,VILCA CHILLCCE ANA ISABEL,SJL,PRODUCTOS EDITORIALES,425M,1,1137,8,10696265VIL,3338425M11137,AGOSTO,M,SJL,IV,PRESENCIAL,(MARTES)(SABADO),(PRE 07:45-10:45)(PRE 07:45-10:45),ASIGNADO,,
3340,47397760,VILCHEZ RODAS DIANA ANTONIETA,VIRTUAL,EXPERIENCIA DEL CLIENTE,219M,1,829,4,47397760VIL,3340219M1829,AGOSTO,M,VIRTUAL,II,VIRTUAL,(LUNES),(VIR 07:00-10:00),ASIGNADO,,PPH
3340,47397760,VILCHEZ RODAS DIANA ANTONIETA,VIRTUAL,EXPERIENCIA DEL CLIENTE,217M,1,802,5,47397760VIL,3340217M1802,AGOSTO,M,VIRTUAL,II,VIRTUAL,(SABADO),(VIR 07:00-10:45),ASIGNADO,,PPH
3341,47397760,VILCHEZ RODAS DIANA ANTONIETA,VIRTUAL,EXPERIENCIA DEL CLIENTE,201M,1,91,5,47397760VIL,3341201M191,AGOSTO,M,VIRTUAL,II,VIRTUAL,(MIÉRCOLES),(VIR 07:00-10:45),ASIGNADO,,PPH
3336,45442353,VILLA BAILÓN GIAN FRANCIS,SJL,EXPERIENCIA DEL CLIENTE,201M,2,32,10,45442353VIL,3336201M232,JUNIO,M,SJL,II,PRESENCIAL,(MIÉRCOLES)(SABADO),(PRE 07:00-10:45)(PRE 07:00-10:45),ASIGNADO,,PPH
3338,45442353,VILLA BAILÓN GIAN FRANCIS,SJL,EXPERIENCIA DEL CLIENTE,214N,1,545,10,45442353VIL,3338214N1545,AGOSTO,N,SJL,II,PRESENCIAL,(MIÉRCOLES)(SABADO),(PRE 19:00-22:45)(PRE 19:00-22:45),ASIGNADO,,
3338,45442353,VILLA BAILÓN GIAN FRANCIS,PRC,INNOVACIÓN Y DISEÑO CX,401N,2,970,8,45442353VIL,3338401N2970,AGOSTO,N,PRC,IV,PRESENCIAL,(MIÉRCOLES)(SABADO),(PRE 19:00-22:00)(PRE 19:00-22:00),ASIGNADO,,
3341,7283279,VILLACORTA BERTOLOTTO VICTOR MARTIN,VIRTUAL,COSTOS Y PRESUPUESTOS,303N,2,33,5,7283279VIL,3341303N233,AGOSTO,N,VIRTUAL,III,VIRTUAL,(MIÉRCOLES)(VIERNES),(VIR 18:15-20:30)(VIR 21:15-22:45),ASIGNADO,,
3341,7283279,VILLACORTA BERTOLOTTO VICTOR MARTIN,VIRTUAL,COSTOS Y PRESUPUESTOS,302N,1,32,5,7283279VIL,3341302N132,AGOSTO,N,VIRTUAL,III,VIRTUAL,(MIÉRCOLES)(VIERNES),(VIR 21:15-22:45)(VIR 18:15-20:30),ASIGNADO,,
3340,10065509,VILLACORTA PORTELLA HENRY MANUEL,VIRTUAL,Administración de Personal,701N,1,1125,5,10065509VIL,3340701N11125,AGOSTO,N,VIRTUAL,IV,VIRTUAL,(LUNES),(VIR 19:00-22:45),ASIGNADO,,
3338,45341941,VILLANUEVA ARCE CECILIA GYOBANA,VIRTUAL,INGLÉS PARA LA COMUNICACIÓN EN LOS NEGOCIOS,312N,1,826,8,45341941VIL,3338312N1826,AGOSTO,N,VIRTUAL,III,VIRTUAL,(LUNES)(MIÉRCOLES),(VIR 19:00-22:00)(VIR 19:00-22:00),ASIGNADO,,
3338,45341941,VILLANUEVA ARCE CECILIA GYOBANA,VIRTUAL,INGLÉS PARA LA COMUNICACIÓN EN LOS NEGOCIOS,311N,2,850,8,45341941VIL,3338311N2850,AGOSTO,N,VIRTUAL,III,VIRTUAL,(LUNES)(JUEVES),(VIR 19:00-22:00)(VIR 19:00-22:00),ASIGNADO,,
3338,45341941,VILLANUEVA ARCE CECILIA GYOBANA,VIRTUAL,INGLÉS PARA LA COMUNICACIÓN EN LOS NEGOCIOS,313N,1,828,8,45341941VIL,3338313N1828,AGOSTO,N,VIRTUAL,III,VIRTUAL,(MARTES)(VIERNES),(VIR 19:00-22:00)(VIR 19:00-22:00),ASIGNADO,,
3338,45341941,VILLANUEVA ARCE CECILIA GYOBANA,VIRTUAL,INGLÉS PARA LA COMUNICACIÓN EN LOS NEGOCIOS,310N,2,825,8,45341941VIL,3338310N2825,AGOSTO,N,VIRTUAL,III,VIRTUAL,(MARTES)(VIERNES),(VIR 19:00-22:00)(VIR 19:00-22:00),ASIGNADO,,
3335,10788885,VILLAVICENCIO DURAND EDGAR ABRAHAM,VIRTUAL,CONTROL DE DESPACHO,201N,2,29,5,10788885VIL,3335201N229,JUNIO,N,VIRTUAL,II,VIRTUAL,(MIÉRCOLES),(VIR 19:00-22:45),ASIGNADO,,
3335,10788885,VILLAVICENCIO DURAND EDGAR ABRAHAM,VIRTUAL,EXPERIENCIA FORMATIVA EN SITUACIÓN REAL DE TRABAJO,201N,2,32,2,10788885VIL,3335201N232,JUNIO,N,VIRTUAL,II,VIRTUAL,(VIERNES),(VIR 19:00-20:30),ASIGNADO,,
3338,10788885,VILLAVICENCIO DURAND EDGAR ABRAHAM,SJL,OPERATIVIDAD ADUANERA,222M,2,657,10,10788885VIL,3338222M2657,AGOSTO,M,SJL,II,PRESENCIAL,(MIÉRCOLES)(VIERNES),(PRE 07:00-10:45)(PRE 07:00-10:45),ASIGNADO,,PTD
3338,10788885,VILLAVICENCIO DURAND EDGAR ABRAHAM,PRC,CONTROL DE DESPACH,204M,1,615,10,10788885VIL,3338204M1615,AGOSTO,M,PRC,II,PRESENCIAL,(JUEVES)(SABADO),(PRE 07:00-11:30)(PRE 07:00-10:00),ASIGNADO,,PTD
3338,10788885,VILLAVICENCIO DURAND EDGAR ABRAHAM,SJL,GESTIÓN DE PROVEEDORES,312M,2,803,5,10788885VIL,3338312M2803,AGOSTO,M,SJL,III,PRESENCIAL,(JUEVES),(PRE 07:00-10:45),ASIGNADO,,PTD
3338,10788885,VILLAVICENCIO DURAND EDGAR ABRAHAM,SJL,GESTIÓN DE PROVEEDORES,312M,2,,5,10788885VIL,3338312M2,AGOSTO,M,SJL,III,PRESENCIAL,(SABADO),(PRE 07:00-10:45),ASIGNADO,,PTD
3338,10788885,VILLAVICENCIO DURAND EDGAR ABRAHAM,PRC,OPERATIVIDAD PORTUARIA,203N,1,658,10,10788885VIL,3338203N1658,AGOSTO,N,PRC,II,PRESENCIAL,(MARTES)(SABADO),(PRE 19:00-22:45)(PRE 19:00-22:45),ASIGNADO,,
3338,10788885,VILLAVICENCIO DURAND EDGAR ABRAHAM,SJL,OPERATIVIDAD ADUANERA,213N,2,653,10,10788885VIL,3338213N2653,AGOSTO,N,SJL,II,PRESENCIAL,(MARTES)(JUEVES),(PRE 19:00-22:45)(PRE 19:00-22:45),ASIGNADO,,
3338,10788885,VILLAVICENCIO DURAND EDGAR ABRAHAM,PRC,GESTIÓN DE PROVEEDORES,303N,2,,5,10788885VIL,3338303N2,AGOSTO,N,PRC,III,PRESENCIAL,(MIÉRCOLES),(PRE 19:00-22:45),ASIGNADO,,
3338,10788885,VILLAVICENCIO DURAND EDGAR ABRAHAM,PRC,GESTIÓN DE PROVEEDORES,303N,2,797,5,10788885VIL,3338303N2797,AGOSTO,N,PRC,III,PRESENCIAL,(SABADO),(PRE 19:00-22:45),ASIGNADO,,
3339,10788885,VILLAVICENCIO DURAND EDGAR ABRAHAM,VIRTUAL,NUEVAS TENDENCIAS EN ADMINISTRACIÓN DE NEGOCIOS INTERNACIONALES,C01N,1,242,2,10788885VIL,3339C01N1242,AGOSTO,N,VIRTUAL,I,VIRTUAL,(LUNES),(VIR 19:00-20:30),ASIGNADO,,
3338,47491265,VILLAVICENCIO HARO JOSE LUIS,VIRTUAL,DIBUJO DIGITAL VECTORIAL,129M,2,,10,47491265VIL,3338129M2,AGOSTO,M,VIRTUAL,I,VIRTUAL,(LUNES)(SABADO),(VIR 07:00-10:45)(VIR 07:00-10:45),ASIGNADO,,PTP
3338,47491265,VILLAVICENCIO HARO JOSE LUIS,VIRTUAL,AUDITORÍA Y ESTRATEGIAS DE MARCA,425M,1,1130,8,47491265VIL,3338425M11130,AGOSTO,M,VIRTUAL,IV,VIRTUAL,(LUNES)(MIÉRCOLES),(VIR 07:45-10:45)(VIR 07:45-10:45),ASIGNADO,,
3338,47491265,VILLAVICENCIO HARO JOSE LUIS,VIRTUAL,CULTURA VISUAL,128N,1,1964,10,47491265VIL,3338128N11964,AGOSTO,N,VIRTUAL,I,VIRTUAL,(MARTES)(JUEVES),(VIR 19:00-22:45)(VIR 19:00-22:45),ASIGNADO,,
3338,47491265,VILLAVICENCIO HARO JOSE LUIS,VIRTUAL,CULTURA VISUAL,105N,2,1957,10,47491265VIL,3338105N21957,AGOSTO,N,VIRTUAL,I,VIRTUAL,(MIÉRCOLES)(VIERNES),(VIR 19:00-22:45)(VIR 19:00-22:45),ASIGNADO,,
3338,7493324,VILLEGAS SALAZAR ROSARIO MIRELLA,NOR,EVALUACIÓN DE CRÉDITOS,409M,2,944,10,7493324VIL,3338409M2944,AGOSTO,M,NOR,IV,PRESENCIAL,(LUNES)(SABADO),(PRE 07:00-10:45)(PRE 07:00-10:45),ASIGNADO,,PTC IN
3338,7493324,VILLEGAS SALAZAR ROSARIO MIRELLA,SJL,EXPERIENCIA FORMATIVA EN SITUACIÓN REAL DE TRABAJO,421M,2,966,2,7493324VIL,3338421M2966,AGOSTO,M,SJL,IV,PRESENCIAL,(MARTES),(PRE 07:00-08:30),ASIGNADO,,PTC IN
3338,7493324,VILLEGAS SALAZAR ROSARIO MIRELLA,SJL,FINANZAS INTERNACIONALES,622M,1,1481,10,7493324VIL,3338622M11481,AGOSTO,M,SJL,VI,PRESENCIAL,(JUEVES)(SABADO),(PRE 07:00-10:45)(PRE 07:00-10:45),ASIGNADO,,PTC IN
3338,7493324,VILLEGAS SALAZAR ROSARIO MIRELLA,SJL,EXPERIENCIA FORMATIVA EN SITUACIÓN REAL DE TRABAJO,422M,2,967,2,7493324VIL,3338422M2967,AGOSTO,M,SJL,IV,PRESENCIAL,(VIERNES),(PRE 08:30-10:00),ASIGNADO,,
3338,7493324,VILLEGAS SALAZAR ROSARIO MIRELLA,NOR,EVALUACIÓN DE CRÉDITOS,403T,1,,10,7493324VIL,3338403T1,AGOSTO,T,NOR,IV,PRESENCIAL,(MIÉRCOLES)(SABADO),(PRE 14:30-18:15)(PRE 14:30-18:15),ASIGNADO,,
3338,7493324,VILLEGAS SALAZAR ROSARIO MIRELLA,NOR,EXPERIENCIA FORMATIVA EN SITUACIÓN REAL DE TRABAJO,403T,2,956,2,7493324VIL,3338403T2956,AGOSTO,T,NOR,IV,PRESENCIAL,(MARTES),(PRE 16:00-17:30),ASIGNADO,,
3338,7493324,VILLEGAS SALAZAR ROSARIO MIRELLA,NOR,ANÁLISIS DE LA INFORMACIÓN FINANCIERA,308N,2,,12,7493324VIL,3338308N2,AGOSTO,N,NOR,III,PRESENCIAL,(LUNES)(SABADO),(PRE 18:15-22:45)(PRE 18:15-22:45),ASIGNADO,,
3338,7493324,VILLEGAS SALAZAR ROSARIO MIRELLA,NOR,EVALUACIÓN DE CRÉDITOS,407N,1,,10,7493324VIL,3338407N1,AGOSTO,N,NOR,IV,PRESENCIAL,(LUNES)(MIÉRCOLES),(PRE 19:00-22:45)(PRE 19:00-22:45),ASIGNADO,,
3338,7493324,VILLEGAS SALAZAR ROSARIO MIRELLA,VIRTUAL,EXPERIENCIA FORMATIVA EN SITUACIÓN REAL DE TRABAJO,416N,2,350,2,7493324VIL,3338416N2350,AGOSTO,N,VIRTUAL,IV,VIRTUAL,(MIÉRCOLES),(VIR 20:30-22:00),ASIGNADO,,
3338,40828598,VIZCARRA BENAVENTE RONALD MAURICIO,VIRTUAL,PROYECTO INTEGRADOR DE DISEÑO,629M,2,434,8,40828598VIZ,3338629M2434,AGOSTO,M,VIRTUAL,VI,VIRTUAL,(MIÉRCOLES)(VIERNES),(VIR 07:00-10:00)(VIR 07:00-10:00),ASIGNADO,,PPH
3338,40828598,VIZCARRA BENAVENTE RONALD MAURICIO,AQP,PROYECTO INTEGRADOR DE DISEÑO-DNI,621M,2,1659,8,40828598VIZ,3338621M21659,AGOSTO,M,AQP,VI,PRESENCIAL,(MARTES)(JUEVES),(PRE 07:45-10:45)(PRE 07:45-10:45),ASIGNADO,,
3338,40828598,VIZCARRA BENAVENTE RONALD MAURICIO,VIRTUAL,AUDITORÍA Y ESTRATEGIAS DE MARCA,410N,1,1129,8,40828598VIZ,3338410N11129,AGOSTO,N,VIRTUAL,IV,VIRTUAL,(LUNES)(MIÉRCOLES),(VIR 19:45-22:45)(VIR 19:45-22:45),ASIGNADO,,
3338,25330901,WARTHON POLO MARTHA VERONICA,NOR,PLANEAMIENTO ESTRATÉGICO,506N,1,1172,12,25330901WAR,3338506N11172,AGOSTO,N,NOR,V,PRESENCIAL,(LUNES)(JUEVES),(PRE 18:15-22:45)(PRE 18:15-22:45),ASIGNADO,,
3338,10234238,YACTAYO OJEDA LUIS,VES,INGLÉS PARA LA COMUNICACIÓN EN LOS NEGOCIOS,320M,1,2103,12,10234238YAC,3338320M12103,AGOSTO,M,VES,III,PRESENCIAL,(LUNES)(JUEVES),(PRE 07:00-11:30)(PRE 07:00-11:30),ASIGNADO,,PPH
3338,10234238,YACTAYO OJEDA LUIS,VES,INGLÉS APLICADO A PROYECTOS EMPRESARIALES,431M,2,2114,12,10234238YAC,3338431M22114,AGOSTO,M,VES,IV,PRESENCIAL,(MIÉRCOLES)(VIERNES),(PRE 07:00-11:30)(PRE 07:00-11:30),ASIGNADO,,PPH
3338,9094981,YAHUANA OJEDA URSULA ESPERANZA,VIRTUAL,CONTABILIDAD,227N,1,370,4,9094981YAH,3338227N1370,AGOSTO,N,VIRTUAL,II,VIRTUAL,(SABADO),(VIR 19:00-22:00),ASIGNADO,,
3340,7760896,YAIPEN PASSALACQUA CESAR AUGUSTO,PRC,DESARROLLO Y SOPORTE DE APLICACIONES MULTIPLATAFORMA,206M,2,,10,7760896YAI,3340206M2,AGOSTO,M,PRC,II,PRESENCIAL,(LUNES)(MIÉRCOLES),(PRE 07:00-10:45)(PRE 07:00-10:45),ASIGNADO,,PTC IN
3340,7760896,YAIPEN PASSALACQUA CESAR AUGUSTO,VES,ALGORITMOS PARA LA SOLUCIÓN DE PROBLEMAS,225M,1,,10,7760896YAI,3340225M1,AGOSTO,M,VES,II,PRESENCIAL,(MARTES)(VIERNES),(PRE 07:00-10:45)(PRE 07:00-10:45),ASIGNADO,,PTC IN
3340,7760896,YAIPEN PASSALACQUA CESAR AUGUSTO,PRC,FUNDAMENTOS DE DESARROLLO DE SOFTWARE,104M,2,,10,7760896YAI,3340104M2,AGOSTO,M,PRC,I,PRESENCIAL,(MARTES)(JUEVES),(PRE 07:00-10:45)(PRE 07:00-10:45),ASIGNADO,,PTC IN
3340,7760896,YAIPEN PASSALACQUA CESAR AUGUSTO,PRC,DESARROLLO Y SOPORTE DE APLICACIONES MULTIPLATAFORMA,205M,1,,10,7760896YAI,3340205M1,AGOSTO,M,PRC,II,PRESENCIAL,(JUEVES)(SABADO),(PRE 07:00-10:45)(PRE 07:00-10:45),ASIGNADO,,PTC IN
3340,7760896,YAIPEN PASSALACQUA CESAR AUGUSTO,PRC,ALGORITMOS PARA LA SOLUCIÓN DE PROBLEMAS,203N,1,,10,7760896YAI,3340203N1,AGOSTO,N,PRC,II,PRESENCIAL,(LUNES)(MIÉRCOLES),(PRE 19:00-22:45)(PRE 19:00-22:45),ASIGNADO,,
3338,46147609,YAYA PORRAS ERIKA YESENIA,VIRTUAL,INGLÉS APLICADO A PROYECTOS EMPRESARIALES,406M,2,925,6,46147609YAY,3338406M2925,AGOSTO,M,VIRTUAL,IV,VIRTUAL,(LUNES),(VIR 07:00-11:30),ASIGNADO,,PTC
3338,46147609,YAYA PORRAS ERIKA YESENIA,VIRTUAL,INGLÉS PARA LA COMUNICACIÓN EN LOS NEGOCIOS,316M,1,829,8,46147609YAY,3338316M1829,AGOSTO,M,VIRTUAL,III,VIRTUAL,(LUNES)(VIERNES),(VIR 07:00-10:00)(VIR 07:00-10:00),ASIGNADO,,PTC
3338,46147609,YAYA PORRAS ERIKA YESENIA,ATE,INGLÉS APLICADO A PROYECTOS EMPRESARIALES,408M,2,1044,12,46147609YAY,3338408M21044,AGOSTO,M,ATE,IV,PRESENCIAL,(MARTES)(VIERNES),(PRE 07:00-11:30)(PRE 07:00-11:30),ASIGNADO,,PTC
3338,46147609,YAYA PORRAS ERIKA YESENIA,VIRTUAL,INGLÉS PARA LA COMUNICACIÓN EN LOS NEGOCIOS,317M,1,855,8,46147609YAY,3338317M1855,AGOSTO,M,VIRTUAL,III,VIRTUAL,(MARTES)(JUEVES),(VIR 07:00-10:00)(VIR 07:00-10:00),ASIGNADO,,PTC
3338,46147609,YAYA PORRAS ERIKA YESENIA,ATE,INGLÉS PARA LA COMUNICACIÓN EN LOS NEGOCIOS,304M,1,774,12,46147609YAY,3338304M1774,AGOSTO,M,ATE,III,PRESENCIAL,(MIÉRCOLES)(SABADO),(PRE 07:00-11:30)(PRE 07:00-11:30),ASIGNADO,,PTC
3338,46147609,YAYA PORRAS ERIKA YESENIA,VIRTUAL,INGLÉS APLICADO A PROYECTOS EMPRESARIALES,426M,2,934,6,46147609YAY,3338426M2934,AGOSTO,M,VIRTUAL,IV,VIRTUAL,(MIÉRCOLES)(SABADO),(VIR 07:00-09:15)(VIR 07:00-09:15),ASIGNADO,,PTC
3338,46147609,YAYA PORRAS ERIKA YESENIA,VIRTUAL,INGLÉS APLICADO A PROYECTOS EMPRESARIALES,421M,2,932,6,46147609YAY,3338421M2932,AGOSTO,M,VIRTUAL,IV,VIRTUAL,(JUEVES),(VIR 07:00-11:30),ASIGNADO,,PTC
3338,8133862,YBARRA MAGUIÑA CARLOS SANTIAGO,NOR,CONTABILIDAD,212M,1,518,10,8133862YBA,3338212M1518,AGOSTO,M,NOR,II,PRESENCIAL,(MARTES)(VIERNES),(PRE 07:00-10:45)(PRE 07:00-10:45),ASIGNADO,,PTC
3338,8133862,YBARRA MAGUIÑA CARLOS SANTIAGO,NOR,CONTABILIDAD SUPERIOR,213M,2,589,10,8133862YBA,3338213M2589,AGOSTO,M,NOR,II,PRESENCIAL,(MARTES)(VIERNES),(PRE 07:00-10:45)(PRE 07:00-10:45),ASIGNADO,,PTC
3338,8133862,YBARRA MAGUIÑA CARLOS SANTIAGO,NOR,DINÁMICA DEL PLAN CONTABLE,115M,1,1981,10,8133862YBA,3338115M11981,AGOSTO,M,NOR,I,PRESENCIAL,(MIÉRCOLES)(SABADO),(PRE 07:00-10:45)(PRE 07:00-10:45),ASIGNADO,,PTC
3338,8133862,YBARRA MAGUIÑA CARLOS SANTIAGO,NOR,CONTABILIDAD SUPERIOR,210N,2,587,10,8133862YBA,3338210N2587,AGOSTO,N,NOR,II,PRESENCIAL,(LUNES)(MIÉRCOLES),(PRE 19:00-22:45)(PRE 19:00-22:45),ASIGNADO,,
3338,8133862,YBARRA MAGUIÑA CARLOS SANTIAGO,NOR,DINÁMICA DEL PLAN CONTABLE,118N,2,1984,10,8133862YBA,3338118N21984,AGOSTO,N,NOR,I,PRESENCIAL,(MARTES)(VIERNES),(PRE 19:00-22:45)(PRE 19:00-22:45),ASIGNADO,,
3338,8133862,YBARRA MAGUIÑA CARLOS SANTIAGO,NOR,CONTABILIDAD,208N,1,515,10,8133862YBA,3338208N1515,AGOSTO,N,NOR,II,PRESENCIAL,(MIÉRCOLES)(VIERNES),(PRE 19:00-22:45)(PRE 19:00-22:45),ASIGNADO,,
3338,6808845,YUPANQUI GARCIA ROBERTO DASIO,ATE,FUNDAMENTOS DE LA BANCA COMERCIAL,107M,1,1839,10,6808845YUP,3338107M11839,AGOSTO,M,ATE,I,PRESENCIAL,(LUNES)(VIERNES),(PRE 07:00-10:45)(PRE 07:00-10:45),ASIGNADO,,PTD
3338,6808845,YUPANQUI GARCIA ROBERTO DASIO,VIRTUAL,DISEÑO DE NEGOCIOS DIGITALES PARA EL SECTOR FINANCIERO,627M,1,357,5,6808845YUP,3338627M1357,AGOSTO,M,VIRTUAL,VI,VIRTUAL,(MARTES),(VIR 07:00-10:45),ASIGNADO,,PTD
3338,6808845,YUPANQUI GARCIA ROBERTO DASIO,ATE,EXPERIENCIA FORMATIVA EN SITUACIÓN REAL DE TRABAJO,608M,2,1322,2,6808845YUP,3338608M21322,AGOSTO,M,ATE,VI,PRESENCIAL,(MARTES),(PRE 07:00-08:30),ASIGNADO,,PTD
3338,6808845,YUPANQUI GARCIA ROBERTO DASIO,VIRTUAL,TOMA DE DECISIONES ESTRATÉGICAS,N11M,1,,5,6808845YUP,3338N11M1,AGOSTO,M,VIRTUAL,VI,VIRTUAL,(MIÉRCOLES),(VIR 07:00-10:45),ASIGNADO,,PTD
3338,6808845,YUPANQUI GARCIA ROBERTO DASIO,ATE,ANÁLISIS DE LA INFORMACIÓN FINANCIERA,303M,2,747,12,6808845YUP,3338303M2747,AGOSTO,M,ATE,III,PRESENCIAL,(MIÉRCOLES)(VIERNES),(PRE 07:00-11:30)(PRE 07:00-11:30),ASIGNADO,,PTD
3338,6808845,YUPANQUI GARCIA ROBERTO DASIO,ATE,EXPERIENCIA DEL CLIENTE,209M,1,563,10,6808845YUP,3338209M1563,AGOSTO,M,ATE,II,PRESENCIAL,(JUEVES)(SABADO),(PRE 07:00-10:45)(PRE 07:00-10:45),ASIGNADO,,PTD
3338,6808845,YUPANQUI GARCIA ROBERTO DASIO,ATE,EXPERIENCIA DEL CLIENTE,210M,2,607,10,6808845YUP,3338210M2607,AGOSTO,M,ATE,II,PRESENCIAL,(JUEVES)(SABADO),(PRE 07:00-10:45)(PRE 07:00-10:45),ASIGNADO,,PTD
3338,6808845,YUPANQUI GARCIA ROBERTO DASIO,ATE,BANCA COMERCIAL,205N,2,500,10,6808845YUP,3338205N2500,AGOSTO,N,ATE,II,PRESENCIAL,(LUNES)(JUEVES),(PRE 19:00-22:45)(PRE 19:00-22:45),ASIGNADO,,
3338,6808845,YUPANQUI GARCIA ROBERTO DASIO,ATE,EXPERIENCIA DEL CLIENTE,205N,1,539,10,6808845YUP,3338205N1539,AGOSTO,N,ATE,II,PRESENCIAL,(MARTES)(JUEVES),(PRE 19:00-22:45)(PRE 19:00-22:45),ASIGNADO,,
3338,6808845,YUPANQUI GARCIA ROBERTO DASIO,ATE,EXPERIENCIA FORMATIVA EN SITUACIÓN REAL DE TRABAJO,604N,2,,2,6808845YUP,3338604N2,AGOSTO,N,ATE,VI,PRESENCIAL,(MIÉRCOLES),(PRE 19:00-20:30),ASIGNADO,,
3338,6808845,YUPANQUI GARCIA ROBERTO DASIO,ATE,EXPERIENCIA FORMATIVA EN SITUACIÓN REAL DE TRABAJO,205N,2,526,2,6808845YUP,3338205N2526,AGOSTO,N,ATE,II,PRESENCIAL,(VIERNES),(PRE 19:00-20:30),ASIGNADO,,
3338,72851019,YUPANQUI LEIVA KATHERINE CONSUELO,VES,CONTROL DE DESPACHO,230N,1,2088,10,72851019YUP,3338230N12088,AGOSTO,N,VES,II,PRESENCIAL,(MARTES)(JUEVES),(PRE 18:15-22:45)(PRE 19:00-22:00),ASIGNADO,,
3338,72851019,YUPANQUI LEIVA KATHERINE CONSUELO,VES,ESTRTEGIAS DE COMERCIO INTERNACIONAL,625N,2,2119,8,72851019YUP,3338625N22119,AGOSTO,N,VES,VI,PRESENCIAL,(MARTES)(JUEVES),(PRE 19:00-22:00)(PRE 19:00-22:00),ASIGNADO,,
3338,72851019,YUPANQUI LEIVA KATHERINE CONSUELO,VES,OPERATIVIDAD ADUANERA,230N,1,2097,10,72851019YUP,3338230N12097,AGOSTO,N,VES,II,PRESENCIAL,(MIÉRCOLES)(VIERNES),(PRE 19:00-22:45)(PRE 19:00-22:45),ASIGNADO,,
3338,41617521,YUPANQUI VILLEGAS CLAUDIA,NOR,TÉCNICAS Y ESTILOS GRÁFICOS,217M,2,725,10,41617521YUP,3338217M2725,AGOSTO,M,NOR,II,PRESENCIAL,(LUNES)(MIÉRCOLES),(PRE 07:00-10:45)(PRE 07:00-10:45),ASIGNADO,,PPH
3338,41617521,YUPANQUI VILLEGAS CLAUDIA,NOR,COMPOSICIÓN Y COLOR,127M,1,1953,12,41617521YUP,3338127M11953,AGOSTO,M,NOR,I,PRESENCIAL,(LUNES)(MIÉRCOLES)(VIERNES),(PRE 07:45-10:45)(PRE 07:45-10:45)(PRE 07:45-10:45),ASIGNADO,,
3338,48104144,ZACARIAS CHIHUAN FABIAN HEDU,VES,FINANZAS INTERNACIONALES,625N,2,2125,10,48104144ZAC,3338625N22125,AGOSTO,N,VES,VI,PRESENCIAL,(MIÉRCOLES)(VIERNES),(PRE 19:00-22:45)(PRE 19:00-22:45),ASIGNADO,,
3338,70326563,ZAPANA VIZCARRA LUZMILA DINA,NOR,GESTIÓN ADUANERA,412M,1,,10,70326563ZAP,3338412M1,AGOSTO,M,NOR,IV,PRESENCIAL,(LUNES)(VIERNES),(PRE 07:00-10:45)(PRE 07:00-10:45),ASIGNADO,,PTP
3338,70326563,ZAPANA VIZCARRA LUZMILA DINA,NOR,CONTROL DE DESPACHO,215M,2,622,10,70326563ZAP,3338215M2622,AGOSTO,M,NOR,II,PRESENCIAL,(LUNES)(MIÉRCOLES),(PRE 07:00-11:30)(PRE 07:00-10:00),ASIGNADO,,PTP
3338,70326563,ZAPANA VIZCARRA LUZMILA DINA,NOR,CONTROL DE DESPACHO,214M,2,621,10,70326563ZAP,3338214M2621,AGOSTO,M,NOR,II,PRESENCIAL,(MARTES)(JUEVES),(PRE 07:00-11:30)(PRE 07:00-10:00),ASIGNADO,,PTP
3338,70326563,ZAPANA VIZCARRA LUZMILA DINA,NOR,OPERATIVIDAD PORTUARIA,215M,1,666,10,70326563ZAP,3338215M1666,AGOSTO,M,NOR,II,PRESENCIAL,(MARTES)(JUEVES),(PRE 07:00-10:45)(PRE 07:00-10:45),ASIGNADO,,PTP
3338,70326563,ZAPANA VIZCARRA LUZMILA DINA,NOR,COMERCIO EXTERIOR,115N,2,1922,10,70326563ZAP,3338115N21922,AGOSTO,N,NOR,I,PRESENCIAL,(MIÉRCOLES)(VIERNES),(PRE 19:00-22:45)(PRE 19:00-22:45),ASIGNADO,,
3340,42829436,ZAPATA SANCHEZ MARYSABEL,VIRTUAL,GESTIÓN DE MARCA,309M,2,853,5,42829436ZAP,3340309M2853,AGOSTO,M,VIRTUAL,III,VIRTUAL,(LUNES),(VIR 07:00-10:45),ASIGNADO,,PTC
3340,42829436,ZAPATA SANCHEZ MARYSABEL,VIRTUAL,MODELO DE NEGOCIOS DIGITALES,601M,1,458,5,42829436ZAP,3340601M1458,AGOSTO,M,VIRTUAL,VI,VIRTUAL,(MARTES),(VIR 07:00-10:45),ASIGNADO,,PTC
3340,42829436,ZAPATA SANCHEZ MARYSABEL,VIRTUAL,DISEÑO Y GESTIÓN DE PRODUCTOS,305M,2,565,10,42829436ZAP,3340305M2565,AGOSTO,M,VIRTUAL,III,VIRTUAL,(MARTES)(VIERNES),(VIR 07:00-10:45)(VIR 07:00-10:45),ASIGNADO,,PTC
3340,42829436,ZAPATA SANCHEZ MARYSABEL,VIRTUAL,MARKETING,221M,2,246,4,42829436ZAP,3340221M2246,AGOSTO,M,VIRTUAL,II,VIRTUAL,(MIÉRCOLES),(VIR 07:00-10:00),ASIGNADO,,PTC
3340,42829436,ZAPATA SANCHEZ MARYSABEL,VIRTUAL,COMPORTAMIENTO DEL CONSUMIDOR,217M,1,682,5,42829436ZAP,3340217M1682,AGOSTO,M,VIRTUAL,II,VIRTUAL,(JUEVES),(VIR 07:00-10:45),ASIGNADO,,PTC
3340,42829436,ZAPATA SANCHEZ MARYSABEL,VIRTUAL,ESTRATEGIAS DE FIDELIZACIÓN Y RETENCIÓN DE CLIENTES,508N,1,855,10,42829436ZAP,3340508N1855,AGOSTO,N,VIRTUAL,V,VIRTUAL,(MARTES)(JUEVES),(VIR 19:00-22:45)(VIR 19:00-22:45),ASIGNADO,,
3340,42829436,ZAPATA SANCHEZ MARYSABEL,VIRTUAL,GESTIÓN DE MARCA,306N,2,852,5,42829436ZAP,3340306N2852,AGOSTO,N,VIRTUAL,III,VIRTUAL,(MARTES),(VIR 19:00-22:45),ASIGNADO,,
3340,42829436,ZAPATA SANCHEZ MARYSABEL,VIRTUAL,EXPERIENCIAS FORMATIVAS EN SITUACIONES REALES DE TRABAJO,212N,2,803,2,42829436ZAP,3340212N2803,AGOSTO,N,VIRTUAL,II,VIRTUAL,(MIÉRCOLES),(VIR 19:00-20:30),ASIGNADO,,
3341,42829436,ZAPATA SANCHEZ MARYSABEL,VIRTUAL,FUNDAMENTOS DE MARKETING,102M,1,141,6,42829436ZAP,3341102M1141,AGOSTO,M,VIRTUAL,I,VIRTUAL,(MIÉRCOLES),(VIR 07:00-11:30),ASIGNADO,,PTC
3341,42829436,ZAPATA SANCHEZ MARYSABEL,VIRTUAL,MARKETING,204N,1,100,4,42829436ZAP,3341204N1100,AGOSTO,N,VIRTUAL,II,VIRTUAL,(VIERNES),(VIR 19:00-22:00),ASIGNADO,,
3338,9821570,ZAVALA ESPINOZA PEDRO MARTIN,PRC,EMPRENDIMIENTO: MODELO DE NEGOCIO,403M,1,890,10,9821570ZAV,3338403M1890,AGOSTO,M,PRC,IV,PRESENCIAL,(LUNES)(MIÉRCOLES),(PRE 07:00-10:45)(PRE 07:00-10:45),ASIGNADO,,PTP
3338,9821570,ZAVALA ESPINOZA PEDRO MARTIN,VES,EMPRENDIMIENTO: CREATIVIDAD E INNOVACIÓN,319M,2,2066,10,9821570ZAV,3338319M22066,AGOSTO,M,VES,III,PRESENCIAL,(MIÉRCOLES)(SABADO),(PRE 07:00-10:45)(PRE 07:00-10:45),ASIGNADO,,PTP
3338,9821570,ZAVALA ESPINOZA PEDRO MARTIN,VIRTUAL,EMPRENDIMIENTO: PROYECTO INTEGRADOR,628M,1,401,6,9821570ZAV,3338628M1401,AGOSTO,M,VIRTUAL,VI,VIRTUAL,(JUEVES),(VIR 07:00-11:30),ASIGNADO,,PTP
3338,9821570,ZAVALA ESPINOZA PEDRO MARTIN,VIRTUAL,MODELO DE NEGOCIO,432M,2,2151,4,9821570ZAV,3338432M22151,AGOSTO,M,VIRTUAL,IV,VIRTUAL,(VIERNES),(VIR 07:00-10:00),ASIGNADO,,PTP
3335,42203324,ZAVALAGA BERNEDO PATRICIA,VIRTUAL,COMUNICACIÓN Y GESTIÓN DE LA INFORMACIÓN,104N,2,46,5,42203324ZAV,3335104N246,JUNIO,N,VIRTUAL,I,VIRTUAL,(MIÉRCOLES),(VIR 19:00-22:45),ASIGNADO,,
3338,47323821,ZEA UGARTE ESTELA KATHERIN,AQP,TALLER DE DESARROLLO GRÁFICO,221M,1,,12,47323821ZEA,3338221M1,AGOSTO,M,AQP,II,PRESENCIAL,(MARTES)(SABADO),(PRE 07:00-11:30)(PRE 07:00-11:30),ASIGNADO,,PTC
3338,47323821,ZEA UGARTE ESTELA KATHERIN,VIRTUAL,EXPERIENCIA FORMATIVA EN SITUACIÓN REAL DE TRABAJO,428M,2,426,2,47323821ZEA,3338428M2426,AGOSTO,M,VIRTUAL,IV,VIRTUAL,(MIÉRCOLES),(VIR 07:00-08:30),ASIGNADO,,PTC
3338,47323821,ZEA UGARTE ESTELA KATHERIN,VIRTUAL,EXPERIENCIA FORMATIVA EN SITUACIÓN REAL DE TRABAJO,629M,2,,2,47323821ZEA,3338629M2,AGOSTO,M,VIRTUAL,VI,VIRTUAL,(SABADO),(VIR 07:00-08:30),ASIGNADO,,PTC
3338,47323821,ZEA UGARTE ESTELA KATHERIN,AQP,DISEÑO DE ELEMENTOS VISUALES,311M,1,,4,47323821ZEA,3338311M1,AGOSTO,M,AQP,III,PRESENCIAL,(LUNES),(PRE 07:45-10:45),ASIGNADO,,
3338,47323821,ZEA UGARTE ESTELA KATHERIN,AQP,TALLER DE IDENTIDAD VISUAL,311M,2,,8,47323821ZEA,3338311M2,AGOSTO,M,AQP,III,PRESENCIAL,(MARTES)(JUEVES),(PRE 07:45-10:45)(PRE 07:45-10:45),ASIGNADO,,
3338,47323821,ZEA UGARTE ESTELA KATHERIN,AQP,DISEÑO DE ELEMENTOS VISUALES,311M,1,2012,4,47323821ZEA,3338311M12012,AGOSTO,M,AQP,III,PRESENCIAL,(JUEVES),(PRE 07:45-10:45),ASIGNADO,,
3338,47323821,ZEA UGARTE ESTELA KATHERIN,VIRTUAL,DISEÑO DE EMPAQUES,516N,2,,10,47323821ZEA,3338516N2,AGOSTO,N,VIRTUAL,V,VIRTUAL,(LUNES)(MIÉRCOLES),(VIR 19:00-22:45)(VIR 19:00-22:45),ASIGNADO,,
3342,47323821,ZEA UGARTE ESTELA KATHERIN,AQP,DIBUJO DIGITAL VECTORIAL,102M,,,5,47323821ZEA,3342102M,AGOSTO,M,AQP,I,PRESENCIAL,(VIERNES),(PRE 08:30-12:15),ASIGNADO,,
3340,29292911,ZEGARRA CASTAÑEDA JOSE,VIRTUAL,ADMINISTRACIÓN DE NEGOCIOS,117N,,884,3,29292911ZEG,3340117N884,AGOSTO,N,VIRTUAL,I,VIRTUAL,(MARTES),(VIR 19:00-21:15),ASIGNADO,,
3340,29292911,ZEGARRA CASTAÑEDA JOSE,VIRTUAL,ADMINISTRACIÓN DE NEGOCIOS,113N,2,879,5,29292911ZEG,3340113N2879,AGOSTO,N,VIRTUAL,I,VIRTUAL,(VIERNES),(VIR 19:00-22:45),ASIGNADO,,
3338,45475116,ZEGARRA ESCOBEDO LIZBETH KATHERINE,AQP,CÁLCULO FINANCIERO Y TRIBUTARIO PARA DECLARACIÓN JURADA ANUAL,620M,2,1396,10,45475116ZEG,3338620M21396,AGOSTO,M,AQP,VI,PRESENCIAL,(LUNES)(VIERNES),(PRE 07:00-10:45)(PRE 07:00-10:45),ASIGNADO,,PTP
3338,45475116,ZEGARRA ESCOBEDO LIZBETH KATHERINE,AQP,ANÁLISIS E INTERPRETACIÓN DE ESTADOS FINANCIEROS,620M,2,1381,4,45475116ZEG,3338620M21381,AGOSTO,M,AQP,VI,PRESENCIAL,(MIÉRCOLES),(PRE 07:00-10:00),ASIGNADO,,PTP
3338,45475116,ZEGARRA ESCOBEDO LIZBETH KATHERINE,AQP,ANÁLISIS E INTERPRETACIÓN DE ESTADOS FINANCIEROS,620M,2,,6,45475116ZEG,3338620M2,AGOSTO,M,AQP,VI,PRESENCIAL,(MIÉRCOLES)(SABADO),(PRE 10:00-10:45)(PRE 07:00-10:45),ASIGNADO,,PTP
3338,45475116,ZEGARRA ESCOBEDO LIZBETH KATHERINE,AQP,EXPERIENCIA FORMATIVA EN SITUACIÓN REAL DE TRABAJO,620M,2,1411,2,45475116ZEG,3338620M21411,AGOSTO,M,AQP,,PRESENCIAL,(JUEVES),(PRE 09:15-10:45),ASIGNADO,,
3340,45475116,ZEGARRA ESCOBEDO LIZBETH KATHERINE,AQP,CONTABILIDAD,221M,1,,4,45475116ZEG,3340221M1,AGOSTO,M,AQP,II,PRESENCIAL,(MARTES),(PRE 07:00-10:00),ASIGNADO,,PTP
3340,45475116,ZEGARRA ESCOBEDO LIZBETH KATHERINE,AQP,CONTABILIDAD,220M,1,263,8,45475116ZEG,3340220M1263,AGOSTO,M,AQP,II,PRESENCIAL,(MIÉRCOLES)(SABADO),(PRE 07:00-10:00)(PRE 07:00-10:00),ASIGNADO,,PTP
3340,45475116,ZEGARRA ESCOBEDO LIZBETH KATHERINE,AQP,CONTABILIDAD,221M,1,264,4,45475116ZEG,3340221M1264,AGOSTO,M,AQP,II,PRESENCIAL,(VIERNES),(PRE 07:00-10:00),ASIGNADO,,PTP
3340,45475116,ZEGARRA ESCOBEDO LIZBETH KATHERINE,AQP,CONTABILIDAD,215N,1,261,8,45475116ZEG,3340215N1261,AGOSTO,N,AQP,II,PRESENCIAL,(JUEVES)(VIERNES),(PRE 18:15-21:15)(PRE 18:15-21:15),ASIGNADO,,
3340,18069569,ZEGARRA ESCUDERO HOMERO TEOFILO,VIRTUAL,METODOLOGÍAS ÁGILES PARA LA INNOVACIÓN,406M,1,560,4,18069569ZEG,3340406M1560,AGOSTO,M,VIRTUAL,IV,VIRTUAL,(LUNES),(VIR 07:00-10:00),ASIGNADO,,PTC IN
3340,18069569,ZEGARRA ESCUDERO HOMERO TEOFILO,VIRTUAL,PROYECTO INTEGRADOR,613M,2,604,6,18069569ZEG,3340613M2604,AGOSTO,M,VIRTUAL,VI,VIRTUAL,(MARTES),(VIR 07:00-11:30),ASIGNADO,,PTC IN
3340,18069569,ZEGARRA ESCUDERO HOMERO TEOFILO,VIRTUAL,METODOLOGÍAS ÁGILES PARA LA INNOVACIÓN,404M,2,558,5,18069569ZEG,3340404M2558,AGOSTO,M,VIRTUAL,IV,VIRTUAL,(MIÉRCOLES),(VIR 07:00-10:45),ASIGNADO,,PTC IN
3340,18069569,ZEGARRA ESCUDERO HOMERO TEOFILO,VIRTUAL,METODOLOGÍAS ÁGILES PARA LA INNOVACIÓN,410M,2,562,4,18069569ZEG,3340410M2562,AGOSTO,M,VIRTUAL,IV,VIRTUAL,(VIERNES),(VIR 07:00-10:00),ASIGNADO,,PTC IN
3340,47019648,ZELAYA HERRERA YEICK CARLOS,SJL,INVESTIGACIÓN DE MERCADO,209N,1,693,14,47019648ZEL,3340209N1693,AGOSTO,N,SJL,II,PRESENCIAL,(LUNES)(JUEVES)(SABADO),(PRE 19:00-22:45)(PRE 19:00-22:45)(PRE 19:00-22:00),ASIGNADO,,
3338,6180393,ZEVALLOS DE LAS CASAS JUAN FRANCISCO MARTIN,SJL,INGLÉS PARA LA COMUNICACIÓN EN LOS NEGOCIOS,309N,1,778,12,6180393ZEV,3338309N1778,AGOSTO,N,SJL,III,PRESENCIAL,(LUNES)(JUEVES),(PRE 18:15-22:45)(PRE 18:15-22:45),ASIGNADO,,
3338,6180393,ZEVALLOS DE LAS CASAS JUAN FRANCISCO MARTIN,NOR,INGLÉS APLICADO A PROYECTOS EMPRESARIALES,409N,2,1045,12,6180393ZEV,3338409N21045,AGOSTO,N,NOR,IV,PRESENCIAL,(MIÉRCOLES)(SABADO),(PRE 18:15-22:45)(PRE 18:15-22:45),ASIGNADO,,
3338,45211603,ZUÑIGA LLAMOCA MIGUEL ANGEL,AQP,HERRAMIENTAS DIGITALES PARA LOS NEGOCIOS,218M,1,,10,45211603ZUÑ,3338218M1,AGOSTO,M,AQP,II,PRESENCIAL,(MIÉRCOLES)(SABADO),(PRE 07:00-10:45)(PRE 07:00-10:45),ASIGNADO,,PPH
3340,45211603,ZUÑIGA LLAMOCA MIGUEL ANGEL,VIRTUAL,HERRAMIENTAS DIGITALES E INTELIGENCIA ARTIFICIAL,112M,1,999,6,45211603ZUÑ,3340112M1999,AGOSTO,M,VIRTUAL,I,VIRTUAL,(MARTES)(JUEVES),(VIR 07:00-08:30)(VIR 07:00-10:00),ASIGNADO,,PPH